Copyright 1986-2022 Xilinx, Inc. All Rights Reserved. Copyright 2022-2025 Advanced Micro Devices, Inc. All Rights Reserved.
------------------------------------------------------------------------------------------------------------------------------------------------------------------------------------------------------------------------
| Tool Version : Vivado v.2025.1.1 (win64) Build 6233196 Thu Sep 11 21:27:30 MDT 2025
| Date         : Thu Jan  1 01:58:51 2026
| Host         : kaiden running 64-bit major release  (build 9200)
| Command      : report_timing_summary -max_paths 10 -routable_nets -report_unconstrained -file lab5_timing_summary_routed.rpt -pb lab5_timing_summary_routed.pb -rpx lab5_timing_summary_routed.rpx -warn_on_violation
| Design       : lab5
| Device       : 7z020-clg484
| Speed File   : -1  PRODUCTION 1.12 2019-11-22
| Design State : Routed
------------------------------------------------------------------------------------------------------------------------------------------------------------------------------------------------------------------------

Timing Summary Report

------------------------------------------------------------------------------------------------
| Timer Settings
| --------------
------------------------------------------------------------------------------------------------

  Enable Multi Corner Analysis               :  Yes
  Enable Pessimism Removal                   :  Yes
  Pessimism Removal Resolution               :  Nearest Common Node
  Enable Input Delay Default Clock           :  No
  Enable Preset / Clear Arcs                 :  No
  Disable Flight Delays                      :  No
  Ignore I/O Paths                           :  No
  Timing Early Launch at Borrowing Latches   :  No
  Borrow Time for Max Delay Exceptions       :  Yes
  Merge Timing Exceptions                    :  Yes
  Inter-SLR Compensation                     :  Conservative

  Corner  Analyze    Analyze    
  Name    Max Paths  Min Paths  
  ------  ---------  ---------  
  Slow    Yes        Yes        
  Fast    Yes        Yes        


------------------------------------------------------------------------------------------------
| Report Methodology
| ------------------
------------------------------------------------------------------------------------------------

Rule       Severity  Description                    Violations  
---------  --------  -----------------------------  ----------  
TIMING-18  Warning   Missing input or output delay  12          

Note: This report is based on the most recent report_methodology run and may not be up-to-date. Run report_methodology on the current design for the latest report.



check_timing report

Table of Contents
-----------------
1. checking no_clock (0)
2. checking constant_clock (0)
3. checking pulse_width_clock (0)
4. checking unconstrained_internal_endpoints (0)
5. checking no_input_delay (2)
6. checking no_output_delay (7)
7. checking multiple_clock (0)
8. checking generated_clocks (0)
9. checking loops (0)
10. checking partial_input_delay (0)
11. checking partial_output_delay (0)
12. checking latch_loops (0)

1. checking no_clock (0)
------------------------
 There are 0 register/latch pins with no clock.


2. checking constant_clock (0)
------------------------------
 There are 0 register/latch pins with constant_clock.


3. checking pulse_width_clock (0)
---------------------------------
 There are 0 register/latch pins which need pulse_width check


4. checking unconstrained_internal_endpoints (0)
------------------------------------------------
 There are 0 pins that are not constrained for maximum delay.

 There are 0 pins that are not constrained for maximum delay due to constant clock.


5. checking no_input_delay (2)
------------------------------
 There are 2 input ports with no input delay specified. (HIGH)

 There are 0 input ports with no input delay but user has a false path constraint.


6. checking no_output_delay (7)
-------------------------------
 There are 7 ports with no output delay specified. (HIGH)

 There are 0 ports with no output delay but user has a false path constraint

 There are 0 ports with no output delay but with a timing clock defined on it or propagating through it


7. checking multiple_clock (0)
------------------------------
 There are 0 register/latch pins with multiple clocks.


8. checking generated_clocks (0)
--------------------------------
 There are 0 generated clocks that are not connected to a clock source.


9. checking loops (0)
---------------------
 There are 0 combinational loops in the design.


10. checking partial_input_delay (0)
------------------------------------
 There are 0 input ports with partial input delay specified.


11. checking partial_output_delay (0)
-------------------------------------
 There are 0 ports with partial output delay specified.


12. checking latch_loops (0)
----------------------------
 There are 0 combinational latch loops in the design through latch input



------------------------------------------------------------------------------------------------
| Design Timing Summary
| ---------------------
------------------------------------------------------------------------------------------------

    WNS(ns)      TNS(ns)  TNS Failing Endpoints  TNS Total Endpoints      WHS(ns)      THS(ns)  THS Failing Endpoints  THS Total Endpoints     WPWS(ns)     TPWS(ns)  TPWS Failing Endpoints  TPWS Total Endpoints  
    -------      -------  ---------------------  -------------------      -------      -------  ---------------------  -------------------     --------     --------  ----------------------  --------------------  
     -0.201       -9.417                     99                15132        0.059        0.000                      0                15132        4.500        0.000                       0                  8125  


Timing constraints are not met.


------------------------------------------------------------------------------------------------
| Clock Summary
| -------------
------------------------------------------------------------------------------------------------

Clock        Waveform(ns)       Period(ns)      Frequency(MHz)
-----        ------------       ----------      --------------
sys_clk_pin  {0.000 5.000}      10.000          100.000         


------------------------------------------------------------------------------------------------
| Intra Clock Table
| -----------------
------------------------------------------------------------------------------------------------

Clock             WNS(ns)      TNS(ns)  TNS Failing Endpoints  TNS Total Endpoints      WHS(ns)      THS(ns)  THS Failing Endpoints  THS Total Endpoints     WPWS(ns)     TPWS(ns)  TPWS Failing Endpoints  TPWS Total Endpoints  
-----             -------      -------  ---------------------  -------------------      -------      -------  ---------------------  -------------------     --------     --------  ----------------------  --------------------  
sys_clk_pin        -0.201       -9.417                     99                15132        0.059        0.000                      0                15132        4.500        0.000                       0                  8125  


------------------------------------------------------------------------------------------------
| Inter Clock Table
| -----------------
------------------------------------------------------------------------------------------------

From Clock    To Clock          WNS(ns)      TNS(ns)  TNS Failing Endpoints  TNS Total Endpoints      WHS(ns)      THS(ns)  THS Failing Endpoints  THS Total Endpoints  
----------    --------          -------      -------  ---------------------  -------------------      -------      -------  ---------------------  -------------------  


------------------------------------------------------------------------------------------------
| Other Path Groups Table
| -----------------------
------------------------------------------------------------------------------------------------

Path Group    From Clock    To Clock          WNS(ns)      TNS(ns)  TNS Failing Endpoints  TNS Total Endpoints      WHS(ns)      THS(ns)  THS Failing Endpoints  THS Total Endpoints  
----------    ----------    --------          -------      -------  ---------------------  -------------------      -------      -------  ---------------------  -------------------  


------------------------------------------------------------------------------------------------
| User Ignored Path Table
| -----------------------
------------------------------------------------------------------------------------------------

Path Group    From Clock    To Clock    
----------    ----------    --------    


------------------------------------------------------------------------------------------------
| Unconstrained Path Table
| ------------------------
------------------------------------------------------------------------------------------------

Path Group    From Clock    To Clock    
----------    ----------    --------    
(none)        sys_clk_pin                 
(none)                      sys_clk_pin   


------------------------------------------------------------------------------------------------
| Timing Details
| --------------
------------------------------------------------------------------------------------------------


---------------------------------------------------------------------------------------------------
From Clock:  sys_clk_pin
  To Clock:  sys_clk_pin

Setup :           99  Failing Endpoints,  Worst Slack       -0.201ns,  Total Violation       -9.417ns
Hold  :            0  Failing Endpoints,  Worst Slack        0.059ns,  Total Violation        0.000ns
PW    :            0  Failing Endpoints,  Worst Slack        4.500ns,  Total Violation        0.000ns
---------------------------------------------------------------------------------------------------


Max Delay Paths
--------------------------------------------------------------------------------------
Slack (VIOLATED) :        -0.201ns  (required time - arrival time)
  Source:                 counter_reg[0]_rep__1/C
                            (rising edge-triggered cell FDRE clocked by sys_clk_pin  {rise@0.000ns fall@5.000ns period=10.000ns})
  Destination:            ans_reg[9][0]/CE
                            (rising edge-triggered cell FDRE clocked by sys_clk_pin  {rise@0.000ns fall@5.000ns period=10.000ns})
  Path Group:             sys_clk_pin
  Path Type:              Setup (Max at Slow Process Corner)
  Requirement:            10.000ns  (sys_clk_pin rise@10.000ns - sys_clk_pin rise@0.000ns)
  Data Path Delay:        9.767ns  (logic 2.219ns (22.719%)  route 7.548ns (77.281%))
  Logic Levels:           10  (LUT3=1 LUT5=1 LUT6=6 MUXF7=1 MUXF8=1)
  Clock Path Skew:        -0.230ns (DCD - SCD + CPR)
    Destination Clock Delay (DCD):    4.964ns = ( 14.964 - 10.000 ) 
    Source Clock Delay      (SCD):    5.487ns
    Clock Pessimism Removal (CPR):    0.294ns
  Clock Uncertainty:      0.035ns  ((TSJ^2 + TIJ^2)^1/2 + DJ) / 2 + PE
    Total System Jitter     (TSJ):    0.071ns
    Total Input Jitter      (TIJ):    0.000ns
    Discrete Jitter          (DJ):    0.000ns
    Phase Error              (PE):    0.000ns

    Location             Delay type                Incr(ns)  Path(ns)    Netlist Resource(s)
  -------------------------------------------------------------------    -------------------
                         (clock sys_clk_pin rise edge)
                                                      0.000     0.000 r  
    Y9                                                0.000     0.000 r  clk (IN)
                         net (fo=0)                   0.000     0.000    clk
    Y9                   IBUF (Prop_ibuf_I_O)         1.490     1.490 r  clk_IBUF_inst/O
                         net (fo=1, routed)           2.171     3.661    clk_IBUF
    BUFGCTRL_X0Y0        BUFG (Prop_bufg_I_O)         0.101     3.762 r  clk_IBUF_BUFG_inst/O
                         net (fo=8124, routed)        1.725     5.487    clk_IBUF_BUFG
    SLICE_X69Y13         FDRE                                         r  counter_reg[0]_rep__1/C
  -------------------------------------------------------------------    -------------------
    SLICE_X69Y13         FDRE (Prop_fdre_C_Q)         0.456     5.943 r  counter_reg[0]_rep__1/Q
                         net (fo=125, routed)         1.282     7.225    btn_db0/ans[25][9]_i_95_0
    SLICE_X71Y10         LUT3 (Prop_lut3_I1_O)        0.152     7.377 r  btn_db0/ans[25][9]_i_563/O
                         net (fo=1, routed)           0.860     8.237    btn_db0/ans[25][9]_i_563_n_0
    SLICE_X70Y10         LUT6 (Prop_lut6_I1_O)        0.326     8.563 r  btn_db0/ans[25][9]_i_151/O
                         net (fo=1, routed)           1.011     9.574    btn_db0/ans[25][9]_i_151_n_0
    SLICE_X68Y14         LUT6 (Prop_lut6_I3_O)        0.124     9.698 r  btn_db0/ans[25][9]_i_48/O
                         net (fo=1, routed)           0.886    10.584    btn_db0/ans[25][9]_i_48_n_0
    SLICE_X63Y16         LUT6 (Prop_lut6_I5_O)        0.124    10.708 r  btn_db0/ans[25][9]_i_22/O
                         net (fo=1, routed)           0.000    10.708    btn_db0/ans[25][9]_i_22_n_0
    SLICE_X63Y16         MUXF7 (Prop_muxf7_I1_O)      0.245    10.953 r  btn_db0/ans_reg[25][9]_i_15/O
                         net (fo=1, routed)           0.000    10.953    btn_db0/ans_reg[25][9]_i_15_n_0
    SLICE_X63Y16         MUXF8 (Prop_muxf8_I0_O)      0.104    11.057 r  btn_db0/ans_reg[25][9]_i_9/O
                         net (fo=9, routed)           0.379    11.436    btn_db0/counter_reg[8]_2
    SLICE_X61Y17         LUT6 (Prop_lut6_I5_O)        0.316    11.752 r  btn_db0/ans[25][9]_i_4/O
                         net (fo=184, routed)         1.071    12.823    btn_db0_n_6
    SLICE_X53Y26         LUT5 (Prop_lut5_I3_O)        0.124    12.947 r  ans[10][9]_i_3/O
                         net (fo=6, routed)           0.835    13.782    ans[10][9]_i_3_n_0
    SLICE_X37Y28         LUT6 (Prop_lut6_I1_O)        0.124    13.906 r  ans[8][9]_i_2/O
                         net (fo=4, routed)           0.645    14.551    ans[8][9]_i_2_n_0
    SLICE_X33Y30         LUT6 (Prop_lut6_I2_O)        0.124    14.675 r  ans[9][9]_i_1/O
                         net (fo=10, routed)          0.580    15.254    ans[9][9]_i_1_n_0
    SLICE_X32Y30         FDRE                                         r  ans_reg[9][0]/CE
  -------------------------------------------------------------------    -------------------

                         (clock sys_clk_pin rise edge)
                                                     10.000    10.000 r  
    Y9                                                0.000    10.000 r  clk (IN)
                         net (fo=0)                   0.000    10.000    clk
    Y9                   IBUF (Prop_ibuf_I_O)         1.420    11.420 r  clk_IBUF_inst/O
                         net (fo=1, routed)           1.972    13.392    clk_IBUF
    BUFGCTRL_X0Y0        BUFG (Prop_bufg_I_O)         0.091    13.483 r  clk_IBUF_BUFG_inst/O
                         net (fo=8124, routed)        1.481    14.964    clk_IBUF_BUFG
    SLICE_X32Y30         FDRE                                         r  ans_reg[9][0]/C
                         clock pessimism              0.294    15.258    
                         clock uncertainty           -0.035    15.222    
    SLICE_X32Y30         FDRE (Setup_fdre_C_CE)      -0.169    15.053    ans_reg[9][0]
  -------------------------------------------------------------------
                         required time                         15.053    
                         arrival time                         -15.254    
  -------------------------------------------------------------------
                         slack                                 -0.201    

Slack (VIOLATED) :        -0.201ns  (required time - arrival time)
  Source:                 counter_reg[0]_rep__1/C
                            (rising edge-triggered cell FDRE clocked by sys_clk_pin  {rise@0.000ns fall@5.000ns period=10.000ns})
  Destination:            ans_reg[9][1]/CE
                            (rising edge-triggered cell FDRE clocked by sys_clk_pin  {rise@0.000ns fall@5.000ns period=10.000ns})
  Path Group:             sys_clk_pin
  Path Type:              Setup (Max at Slow Process Corner)
  Requirement:            10.000ns  (sys_clk_pin rise@10.000ns - sys_clk_pin rise@0.000ns)
  Data Path Delay:        9.767ns  (logic 2.219ns (22.719%)  route 7.548ns (77.281%))
  Logic Levels:           10  (LUT3=1 LUT5=1 LUT6=6 MUXF7=1 MUXF8=1)
  Clock Path Skew:        -0.230ns (DCD - SCD + CPR)
    Destination Clock Delay (DCD):    4.964ns = ( 14.964 - 10.000 ) 
    Source Clock Delay      (SCD):    5.487ns
    Clock Pessimism Removal (CPR):    0.294ns
  Clock Uncertainty:      0.035ns  ((TSJ^2 + TIJ^2)^1/2 + DJ) / 2 + PE
    Total System Jitter     (TSJ):    0.071ns
    Total Input Jitter      (TIJ):    0.000ns
    Discrete Jitter          (DJ):    0.000ns
    Phase Error              (PE):    0.000ns

    Location             Delay type                Incr(ns)  Path(ns)    Netlist Resource(s)
  -------------------------------------------------------------------    -------------------
                         (clock sys_clk_pin rise edge)
                                                      0.000     0.000 r  
    Y9                                                0.000     0.000 r  clk (IN)
                         net (fo=0)                   0.000     0.000    clk
    Y9                   IBUF (Prop_ibuf_I_O)         1.490     1.490 r  clk_IBUF_inst/O
                         net (fo=1, routed)           2.171     3.661    clk_IBUF
    BUFGCTRL_X0Y0        BUFG (Prop_bufg_I_O)         0.101     3.762 r  clk_IBUF_BUFG_inst/O
                         net (fo=8124, routed)        1.725     5.487    clk_IBUF_BUFG
    SLICE_X69Y13         FDRE                                         r  counter_reg[0]_rep__1/C
  -------------------------------------------------------------------    -------------------
    SLICE_X69Y13         FDRE (Prop_fdre_C_Q)         0.456     5.943 r  counter_reg[0]_rep__1/Q
                         net (fo=125, routed)         1.282     7.225    btn_db0/ans[25][9]_i_95_0
    SLICE_X71Y10         LUT3 (Prop_lut3_I1_O)        0.152     7.377 r  btn_db0/ans[25][9]_i_563/O
                         net (fo=1, routed)           0.860     8.237    btn_db0/ans[25][9]_i_563_n_0
    SLICE_X70Y10         LUT6 (Prop_lut6_I1_O)        0.326     8.563 r  btn_db0/ans[25][9]_i_151/O
                         net (fo=1, routed)           1.011     9.574    btn_db0/ans[25][9]_i_151_n_0
    SLICE_X68Y14         LUT6 (Prop_lut6_I3_O)        0.124     9.698 r  btn_db0/ans[25][9]_i_48/O
                         net (fo=1, routed)           0.886    10.584    btn_db0/ans[25][9]_i_48_n_0
    SLICE_X63Y16         LUT6 (Prop_lut6_I5_O)        0.124    10.708 r  btn_db0/ans[25][9]_i_22/O
                         net (fo=1, routed)           0.000    10.708    btn_db0/ans[25][9]_i_22_n_0
    SLICE_X63Y16         MUXF7 (Prop_muxf7_I1_O)      0.245    10.953 r  btn_db0/ans_reg[25][9]_i_15/O
                         net (fo=1, routed)           0.000    10.953    btn_db0/ans_reg[25][9]_i_15_n_0
    SLICE_X63Y16         MUXF8 (Prop_muxf8_I0_O)      0.104    11.057 r  btn_db0/ans_reg[25][9]_i_9/O
                         net (fo=9, routed)           0.379    11.436    btn_db0/counter_reg[8]_2
    SLICE_X61Y17         LUT6 (Prop_lut6_I5_O)        0.316    11.752 r  btn_db0/ans[25][9]_i_4/O
                         net (fo=184, routed)         1.071    12.823    btn_db0_n_6
    SLICE_X53Y26         LUT5 (Prop_lut5_I3_O)        0.124    12.947 r  ans[10][9]_i_3/O
                         net (fo=6, routed)           0.835    13.782    ans[10][9]_i_3_n_0
    SLICE_X37Y28         LUT6 (Prop_lut6_I1_O)        0.124    13.906 r  ans[8][9]_i_2/O
                         net (fo=4, routed)           0.645    14.551    ans[8][9]_i_2_n_0
    SLICE_X33Y30         LUT6 (Prop_lut6_I2_O)        0.124    14.675 r  ans[9][9]_i_1/O
                         net (fo=10, routed)          0.580    15.254    ans[9][9]_i_1_n_0
    SLICE_X32Y30         FDRE                                         r  ans_reg[9][1]/CE
  -------------------------------------------------------------------    -------------------

                         (clock sys_clk_pin rise edge)
                                                     10.000    10.000 r  
    Y9                                                0.000    10.000 r  clk (IN)
                         net (fo=0)                   0.000    10.000    clk
    Y9                   IBUF (Prop_ibuf_I_O)         1.420    11.420 r  clk_IBUF_inst/O
                         net (fo=1, routed)           1.972    13.392    clk_IBUF
    BUFGCTRL_X0Y0        BUFG (Prop_bufg_I_O)         0.091    13.483 r  clk_IBUF_BUFG_inst/O
                         net (fo=8124, routed)        1.481    14.964    clk_IBUF_BUFG
    SLICE_X32Y30         FDRE                                         r  ans_reg[9][1]/C
                         clock pessimism              0.294    15.258    
                         clock uncertainty           -0.035    15.222    
    SLICE_X32Y30         FDRE (Setup_fdre_C_CE)      -0.169    15.053    ans_reg[9][1]
  -------------------------------------------------------------------
                         required time                         15.053    
                         arrival time                         -15.254    
  -------------------------------------------------------------------
                         slack                                 -0.201    

Slack (VIOLATED) :        -0.201ns  (required time - arrival time)
  Source:                 counter_reg[0]_rep__1/C
                            (rising edge-triggered cell FDRE clocked by sys_clk_pin  {rise@0.000ns fall@5.000ns period=10.000ns})
  Destination:            ans_reg[9][5]/CE
                            (rising edge-triggered cell FDRE clocked by sys_clk_pin  {rise@0.000ns fall@5.000ns period=10.000ns})
  Path Group:             sys_clk_pin
  Path Type:              Setup (Max at Slow Process Corner)
  Requirement:            10.000ns  (sys_clk_pin rise@10.000ns - sys_clk_pin rise@0.000ns)
  Data Path Delay:        9.767ns  (logic 2.219ns (22.719%)  route 7.548ns (77.281%))
  Logic Levels:           10  (LUT3=1 LUT5=1 LUT6=6 MUXF7=1 MUXF8=1)
  Clock Path Skew:        -0.230ns (DCD - SCD + CPR)
    Destination Clock Delay (DCD):    4.964ns = ( 14.964 - 10.000 ) 
    Source Clock Delay      (SCD):    5.487ns
    Clock Pessimism Removal (CPR):    0.294ns
  Clock Uncertainty:      0.035ns  ((TSJ^2 + TIJ^2)^1/2 + DJ) / 2 + PE
    Total System Jitter     (TSJ):    0.071ns
    Total Input Jitter      (TIJ):    0.000ns
    Discrete Jitter          (DJ):    0.000ns
    Phase Error              (PE):    0.000ns

    Location             Delay type                Incr(ns)  Path(ns)    Netlist Resource(s)
  -------------------------------------------------------------------    -------------------
                         (clock sys_clk_pin rise edge)
                                                      0.000     0.000 r  
    Y9                                                0.000     0.000 r  clk (IN)
                         net (fo=0)                   0.000     0.000    clk
    Y9                   IBUF (Prop_ibuf_I_O)         1.490     1.490 r  clk_IBUF_inst/O
                         net (fo=1, routed)           2.171     3.661    clk_IBUF
    BUFGCTRL_X0Y0        BUFG (Prop_bufg_I_O)         0.101     3.762 r  clk_IBUF_BUFG_inst/O
                         net (fo=8124, routed)        1.725     5.487    clk_IBUF_BUFG
    SLICE_X69Y13         FDRE                                         r  counter_reg[0]_rep__1/C
  -------------------------------------------------------------------    -------------------
    SLICE_X69Y13         FDRE (Prop_fdre_C_Q)         0.456     5.943 r  counter_reg[0]_rep__1/Q
                         net (fo=125, routed)         1.282     7.225    btn_db0/ans[25][9]_i_95_0
    SLICE_X71Y10         LUT3 (Prop_lut3_I1_O)        0.152     7.377 r  btn_db0/ans[25][9]_i_563/O
                         net (fo=1, routed)           0.860     8.237    btn_db0/ans[25][9]_i_563_n_0
    SLICE_X70Y10         LUT6 (Prop_lut6_I1_O)        0.326     8.563 r  btn_db0/ans[25][9]_i_151/O
                         net (fo=1, routed)           1.011     9.574    btn_db0/ans[25][9]_i_151_n_0
    SLICE_X68Y14         LUT6 (Prop_lut6_I3_O)        0.124     9.698 r  btn_db0/ans[25][9]_i_48/O
                         net (fo=1, routed)           0.886    10.584    btn_db0/ans[25][9]_i_48_n_0
    SLICE_X63Y16         LUT6 (Prop_lut6_I5_O)        0.124    10.708 r  btn_db0/ans[25][9]_i_22/O
                         net (fo=1, routed)           0.000    10.708    btn_db0/ans[25][9]_i_22_n_0
    SLICE_X63Y16         MUXF7 (Prop_muxf7_I1_O)      0.245    10.953 r  btn_db0/ans_reg[25][9]_i_15/O
                         net (fo=1, routed)           0.000    10.953    btn_db0/ans_reg[25][9]_i_15_n_0
    SLICE_X63Y16         MUXF8 (Prop_muxf8_I0_O)      0.104    11.057 r  btn_db0/ans_reg[25][9]_i_9/O
                         net (fo=9, routed)           0.379    11.436    btn_db0/counter_reg[8]_2
    SLICE_X61Y17         LUT6 (Prop_lut6_I5_O)        0.316    11.752 r  btn_db0/ans[25][9]_i_4/O
                         net (fo=184, routed)         1.071    12.823    btn_db0_n_6
    SLICE_X53Y26         LUT5 (Prop_lut5_I3_O)        0.124    12.947 r  ans[10][9]_i_3/O
                         net (fo=6, routed)           0.835    13.782    ans[10][9]_i_3_n_0
    SLICE_X37Y28         LUT6 (Prop_lut6_I1_O)        0.124    13.906 r  ans[8][9]_i_2/O
                         net (fo=4, routed)           0.645    14.551    ans[8][9]_i_2_n_0
    SLICE_X33Y30         LUT6 (Prop_lut6_I2_O)        0.124    14.675 r  ans[9][9]_i_1/O
                         net (fo=10, routed)          0.580    15.254    ans[9][9]_i_1_n_0
    SLICE_X32Y30         FDRE                                         r  ans_reg[9][5]/CE
  -------------------------------------------------------------------    -------------------

                         (clock sys_clk_pin rise edge)
                                                     10.000    10.000 r  
    Y9                                                0.000    10.000 r  clk (IN)
                         net (fo=0)                   0.000    10.000    clk
    Y9                   IBUF (Prop_ibuf_I_O)         1.420    11.420 r  clk_IBUF_inst/O
                         net (fo=1, routed)           1.972    13.392    clk_IBUF
    BUFGCTRL_X0Y0        BUFG (Prop_bufg_I_O)         0.091    13.483 r  clk_IBUF_BUFG_inst/O
                         net (fo=8124, routed)        1.481    14.964    clk_IBUF_BUFG
    SLICE_X32Y30         FDRE                                         r  ans_reg[9][5]/C
                         clock pessimism              0.294    15.258    
                         clock uncertainty           -0.035    15.222    
    SLICE_X32Y30         FDRE (Setup_fdre_C_CE)      -0.169    15.053    ans_reg[9][5]
  -------------------------------------------------------------------
                         required time                         15.053    
                         arrival time                         -15.254    
  -------------------------------------------------------------------
                         slack                                 -0.201    

Slack (VIOLATED) :        -0.201ns  (required time - arrival time)
  Source:                 counter_reg[0]_rep__1/C
                            (rising edge-triggered cell FDRE clocked by sys_clk_pin  {rise@0.000ns fall@5.000ns period=10.000ns})
  Destination:            ans_reg[9][6]/CE
                            (rising edge-triggered cell FDRE clocked by sys_clk_pin  {rise@0.000ns fall@5.000ns period=10.000ns})
  Path Group:             sys_clk_pin
  Path Type:              Setup (Max at Slow Process Corner)
  Requirement:            10.000ns  (sys_clk_pin rise@10.000ns - sys_clk_pin rise@0.000ns)
  Data Path Delay:        9.767ns  (logic 2.219ns (22.719%)  route 7.548ns (77.281%))
  Logic Levels:           10  (LUT3=1 LUT5=1 LUT6=6 MUXF7=1 MUXF8=1)
  Clock Path Skew:        -0.230ns (DCD - SCD + CPR)
    Destination Clock Delay (DCD):    4.964ns = ( 14.964 - 10.000 ) 
    Source Clock Delay      (SCD):    5.487ns
    Clock Pessimism Removal (CPR):    0.294ns
  Clock Uncertainty:      0.035ns  ((TSJ^2 + TIJ^2)^1/2 + DJ) / 2 + PE
    Total System Jitter     (TSJ):    0.071ns
    Total Input Jitter      (TIJ):    0.000ns
    Discrete Jitter          (DJ):    0.000ns
    Phase Error              (PE):    0.000ns

    Location             Delay type                Incr(ns)  Path(ns)    Netlist Resource(s)
  -------------------------------------------------------------------    -------------------
                         (clock sys_clk_pin rise edge)
                                                      0.000     0.000 r  
    Y9                                                0.000     0.000 r  clk (IN)
                         net (fo=0)                   0.000     0.000    clk
    Y9                   IBUF (Prop_ibuf_I_O)         1.490     1.490 r  clk_IBUF_inst/O
                         net (fo=1, routed)           2.171     3.661    clk_IBUF
    BUFGCTRL_X0Y0        BUFG (Prop_bufg_I_O)         0.101     3.762 r  clk_IBUF_BUFG_inst/O
                         net (fo=8124, routed)        1.725     5.487    clk_IBUF_BUFG
    SLICE_X69Y13         FDRE                                         r  counter_reg[0]_rep__1/C
  -------------------------------------------------------------------    -------------------
    SLICE_X69Y13         FDRE (Prop_fdre_C_Q)         0.456     5.943 r  counter_reg[0]_rep__1/Q
                         net (fo=125, routed)         1.282     7.225    btn_db0/ans[25][9]_i_95_0
    SLICE_X71Y10         LUT3 (Prop_lut3_I1_O)        0.152     7.377 r  btn_db0/ans[25][9]_i_563/O
                         net (fo=1, routed)           0.860     8.237    btn_db0/ans[25][9]_i_563_n_0
    SLICE_X70Y10         LUT6 (Prop_lut6_I1_O)        0.326     8.563 r  btn_db0/ans[25][9]_i_151/O
                         net (fo=1, routed)           1.011     9.574    btn_db0/ans[25][9]_i_151_n_0
    SLICE_X68Y14         LUT6 (Prop_lut6_I3_O)        0.124     9.698 r  btn_db0/ans[25][9]_i_48/O
                         net (fo=1, routed)           0.886    10.584    btn_db0/ans[25][9]_i_48_n_0
    SLICE_X63Y16         LUT6 (Prop_lut6_I5_O)        0.124    10.708 r  btn_db0/ans[25][9]_i_22/O
                         net (fo=1, routed)           0.000    10.708    btn_db0/ans[25][9]_i_22_n_0
    SLICE_X63Y16         MUXF7 (Prop_muxf7_I1_O)      0.245    10.953 r  btn_db0/ans_reg[25][9]_i_15/O
                         net (fo=1, routed)           0.000    10.953    btn_db0/ans_reg[25][9]_i_15_n_0
    SLICE_X63Y16         MUXF8 (Prop_muxf8_I0_O)      0.104    11.057 r  btn_db0/ans_reg[25][9]_i_9/O
                         net (fo=9, routed)           0.379    11.436    btn_db0/counter_reg[8]_2
    SLICE_X61Y17         LUT6 (Prop_lut6_I5_O)        0.316    11.752 r  btn_db0/ans[25][9]_i_4/O
                         net (fo=184, routed)         1.071    12.823    btn_db0_n_6
    SLICE_X53Y26         LUT5 (Prop_lut5_I3_O)        0.124    12.947 r  ans[10][9]_i_3/O
                         net (fo=6, routed)           0.835    13.782    ans[10][9]_i_3_n_0
    SLICE_X37Y28         LUT6 (Prop_lut6_I1_O)        0.124    13.906 r  ans[8][9]_i_2/O
                         net (fo=4, routed)           0.645    14.551    ans[8][9]_i_2_n_0
    SLICE_X33Y30         LUT6 (Prop_lut6_I2_O)        0.124    14.675 r  ans[9][9]_i_1/O
                         net (fo=10, routed)          0.580    15.254    ans[9][9]_i_1_n_0
    SLICE_X32Y30         FDRE                                         r  ans_reg[9][6]/CE
  -------------------------------------------------------------------    -------------------

                         (clock sys_clk_pin rise edge)
                                                     10.000    10.000 r  
    Y9                                                0.000    10.000 r  clk (IN)
                         net (fo=0)                   0.000    10.000    clk
    Y9                   IBUF (Prop_ibuf_I_O)         1.420    11.420 r  clk_IBUF_inst/O
                         net (fo=1, routed)           1.972    13.392    clk_IBUF
    BUFGCTRL_X0Y0        BUFG (Prop_bufg_I_O)         0.091    13.483 r  clk_IBUF_BUFG_inst/O
                         net (fo=8124, routed)        1.481    14.964    clk_IBUF_BUFG
    SLICE_X32Y30         FDRE                                         r  ans_reg[9][6]/C
                         clock pessimism              0.294    15.258    
                         clock uncertainty           -0.035    15.222    
    SLICE_X32Y30         FDRE (Setup_fdre_C_CE)      -0.169    15.053    ans_reg[9][6]
  -------------------------------------------------------------------
                         required time                         15.053    
                         arrival time                         -15.254    
  -------------------------------------------------------------------
                         slack                                 -0.201    

Slack (VIOLATED) :        -0.173ns  (required time - arrival time)
  Source:                 counter_reg[0]_rep__1/C
                            (rising edge-triggered cell FDRE clocked by sys_clk_pin  {rise@0.000ns fall@5.000ns period=10.000ns})
  Destination:            ans_reg[23][0]/CE
                            (rising edge-triggered cell FDRE clocked by sys_clk_pin  {rise@0.000ns fall@5.000ns period=10.000ns})
  Path Group:             sys_clk_pin
  Path Type:              Setup (Max at Slow Process Corner)
  Requirement:            10.000ns  (sys_clk_pin rise@10.000ns - sys_clk_pin rise@0.000ns)
  Data Path Delay:        9.783ns  (logic 2.219ns (22.682%)  route 7.564ns (77.318%))
  Logic Levels:           10  (LUT3=1 LUT5=1 LUT6=6 MUXF7=1 MUXF8=1)
  Clock Path Skew:        -0.150ns (DCD - SCD + CPR)
    Destination Clock Delay (DCD):    5.044ns = ( 15.044 - 10.000 ) 
    Source Clock Delay      (SCD):    5.487ns
    Clock Pessimism Removal (CPR):    0.294ns
  Clock Uncertainty:      0.035ns  ((TSJ^2 + TIJ^2)^1/2 + DJ) / 2 + PE
    Total System Jitter     (TSJ):    0.071ns
    Total Input Jitter      (TIJ):    0.000ns
    Discrete Jitter          (DJ):    0.000ns
    Phase Error              (PE):    0.000ns

    Location             Delay type                Incr(ns)  Path(ns)    Netlist Resource(s)
  -------------------------------------------------------------------    -------------------
                         (clock sys_clk_pin rise edge)
                                                      0.000     0.000 r  
    Y9                                                0.000     0.000 r  clk (IN)
                         net (fo=0)                   0.000     0.000    clk
    Y9                   IBUF (Prop_ibuf_I_O)         1.490     1.490 r  clk_IBUF_inst/O
                         net (fo=1, routed)           2.171     3.661    clk_IBUF
    BUFGCTRL_X0Y0        BUFG (Prop_bufg_I_O)         0.101     3.762 r  clk_IBUF_BUFG_inst/O
                         net (fo=8124, routed)        1.725     5.487    clk_IBUF_BUFG
    SLICE_X69Y13         FDRE                                         r  counter_reg[0]_rep__1/C
  -------------------------------------------------------------------    -------------------
    SLICE_X69Y13         FDRE (Prop_fdre_C_Q)         0.456     5.943 r  counter_reg[0]_rep__1/Q
                         net (fo=125, routed)         1.282     7.225    btn_db0/ans[25][9]_i_95_0
    SLICE_X71Y10         LUT3 (Prop_lut3_I1_O)        0.152     7.377 r  btn_db0/ans[25][9]_i_563/O
                         net (fo=1, routed)           0.860     8.237    btn_db0/ans[25][9]_i_563_n_0
    SLICE_X70Y10         LUT6 (Prop_lut6_I1_O)        0.326     8.563 r  btn_db0/ans[25][9]_i_151/O
                         net (fo=1, routed)           1.011     9.574    btn_db0/ans[25][9]_i_151_n_0
    SLICE_X68Y14         LUT6 (Prop_lut6_I3_O)        0.124     9.698 r  btn_db0/ans[25][9]_i_48/O
                         net (fo=1, routed)           0.886    10.584    btn_db0/ans[25][9]_i_48_n_0
    SLICE_X63Y16         LUT6 (Prop_lut6_I5_O)        0.124    10.708 r  btn_db0/ans[25][9]_i_22/O
                         net (fo=1, routed)           0.000    10.708    btn_db0/ans[25][9]_i_22_n_0
    SLICE_X63Y16         MUXF7 (Prop_muxf7_I1_O)      0.245    10.953 r  btn_db0/ans_reg[25][9]_i_15/O
                         net (fo=1, routed)           0.000    10.953    btn_db0/ans_reg[25][9]_i_15_n_0
    SLICE_X63Y16         MUXF8 (Prop_muxf8_I0_O)      0.104    11.057 r  btn_db0/ans_reg[25][9]_i_9/O
                         net (fo=9, routed)           0.379    11.436    btn_db0/counter_reg[8]_2
    SLICE_X61Y17         LUT6 (Prop_lut6_I5_O)        0.316    11.752 r  btn_db0/ans[25][9]_i_4/O
                         net (fo=184, routed)         0.743    12.495    btn_db0_n_6
    SLICE_X55Y22         LUT5 (Prop_lut5_I3_O)        0.124    12.619 r  ans[4][9]_i_2/O
                         net (fo=7, routed)           1.190    13.809    ans[4][9]_i_2_n_0
    SLICE_X36Y32         LUT6 (Prop_lut6_I0_O)        0.124    13.933 r  ans[18][9]_i_2/O
                         net (fo=4, routed)           0.633    14.566    ans[18][9]_i_2_n_0
    SLICE_X30Y33         LUT6 (Prop_lut6_I2_O)        0.124    14.690 r  ans[23][9]_i_1/O
                         net (fo=10, routed)          0.580    15.270    ans[23][9]_i_1_n_0
    SLICE_X31Y33         FDRE                                         r  ans_reg[23][0]/CE
  -------------------------------------------------------------------    -------------------

                         (clock sys_clk_pin rise edge)
                                                     10.000    10.000 r  
    Y9                                                0.000    10.000 r  clk (IN)
                         net (fo=0)                   0.000    10.000    clk
    Y9                   IBUF (Prop_ibuf_I_O)         1.420    11.420 r  clk_IBUF_inst/O
                         net (fo=1, routed)           1.972    13.392    clk_IBUF
    BUFGCTRL_X0Y0        BUFG (Prop_bufg_I_O)         0.091    13.483 r  clk_IBUF_BUFG_inst/O
                         net (fo=8124, routed)        1.561    15.044    clk_IBUF_BUFG
    SLICE_X31Y33         FDRE                                         r  ans_reg[23][0]/C
                         clock pessimism              0.294    15.338    
                         clock uncertainty           -0.035    15.302    
    SLICE_X31Y33         FDRE (Setup_fdre_C_CE)      -0.205    15.097    ans_reg[23][0]
  -------------------------------------------------------------------
                         required time                         15.097    
                         arrival time                         -15.270    
  -------------------------------------------------------------------
                         slack                                 -0.173    

Slack (VIOLATED) :        -0.173ns  (required time - arrival time)
  Source:                 counter_reg[0]_rep__1/C
                            (rising edge-triggered cell FDRE clocked by sys_clk_pin  {rise@0.000ns fall@5.000ns period=10.000ns})
  Destination:            ans_reg[23][2]/CE
                            (rising edge-triggered cell FDRE clocked by sys_clk_pin  {rise@0.000ns fall@5.000ns period=10.000ns})
  Path Group:             sys_clk_pin
  Path Type:              Setup (Max at Slow Process Corner)
  Requirement:            10.000ns  (sys_clk_pin rise@10.000ns - sys_clk_pin rise@0.000ns)
  Data Path Delay:        9.783ns  (logic 2.219ns (22.682%)  route 7.564ns (77.318%))
  Logic Levels:           10  (LUT3=1 LUT5=1 LUT6=6 MUXF7=1 MUXF8=1)
  Clock Path Skew:        -0.150ns (DCD - SCD + CPR)
    Destination Clock Delay (DCD):    5.044ns = ( 15.044 - 10.000 ) 
    Source Clock Delay      (SCD):    5.487ns
    Clock Pessimism Removal (CPR):    0.294ns
  Clock Uncertainty:      0.035ns  ((TSJ^2 + TIJ^2)^1/2 + DJ) / 2 + PE
    Total System Jitter     (TSJ):    0.071ns
    Total Input Jitter      (TIJ):    0.000ns
    Discrete Jitter          (DJ):    0.000ns
    Phase Error              (PE):    0.000ns

    Location             Delay type                Incr(ns)  Path(ns)    Netlist Resource(s)
  -------------------------------------------------------------------    -------------------
                         (clock sys_clk_pin rise edge)
                                                      0.000     0.000 r  
    Y9                                                0.000     0.000 r  clk (IN)
                         net (fo=0)                   0.000     0.000    clk
    Y9                   IBUF (Prop_ibuf_I_O)         1.490     1.490 r  clk_IBUF_inst/O
                         net (fo=1, routed)           2.171     3.661    clk_IBUF
    BUFGCTRL_X0Y0        BUFG (Prop_bufg_I_O)         0.101     3.762 r  clk_IBUF_BUFG_inst/O
                         net (fo=8124, routed)        1.725     5.487    clk_IBUF_BUFG
    SLICE_X69Y13         FDRE                                         r  counter_reg[0]_rep__1/C
  -------------------------------------------------------------------    -------------------
    SLICE_X69Y13         FDRE (Prop_fdre_C_Q)         0.456     5.943 r  counter_reg[0]_rep__1/Q
                         net (fo=125, routed)         1.282     7.225    btn_db0/ans[25][9]_i_95_0
    SLICE_X71Y10         LUT3 (Prop_lut3_I1_O)        0.152     7.377 r  btn_db0/ans[25][9]_i_563/O
                         net (fo=1, routed)           0.860     8.237    btn_db0/ans[25][9]_i_563_n_0
    SLICE_X70Y10         LUT6 (Prop_lut6_I1_O)        0.326     8.563 r  btn_db0/ans[25][9]_i_151/O
                         net (fo=1, routed)           1.011     9.574    btn_db0/ans[25][9]_i_151_n_0
    SLICE_X68Y14         LUT6 (Prop_lut6_I3_O)        0.124     9.698 r  btn_db0/ans[25][9]_i_48/O
                         net (fo=1, routed)           0.886    10.584    btn_db0/ans[25][9]_i_48_n_0
    SLICE_X63Y16         LUT6 (Prop_lut6_I5_O)        0.124    10.708 r  btn_db0/ans[25][9]_i_22/O
                         net (fo=1, routed)           0.000    10.708    btn_db0/ans[25][9]_i_22_n_0
    SLICE_X63Y16         MUXF7 (Prop_muxf7_I1_O)      0.245    10.953 r  btn_db0/ans_reg[25][9]_i_15/O
                         net (fo=1, routed)           0.000    10.953    btn_db0/ans_reg[25][9]_i_15_n_0
    SLICE_X63Y16         MUXF8 (Prop_muxf8_I0_O)      0.104    11.057 r  btn_db0/ans_reg[25][9]_i_9/O
                         net (fo=9, routed)           0.379    11.436    btn_db0/counter_reg[8]_2
    SLICE_X61Y17         LUT6 (Prop_lut6_I5_O)        0.316    11.752 r  btn_db0/ans[25][9]_i_4/O
                         net (fo=184, routed)         0.743    12.495    btn_db0_n_6
    SLICE_X55Y22         LUT5 (Prop_lut5_I3_O)        0.124    12.619 r  ans[4][9]_i_2/O
                         net (fo=7, routed)           1.190    13.809    ans[4][9]_i_2_n_0
    SLICE_X36Y32         LUT6 (Prop_lut6_I0_O)        0.124    13.933 r  ans[18][9]_i_2/O
                         net (fo=4, routed)           0.633    14.566    ans[18][9]_i_2_n_0
    SLICE_X30Y33         LUT6 (Prop_lut6_I2_O)        0.124    14.690 r  ans[23][9]_i_1/O
                         net (fo=10, routed)          0.580    15.270    ans[23][9]_i_1_n_0
    SLICE_X31Y33         FDRE                                         r  ans_reg[23][2]/CE
  -------------------------------------------------------------------    -------------------

                         (clock sys_clk_pin rise edge)
                                                     10.000    10.000 r  
    Y9                                                0.000    10.000 r  clk (IN)
                         net (fo=0)                   0.000    10.000    clk
    Y9                   IBUF (Prop_ibuf_I_O)         1.420    11.420 r  clk_IBUF_inst/O
                         net (fo=1, routed)           1.972    13.392    clk_IBUF
    BUFGCTRL_X0Y0        BUFG (Prop_bufg_I_O)         0.091    13.483 r  clk_IBUF_BUFG_inst/O
                         net (fo=8124, routed)        1.561    15.044    clk_IBUF_BUFG
    SLICE_X31Y33         FDRE                                         r  ans_reg[23][2]/C
                         clock pessimism              0.294    15.338    
                         clock uncertainty           -0.035    15.302    
    SLICE_X31Y33         FDRE (Setup_fdre_C_CE)      -0.205    15.097    ans_reg[23][2]
  -------------------------------------------------------------------
                         required time                         15.097    
                         arrival time                         -15.270    
  -------------------------------------------------------------------
                         slack                                 -0.173    

Slack (VIOLATED) :        -0.173ns  (required time - arrival time)
  Source:                 counter_reg[0]_rep__1/C
                            (rising edge-triggered cell FDRE clocked by sys_clk_pin  {rise@0.000ns fall@5.000ns period=10.000ns})
  Destination:            ans_reg[23][4]/CE
                            (rising edge-triggered cell FDRE clocked by sys_clk_pin  {rise@0.000ns fall@5.000ns period=10.000ns})
  Path Group:             sys_clk_pin
  Path Type:              Setup (Max at Slow Process Corner)
  Requirement:            10.000ns  (sys_clk_pin rise@10.000ns - sys_clk_pin rise@0.000ns)
  Data Path Delay:        9.783ns  (logic 2.219ns (22.682%)  route 7.564ns (77.318%))
  Logic Levels:           10  (LUT3=1 LUT5=1 LUT6=6 MUXF7=1 MUXF8=1)
  Clock Path Skew:        -0.150ns (DCD - SCD + CPR)
    Destination Clock Delay (DCD):    5.044ns = ( 15.044 - 10.000 ) 
    Source Clock Delay      (SCD):    5.487ns
    Clock Pessimism Removal (CPR):    0.294ns
  Clock Uncertainty:      0.035ns  ((TSJ^2 + TIJ^2)^1/2 + DJ) / 2 + PE
    Total System Jitter     (TSJ):    0.071ns
    Total Input Jitter      (TIJ):    0.000ns
    Discrete Jitter          (DJ):    0.000ns
    Phase Error              (PE):    0.000ns

    Location             Delay type                Incr(ns)  Path(ns)    Netlist Resource(s)
  -------------------------------------------------------------------    -------------------
                         (clock sys_clk_pin rise edge)
                                                      0.000     0.000 r  
    Y9                                                0.000     0.000 r  clk (IN)
                         net (fo=0)                   0.000     0.000    clk
    Y9                   IBUF (Prop_ibuf_I_O)         1.490     1.490 r  clk_IBUF_inst/O
                         net (fo=1, routed)           2.171     3.661    clk_IBUF
    BUFGCTRL_X0Y0        BUFG (Prop_bufg_I_O)         0.101     3.762 r  clk_IBUF_BUFG_inst/O
                         net (fo=8124, routed)        1.725     5.487    clk_IBUF_BUFG
    SLICE_X69Y13         FDRE                                         r  counter_reg[0]_rep__1/C
  -------------------------------------------------------------------    -------------------
    SLICE_X69Y13         FDRE (Prop_fdre_C_Q)         0.456     5.943 r  counter_reg[0]_rep__1/Q
                         net (fo=125, routed)         1.282     7.225    btn_db0/ans[25][9]_i_95_0
    SLICE_X71Y10         LUT3 (Prop_lut3_I1_O)        0.152     7.377 r  btn_db0/ans[25][9]_i_563/O
                         net (fo=1, routed)           0.860     8.237    btn_db0/ans[25][9]_i_563_n_0
    SLICE_X70Y10         LUT6 (Prop_lut6_I1_O)        0.326     8.563 r  btn_db0/ans[25][9]_i_151/O
                         net (fo=1, routed)           1.011     9.574    btn_db0/ans[25][9]_i_151_n_0
    SLICE_X68Y14         LUT6 (Prop_lut6_I3_O)        0.124     9.698 r  btn_db0/ans[25][9]_i_48/O
                         net (fo=1, routed)           0.886    10.584    btn_db0/ans[25][9]_i_48_n_0
    SLICE_X63Y16         LUT6 (Prop_lut6_I5_O)        0.124    10.708 r  btn_db0/ans[25][9]_i_22/O
                         net (fo=1, routed)           0.000    10.708    btn_db0/ans[25][9]_i_22_n_0
    SLICE_X63Y16         MUXF7 (Prop_muxf7_I1_O)      0.245    10.953 r  btn_db0/ans_reg[25][9]_i_15/O
                         net (fo=1, routed)           0.000    10.953    btn_db0/ans_reg[25][9]_i_15_n_0
    SLICE_X63Y16         MUXF8 (Prop_muxf8_I0_O)      0.104    11.057 r  btn_db0/ans_reg[25][9]_i_9/O
                         net (fo=9, routed)           0.379    11.436    btn_db0/counter_reg[8]_2
    SLICE_X61Y17         LUT6 (Prop_lut6_I5_O)        0.316    11.752 r  btn_db0/ans[25][9]_i_4/O
                         net (fo=184, routed)         0.743    12.495    btn_db0_n_6
    SLICE_X55Y22         LUT5 (Prop_lut5_I3_O)        0.124    12.619 r  ans[4][9]_i_2/O
                         net (fo=7, routed)           1.190    13.809    ans[4][9]_i_2_n_0
    SLICE_X36Y32         LUT6 (Prop_lut6_I0_O)        0.124    13.933 r  ans[18][9]_i_2/O
                         net (fo=4, routed)           0.633    14.566    ans[18][9]_i_2_n_0
    SLICE_X30Y33         LUT6 (Prop_lut6_I2_O)        0.124    14.690 r  ans[23][9]_i_1/O
                         net (fo=10, routed)          0.580    15.270    ans[23][9]_i_1_n_0
    SLICE_X31Y33         FDRE                                         r  ans_reg[23][4]/CE
  -------------------------------------------------------------------    -------------------

                         (clock sys_clk_pin rise edge)
                                                     10.000    10.000 r  
    Y9                                                0.000    10.000 r  clk (IN)
                         net (fo=0)                   0.000    10.000    clk
    Y9                   IBUF (Prop_ibuf_I_O)         1.420    11.420 r  clk_IBUF_inst/O
                         net (fo=1, routed)           1.972    13.392    clk_IBUF
    BUFGCTRL_X0Y0        BUFG (Prop_bufg_I_O)         0.091    13.483 r  clk_IBUF_BUFG_inst/O
                         net (fo=8124, routed)        1.561    15.044    clk_IBUF_BUFG
    SLICE_X31Y33         FDRE                                         r  ans_reg[23][4]/C
                         clock pessimism              0.294    15.338    
                         clock uncertainty           -0.035    15.302    
    SLICE_X31Y33         FDRE (Setup_fdre_C_CE)      -0.205    15.097    ans_reg[23][4]
  -------------------------------------------------------------------
                         required time                         15.097    
                         arrival time                         -15.270    
  -------------------------------------------------------------------
                         slack                                 -0.173    

Slack (VIOLATED) :        -0.173ns  (required time - arrival time)
  Source:                 counter_reg[0]_rep__1/C
                            (rising edge-triggered cell FDRE clocked by sys_clk_pin  {rise@0.000ns fall@5.000ns period=10.000ns})
  Destination:            ans_reg[23][5]/CE
                            (rising edge-triggered cell FDRE clocked by sys_clk_pin  {rise@0.000ns fall@5.000ns period=10.000ns})
  Path Group:             sys_clk_pin
  Path Type:              Setup (Max at Slow Process Corner)
  Requirement:            10.000ns  (sys_clk_pin rise@10.000ns - sys_clk_pin rise@0.000ns)
  Data Path Delay:        9.783ns  (logic 2.219ns (22.682%)  route 7.564ns (77.318%))
  Logic Levels:           10  (LUT3=1 LUT5=1 LUT6=6 MUXF7=1 MUXF8=1)
  Clock Path Skew:        -0.150ns (DCD - SCD + CPR)
    Destination Clock Delay (DCD):    5.044ns = ( 15.044 - 10.000 ) 
    Source Clock Delay      (SCD):    5.487ns
    Clock Pessimism Removal (CPR):    0.294ns
  Clock Uncertainty:      0.035ns  ((TSJ^2 + TIJ^2)^1/2 + DJ) / 2 + PE
    Total System Jitter     (TSJ):    0.071ns
    Total Input Jitter      (TIJ):    0.000ns
    Discrete Jitter          (DJ):    0.000ns
    Phase Error              (PE):    0.000ns

    Location             Delay type                Incr(ns)  Path(ns)    Netlist Resource(s)
  -------------------------------------------------------------------    -------------------
                         (clock sys_clk_pin rise edge)
                                                      0.000     0.000 r  
    Y9                                                0.000     0.000 r  clk (IN)
                         net (fo=0)                   0.000     0.000    clk
    Y9                   IBUF (Prop_ibuf_I_O)         1.490     1.490 r  clk_IBUF_inst/O
                         net (fo=1, routed)           2.171     3.661    clk_IBUF
    BUFGCTRL_X0Y0        BUFG (Prop_bufg_I_O)         0.101     3.762 r  clk_IBUF_BUFG_inst/O
                         net (fo=8124, routed)        1.725     5.487    clk_IBUF_BUFG
    SLICE_X69Y13         FDRE                                         r  counter_reg[0]_rep__1/C
  -------------------------------------------------------------------    -------------------
    SLICE_X69Y13         FDRE (Prop_fdre_C_Q)         0.456     5.943 r  counter_reg[0]_rep__1/Q
                         net (fo=125, routed)         1.282     7.225    btn_db0/ans[25][9]_i_95_0
    SLICE_X71Y10         LUT3 (Prop_lut3_I1_O)        0.152     7.377 r  btn_db0/ans[25][9]_i_563/O
                         net (fo=1, routed)           0.860     8.237    btn_db0/ans[25][9]_i_563_n_0
    SLICE_X70Y10         LUT6 (Prop_lut6_I1_O)        0.326     8.563 r  btn_db0/ans[25][9]_i_151/O
                         net (fo=1, routed)           1.011     9.574    btn_db0/ans[25][9]_i_151_n_0
    SLICE_X68Y14         LUT6 (Prop_lut6_I3_O)        0.124     9.698 r  btn_db0/ans[25][9]_i_48/O
                         net (fo=1, routed)           0.886    10.584    btn_db0/ans[25][9]_i_48_n_0
    SLICE_X63Y16         LUT6 (Prop_lut6_I5_O)        0.124    10.708 r  btn_db0/ans[25][9]_i_22/O
                         net (fo=1, routed)           0.000    10.708    btn_db0/ans[25][9]_i_22_n_0
    SLICE_X63Y16         MUXF7 (Prop_muxf7_I1_O)      0.245    10.953 r  btn_db0/ans_reg[25][9]_i_15/O
                         net (fo=1, routed)           0.000    10.953    btn_db0/ans_reg[25][9]_i_15_n_0
    SLICE_X63Y16         MUXF8 (Prop_muxf8_I0_O)      0.104    11.057 r  btn_db0/ans_reg[25][9]_i_9/O
                         net (fo=9, routed)           0.379    11.436    btn_db0/counter_reg[8]_2
    SLICE_X61Y17         LUT6 (Prop_lut6_I5_O)        0.316    11.752 r  btn_db0/ans[25][9]_i_4/O
                         net (fo=184, routed)         0.743    12.495    btn_db0_n_6
    SLICE_X55Y22         LUT5 (Prop_lut5_I3_O)        0.124    12.619 r  ans[4][9]_i_2/O
                         net (fo=7, routed)           1.190    13.809    ans[4][9]_i_2_n_0
    SLICE_X36Y32         LUT6 (Prop_lut6_I0_O)        0.124    13.933 r  ans[18][9]_i_2/O
                         net (fo=4, routed)           0.633    14.566    ans[18][9]_i_2_n_0
    SLICE_X30Y33         LUT6 (Prop_lut6_I2_O)        0.124    14.690 r  ans[23][9]_i_1/O
                         net (fo=10, routed)          0.580    15.270    ans[23][9]_i_1_n_0
    SLICE_X31Y33         FDRE                                         r  ans_reg[23][5]/CE
  -------------------------------------------------------------------    -------------------

                         (clock sys_clk_pin rise edge)
                                                     10.000    10.000 r  
    Y9                                                0.000    10.000 r  clk (IN)
                         net (fo=0)                   0.000    10.000    clk
    Y9                   IBUF (Prop_ibuf_I_O)         1.420    11.420 r  clk_IBUF_inst/O
                         net (fo=1, routed)           1.972    13.392    clk_IBUF
    BUFGCTRL_X0Y0        BUFG (Prop_bufg_I_O)         0.091    13.483 r  clk_IBUF_BUFG_inst/O
                         net (fo=8124, routed)        1.561    15.044    clk_IBUF_BUFG
    SLICE_X31Y33         FDRE                                         r  ans_reg[23][5]/C
                         clock pessimism              0.294    15.338    
                         clock uncertainty           -0.035    15.302    
    SLICE_X31Y33         FDRE (Setup_fdre_C_CE)      -0.205    15.097    ans_reg[23][5]
  -------------------------------------------------------------------
                         required time                         15.097    
                         arrival time                         -15.270    
  -------------------------------------------------------------------
                         slack                                 -0.173    

Slack (VIOLATED) :        -0.173ns  (required time - arrival time)
  Source:                 counter_reg[0]_rep__1/C
                            (rising edge-triggered cell FDRE clocked by sys_clk_pin  {rise@0.000ns fall@5.000ns period=10.000ns})
  Destination:            ans_reg[23][6]/CE
                            (rising edge-triggered cell FDRE clocked by sys_clk_pin  {rise@0.000ns fall@5.000ns period=10.000ns})
  Path Group:             sys_clk_pin
  Path Type:              Setup (Max at Slow Process Corner)
  Requirement:            10.000ns  (sys_clk_pin rise@10.000ns - sys_clk_pin rise@0.000ns)
  Data Path Delay:        9.783ns  (logic 2.219ns (22.682%)  route 7.564ns (77.318%))
  Logic Levels:           10  (LUT3=1 LUT5=1 LUT6=6 MUXF7=1 MUXF8=1)
  Clock Path Skew:        -0.150ns (DCD - SCD + CPR)
    Destination Clock Delay (DCD):    5.044ns = ( 15.044 - 10.000 ) 
    Source Clock Delay      (SCD):    5.487ns
    Clock Pessimism Removal (CPR):    0.294ns
  Clock Uncertainty:      0.035ns  ((TSJ^2 + TIJ^2)^1/2 + DJ) / 2 + PE
    Total System Jitter     (TSJ):    0.071ns
    Total Input Jitter      (TIJ):    0.000ns
    Discrete Jitter          (DJ):    0.000ns
    Phase Error              (PE):    0.000ns

    Location             Delay type                Incr(ns)  Path(ns)    Netlist Resource(s)
  -------------------------------------------------------------------    -------------------
                         (clock sys_clk_pin rise edge)
                                                      0.000     0.000 r  
    Y9                                                0.000     0.000 r  clk (IN)
                         net (fo=0)                   0.000     0.000    clk
    Y9                   IBUF (Prop_ibuf_I_O)         1.490     1.490 r  clk_IBUF_inst/O
                         net (fo=1, routed)           2.171     3.661    clk_IBUF
    BUFGCTRL_X0Y0        BUFG (Prop_bufg_I_O)         0.101     3.762 r  clk_IBUF_BUFG_inst/O
                         net (fo=8124, routed)        1.725     5.487    clk_IBUF_BUFG
    SLICE_X69Y13         FDRE                                         r  counter_reg[0]_rep__1/C
  -------------------------------------------------------------------    -------------------
    SLICE_X69Y13         FDRE (Prop_fdre_C_Q)         0.456     5.943 r  counter_reg[0]_rep__1/Q
                         net (fo=125, routed)         1.282     7.225    btn_db0/ans[25][9]_i_95_0
    SLICE_X71Y10         LUT3 (Prop_lut3_I1_O)        0.152     7.377 r  btn_db0/ans[25][9]_i_563/O
                         net (fo=1, routed)           0.860     8.237    btn_db0/ans[25][9]_i_563_n_0
    SLICE_X70Y10         LUT6 (Prop_lut6_I1_O)        0.326     8.563 r  btn_db0/ans[25][9]_i_151/O
                         net (fo=1, routed)           1.011     9.574    btn_db0/ans[25][9]_i_151_n_0
    SLICE_X68Y14         LUT6 (Prop_lut6_I3_O)        0.124     9.698 r  btn_db0/ans[25][9]_i_48/O
                         net (fo=1, routed)           0.886    10.584    btn_db0/ans[25][9]_i_48_n_0
    SLICE_X63Y16         LUT6 (Prop_lut6_I5_O)        0.124    10.708 r  btn_db0/ans[25][9]_i_22/O
                         net (fo=1, routed)           0.000    10.708    btn_db0/ans[25][9]_i_22_n_0
    SLICE_X63Y16         MUXF7 (Prop_muxf7_I1_O)      0.245    10.953 r  btn_db0/ans_reg[25][9]_i_15/O
                         net (fo=1, routed)           0.000    10.953    btn_db0/ans_reg[25][9]_i_15_n_0
    SLICE_X63Y16         MUXF8 (Prop_muxf8_I0_O)      0.104    11.057 r  btn_db0/ans_reg[25][9]_i_9/O
                         net (fo=9, routed)           0.379    11.436    btn_db0/counter_reg[8]_2
    SLICE_X61Y17         LUT6 (Prop_lut6_I5_O)        0.316    11.752 r  btn_db0/ans[25][9]_i_4/O
                         net (fo=184, routed)         0.743    12.495    btn_db0_n_6
    SLICE_X55Y22         LUT5 (Prop_lut5_I3_O)        0.124    12.619 r  ans[4][9]_i_2/O
                         net (fo=7, routed)           1.190    13.809    ans[4][9]_i_2_n_0
    SLICE_X36Y32         LUT6 (Prop_lut6_I0_O)        0.124    13.933 r  ans[18][9]_i_2/O
                         net (fo=4, routed)           0.633    14.566    ans[18][9]_i_2_n_0
    SLICE_X30Y33         LUT6 (Prop_lut6_I2_O)        0.124    14.690 r  ans[23][9]_i_1/O
                         net (fo=10, routed)          0.580    15.270    ans[23][9]_i_1_n_0
    SLICE_X31Y33         FDRE                                         r  ans_reg[23][6]/CE
  -------------------------------------------------------------------    -------------------

                         (clock sys_clk_pin rise edge)
                                                     10.000    10.000 r  
    Y9                                                0.000    10.000 r  clk (IN)
                         net (fo=0)                   0.000    10.000    clk
    Y9                   IBUF (Prop_ibuf_I_O)         1.420    11.420 r  clk_IBUF_inst/O
                         net (fo=1, routed)           1.972    13.392    clk_IBUF
    BUFGCTRL_X0Y0        BUFG (Prop_bufg_I_O)         0.091    13.483 r  clk_IBUF_BUFG_inst/O
                         net (fo=8124, routed)        1.561    15.044    clk_IBUF_BUFG
    SLICE_X31Y33         FDRE                                         r  ans_reg[23][6]/C
                         clock pessimism              0.294    15.338    
                         clock uncertainty           -0.035    15.302    
    SLICE_X31Y33         FDRE (Setup_fdre_C_CE)      -0.205    15.097    ans_reg[23][6]
  -------------------------------------------------------------------
                         required time                         15.097    
                         arrival time                         -15.270    
  -------------------------------------------------------------------
                         slack                                 -0.173    

Slack (VIOLATED) :        -0.173ns  (required time - arrival time)
  Source:                 counter_reg[0]_rep__1/C
                            (rising edge-triggered cell FDRE clocked by sys_clk_pin  {rise@0.000ns fall@5.000ns period=10.000ns})
  Destination:            ans_reg[23][7]/CE
                            (rising edge-triggered cell FDRE clocked by sys_clk_pin  {rise@0.000ns fall@5.000ns period=10.000ns})
  Path Group:             sys_clk_pin
  Path Type:              Setup (Max at Slow Process Corner)
  Requirement:            10.000ns  (sys_clk_pin rise@10.000ns - sys_clk_pin rise@0.000ns)
  Data Path Delay:        9.783ns  (logic 2.219ns (22.682%)  route 7.564ns (77.318%))
  Logic Levels:           10  (LUT3=1 LUT5=1 LUT6=6 MUXF7=1 MUXF8=1)
  Clock Path Skew:        -0.150ns (DCD - SCD + CPR)
    Destination Clock Delay (DCD):    5.044ns = ( 15.044 - 10.000 ) 
    Source Clock Delay      (SCD):    5.487ns
    Clock Pessimism Removal (CPR):    0.294ns
  Clock Uncertainty:      0.035ns  ((TSJ^2 + TIJ^2)^1/2 + DJ) / 2 + PE
    Total System Jitter     (TSJ):    0.071ns
    Total Input Jitter      (TIJ):    0.000ns
    Discrete Jitter          (DJ):    0.000ns
    Phase Error              (PE):    0.000ns

    Location             Delay type                Incr(ns)  Path(ns)    Netlist Resource(s)
  -------------------------------------------------------------------    -------------------
                         (clock sys_clk_pin rise edge)
                                                      0.000     0.000 r  
    Y9                                                0.000     0.000 r  clk (IN)
                         net (fo=0)                   0.000     0.000    clk
    Y9                   IBUF (Prop_ibuf_I_O)         1.490     1.490 r  clk_IBUF_inst/O
                         net (fo=1, routed)           2.171     3.661    clk_IBUF
    BUFGCTRL_X0Y0        BUFG (Prop_bufg_I_O)         0.101     3.762 r  clk_IBUF_BUFG_inst/O
                         net (fo=8124, routed)        1.725     5.487    clk_IBUF_BUFG
    SLICE_X69Y13         FDRE                                         r  counter_reg[0]_rep__1/C
  -------------------------------------------------------------------    -------------------
    SLICE_X69Y13         FDRE (Prop_fdre_C_Q)         0.456     5.943 r  counter_reg[0]_rep__1/Q
                         net (fo=125, routed)         1.282     7.225    btn_db0/ans[25][9]_i_95_0
    SLICE_X71Y10         LUT3 (Prop_lut3_I1_O)        0.152     7.377 r  btn_db0/ans[25][9]_i_563/O
                         net (fo=1, routed)           0.860     8.237    btn_db0/ans[25][9]_i_563_n_0
    SLICE_X70Y10         LUT6 (Prop_lut6_I1_O)        0.326     8.563 r  btn_db0/ans[25][9]_i_151/O
                         net (fo=1, routed)           1.011     9.574    btn_db0/ans[25][9]_i_151_n_0
    SLICE_X68Y14         LUT6 (Prop_lut6_I3_O)        0.124     9.698 r  btn_db0/ans[25][9]_i_48/O
                         net (fo=1, routed)           0.886    10.584    btn_db0/ans[25][9]_i_48_n_0
    SLICE_X63Y16         LUT6 (Prop_lut6_I5_O)        0.124    10.708 r  btn_db0/ans[25][9]_i_22/O
                         net (fo=1, routed)           0.000    10.708    btn_db0/ans[25][9]_i_22_n_0
    SLICE_X63Y16         MUXF7 (Prop_muxf7_I1_O)      0.245    10.953 r  btn_db0/ans_reg[25][9]_i_15/O
                         net (fo=1, routed)           0.000    10.953    btn_db0/ans_reg[25][9]_i_15_n_0
    SLICE_X63Y16         MUXF8 (Prop_muxf8_I0_O)      0.104    11.057 r  btn_db0/ans_reg[25][9]_i_9/O
                         net (fo=9, routed)           0.379    11.436    btn_db0/counter_reg[8]_2
    SLICE_X61Y17         LUT6 (Prop_lut6_I5_O)        0.316    11.752 r  btn_db0/ans[25][9]_i_4/O
                         net (fo=184, routed)         0.743    12.495    btn_db0_n_6
    SLICE_X55Y22         LUT5 (Prop_lut5_I3_O)        0.124    12.619 r  ans[4][9]_i_2/O
                         net (fo=7, routed)           1.190    13.809    ans[4][9]_i_2_n_0
    SLICE_X36Y32         LUT6 (Prop_lut6_I0_O)        0.124    13.933 r  ans[18][9]_i_2/O
                         net (fo=4, routed)           0.633    14.566    ans[18][9]_i_2_n_0
    SLICE_X30Y33         LUT6 (Prop_lut6_I2_O)        0.124    14.690 r  ans[23][9]_i_1/O
                         net (fo=10, routed)          0.580    15.270    ans[23][9]_i_1_n_0
    SLICE_X31Y33         FDRE                                         r  ans_reg[23][7]/CE
  -------------------------------------------------------------------    -------------------

                         (clock sys_clk_pin rise edge)
                                                     10.000    10.000 r  
    Y9                                                0.000    10.000 r  clk (IN)
                         net (fo=0)                   0.000    10.000    clk
    Y9                   IBUF (Prop_ibuf_I_O)         1.420    11.420 r  clk_IBUF_inst/O
                         net (fo=1, routed)           1.972    13.392    clk_IBUF
    BUFGCTRL_X0Y0        BUFG (Prop_bufg_I_O)         0.091    13.483 r  clk_IBUF_BUFG_inst/O
                         net (fo=8124, routed)        1.561    15.044    clk_IBUF_BUFG
    SLICE_X31Y33         FDRE                                         r  ans_reg[23][7]/C
                         clock pessimism              0.294    15.338    
                         clock uncertainty           -0.035    15.302    
    SLICE_X31Y33         FDRE (Setup_fdre_C_CE)      -0.205    15.097    ans_reg[23][7]
  -------------------------------------------------------------------
                         required time                         15.097    
                         arrival time                         -15.270    
  -------------------------------------------------------------------
                         slack                                 -0.173    





Min Delay Paths
--------------------------------------------------------------------------------------
Slack (MET) :             0.059ns  (arrival time - required time)
  Source:                 ans_hex_reg[186][4]/C
                            (rising edge-triggered cell FDRE clocked by sys_clk_pin  {rise@0.000ns fall@5.000ns period=10.000ns})
  Destination:            ans_hex_reg[187][4]/D
                            (rising edge-triggered cell FDRE clocked by sys_clk_pin  {rise@0.000ns fall@5.000ns period=10.000ns})
  Path Group:             sys_clk_pin
  Path Type:              Hold (Min at Fast Process Corner)
  Requirement:            0.000ns  (sys_clk_pin rise@0.000ns - sys_clk_pin rise@0.000ns)
  Data Path Delay:        0.413ns  (logic 0.209ns (50.570%)  route 0.204ns (49.430%))
  Logic Levels:           1  (LUT6=1)
  Clock Path Skew:        0.263ns (DCD - SCD - CPR)
    Destination Clock Delay (DCD):    2.008ns
    Source Clock Delay      (SCD):    1.493ns
    Clock Pessimism Removal (CPR):    0.252ns

    Location             Delay type                Incr(ns)  Path(ns)    Netlist Resource(s)
  -------------------------------------------------------------------    -------------------
                         (clock sys_clk_pin rise edge)
                                                      0.000     0.000 r  
    Y9                                                0.000     0.000 r  clk (IN)
                         net (fo=0)                   0.000     0.000    clk
    Y9                   IBUF (Prop_ibuf_I_O)         0.258     0.258 r  clk_IBUF_inst/O
                         net (fo=1, routed)           0.663     0.921    clk_IBUF
    BUFGCTRL_X0Y0        BUFG (Prop_bufg_I_O)         0.026     0.947 r  clk_IBUF_BUFG_inst/O
                         net (fo=8124, routed)        0.546     1.493    clk_IBUF_BUFG
    SLICE_X50Y21         FDRE                                         r  ans_hex_reg[186][4]/C
  -------------------------------------------------------------------    -------------------
    SLICE_X50Y21         FDRE (Prop_fdre_C_Q)         0.164     1.657 r  ans_hex_reg[186][4]/Q
                         net (fo=3, routed)           0.204     1.861    ans_hex_reg[186][4]
    SLICE_X49Y22         LUT6 (Prop_lut6_I3_O)        0.045     1.906 r  ans_hex[187][4]_i_1/O
                         net (fo=1, routed)           0.000     1.906    ans_hex[187][4]_i_1_n_0
    SLICE_X49Y22         FDRE                                         r  ans_hex_reg[187][4]/D
  -------------------------------------------------------------------    -------------------

                         (clock sys_clk_pin rise edge)
                                                      0.000     0.000 r  
    Y9                                                0.000     0.000 r  clk (IN)
                         net (fo=0)                   0.000     0.000    clk
    Y9                   IBUF (Prop_ibuf_I_O)         0.446     0.446 r  clk_IBUF_inst/O
                         net (fo=1, routed)           0.719     1.165    clk_IBUF
    BUFGCTRL_X0Y0        BUFG (Prop_bufg_I_O)         0.029     1.194 r  clk_IBUF_BUFG_inst/O
                         net (fo=8124, routed)        0.814     2.008    clk_IBUF_BUFG
    SLICE_X49Y22         FDRE                                         r  ans_hex_reg[187][4]/C
                         clock pessimism             -0.252     1.756    
    SLICE_X49Y22         FDRE (Hold_fdre_C_D)         0.091     1.847    ans_hex_reg[187][4]
  -------------------------------------------------------------------
                         required time                         -1.847    
                         arrival time                           1.906    
  -------------------------------------------------------------------
                         slack                                  0.059    

Slack (MET) :             0.066ns  (arrival time - required time)
  Source:                 ans_reg[40][8]/C
                            (rising edge-triggered cell FDRE clocked by sys_clk_pin  {rise@0.000ns fall@5.000ns period=10.000ns})
  Destination:            ans_hex_reg[40][16]/D
                            (rising edge-triggered cell FDRE clocked by sys_clk_pin  {rise@0.000ns fall@5.000ns period=10.000ns})
  Path Group:             sys_clk_pin
  Path Type:              Hold (Min at Fast Process Corner)
  Requirement:            0.000ns  (sys_clk_pin rise@0.000ns - sys_clk_pin rise@0.000ns)
  Data Path Delay:        0.424ns  (logic 0.226ns (53.317%)  route 0.198ns (46.683%))
  Logic Levels:           1  (LUT6=1)
  Clock Path Skew:        0.265ns (DCD - SCD - CPR)
    Destination Clock Delay (DCD):    2.016ns
    Source Clock Delay      (SCD):    1.499ns
    Clock Pessimism Removal (CPR):    0.252ns

    Location             Delay type                Incr(ns)  Path(ns)    Netlist Resource(s)
  -------------------------------------------------------------------    -------------------
                         (clock sys_clk_pin rise edge)
                                                      0.000     0.000 r  
    Y9                                                0.000     0.000 r  clk (IN)
                         net (fo=0)                   0.000     0.000    clk
    Y9                   IBUF (Prop_ibuf_I_O)         0.258     0.258 r  clk_IBUF_inst/O
                         net (fo=1, routed)           0.663     0.921    clk_IBUF
    BUFGCTRL_X0Y0        BUFG (Prop_bufg_I_O)         0.026     0.947 r  clk_IBUF_BUFG_inst/O
                         net (fo=8124, routed)        0.552     1.499    clk_IBUF_BUFG
    SLICE_X52Y36         FDRE                                         r  ans_reg[40][8]/C
  -------------------------------------------------------------------    -------------------
    SLICE_X52Y36         FDRE (Prop_fdre_C_Q)         0.128     1.627 r  ans_reg[40][8]/Q
                         net (fo=1, routed)           0.198     1.825    ans_reg_n_0_[40][8]
    SLICE_X49Y35         LUT6 (Prop_lut6_I5_O)        0.098     1.923 r  ans_hex[40][16]_i_1/O
                         net (fo=1, routed)           0.000     1.923    ans_hex[40][16]_i_1_n_0
    SLICE_X49Y35         FDRE                                         r  ans_hex_reg[40][16]/D
  -------------------------------------------------------------------    -------------------

                         (clock sys_clk_pin rise edge)
                                                      0.000     0.000 r  
    Y9                                                0.000     0.000 r  clk (IN)
                         net (fo=0)                   0.000     0.000    clk
    Y9                   IBUF (Prop_ibuf_I_O)         0.446     0.446 r  clk_IBUF_inst/O
                         net (fo=1, routed)           0.719     1.165    clk_IBUF
    BUFGCTRL_X0Y0        BUFG (Prop_bufg_I_O)         0.029     1.194 r  clk_IBUF_BUFG_inst/O
                         net (fo=8124, routed)        0.822     2.016    clk_IBUF_BUFG
    SLICE_X49Y35         FDRE                                         r  ans_hex_reg[40][16]/C
                         clock pessimism             -0.252     1.764    
    SLICE_X49Y35         FDRE (Hold_fdre_C_D)         0.092     1.856    ans_hex_reg[40][16]
  -------------------------------------------------------------------
                         required time                         -1.856    
                         arrival time                           1.923    
  -------------------------------------------------------------------
                         slack                                  0.066    

Slack (MET) :             0.067ns  (arrival time - required time)
  Source:                 state_reg[2]_rep__3/C
                            (rising edge-triggered cell FDRE clocked by sys_clk_pin  {rise@0.000ns fall@5.000ns period=10.000ns})
  Destination:            ans_hex_reg[76][20]/D
                            (rising edge-triggered cell FDRE clocked by sys_clk_pin  {rise@0.000ns fall@5.000ns period=10.000ns})
  Path Group:             sys_clk_pin
  Path Type:              Hold (Min at Fast Process Corner)
  Requirement:            0.000ns  (sys_clk_pin rise@0.000ns - sys_clk_pin rise@0.000ns)
  Data Path Delay:        0.425ns  (logic 0.186ns (43.736%)  route 0.239ns (56.264%))
  Logic Levels:           1  (LUT6=1)
  Clock Path Skew:        0.266ns (DCD - SCD - CPR)
    Destination Clock Delay (DCD):    2.020ns
    Source Clock Delay      (SCD):    1.502ns
    Clock Pessimism Removal (CPR):    0.252ns

    Location             Delay type                Incr(ns)  Path(ns)    Netlist Resource(s)
  -------------------------------------------------------------------    -------------------
                         (clock sys_clk_pin rise edge)
                                                      0.000     0.000 r  
    Y9                                                0.000     0.000 r  clk (IN)
                         net (fo=0)                   0.000     0.000    clk
    Y9                   IBUF (Prop_ibuf_I_O)         0.258     0.258 r  clk_IBUF_inst/O
                         net (fo=1, routed)           0.663     0.921    clk_IBUF
    BUFGCTRL_X0Y0        BUFG (Prop_bufg_I_O)         0.026     0.947 r  clk_IBUF_BUFG_inst/O
                         net (fo=8124, routed)        0.555     1.502    clk_IBUF_BUFG
    SLICE_X51Y41         FDRE                                         r  state_reg[2]_rep__3/C
  -------------------------------------------------------------------    -------------------
    SLICE_X51Y41         FDRE (Prop_fdre_C_Q)         0.141     1.643 r  state_reg[2]_rep__3/Q
                         net (fo=124, routed)         0.239     1.882    state_reg[2]_rep__3_n_0
    SLICE_X48Y40         LUT6 (Prop_lut6_I2_O)        0.045     1.927 r  ans_hex[76][20]_i_1/O
                         net (fo=1, routed)           0.000     1.927    ans_hex[76][20]_i_1_n_0
    SLICE_X48Y40         FDRE                                         r  ans_hex_reg[76][20]/D
  -------------------------------------------------------------------    -------------------

                         (clock sys_clk_pin rise edge)
                                                      0.000     0.000 r  
    Y9                                                0.000     0.000 r  clk (IN)
                         net (fo=0)                   0.000     0.000    clk
    Y9                   IBUF (Prop_ibuf_I_O)         0.446     0.446 r  clk_IBUF_inst/O
                         net (fo=1, routed)           0.719     1.165    clk_IBUF
    BUFGCTRL_X0Y0        BUFG (Prop_bufg_I_O)         0.029     1.194 r  clk_IBUF_BUFG_inst/O
                         net (fo=8124, routed)        0.826     2.020    clk_IBUF_BUFG
    SLICE_X48Y40         FDRE                                         r  ans_hex_reg[76][20]/C
                         clock pessimism             -0.252     1.768    
    SLICE_X48Y40         FDRE (Hold_fdre_C_D)         0.092     1.860    ans_hex_reg[76][20]
  -------------------------------------------------------------------
                         required time                         -1.860    
                         arrival time                           1.927    
  -------------------------------------------------------------------
                         slack                                  0.067    

Slack (MET) :             0.077ns  (arrival time - required time)
  Source:                 ans_hex_reg[187][14]/C
                            (rising edge-triggered cell FDRE clocked by sys_clk_pin  {rise@0.000ns fall@5.000ns period=10.000ns})
  Destination:            ans_hex_reg[188][14]/D
                            (rising edge-triggered cell FDRE clocked by sys_clk_pin  {rise@0.000ns fall@5.000ns period=10.000ns})
  Path Group:             sys_clk_pin
  Path Type:              Hold (Min at Fast Process Corner)
  Requirement:            0.000ns  (sys_clk_pin rise@0.000ns - sys_clk_pin rise@0.000ns)
  Data Path Delay:        0.433ns  (logic 0.209ns (48.256%)  route 0.224ns (51.744%))
  Logic Levels:           1  (LUT5=1)
  Clock Path Skew:        0.264ns (DCD - SCD - CPR)
    Destination Clock Delay (DCD):    2.012ns
    Source Clock Delay      (SCD):    1.496ns
    Clock Pessimism Removal (CPR):    0.252ns

    Location             Delay type                Incr(ns)  Path(ns)    Netlist Resource(s)
  -------------------------------------------------------------------    -------------------
                         (clock sys_clk_pin rise edge)
                                                      0.000     0.000 r  
    Y9                                                0.000     0.000 r  clk (IN)
                         net (fo=0)                   0.000     0.000    clk
    Y9                   IBUF (Prop_ibuf_I_O)         0.258     0.258 r  clk_IBUF_inst/O
                         net (fo=1, routed)           0.663     0.921    clk_IBUF
    BUFGCTRL_X0Y0        BUFG (Prop_bufg_I_O)         0.026     0.947 r  clk_IBUF_BUFG_inst/O
                         net (fo=8124, routed)        0.549     1.496    clk_IBUF_BUFG
    SLICE_X50Y18         FDRE                                         r  ans_hex_reg[187][14]/C
  -------------------------------------------------------------------    -------------------
    SLICE_X50Y18         FDRE (Prop_fdre_C_Q)         0.164     1.660 r  ans_hex_reg[187][14]/Q
                         net (fo=3, routed)           0.224     1.884    ans_hex_reg[187][14]
    SLICE_X49Y18         LUT5 (Prop_lut5_I0_O)        0.045     1.929 r  ans_hex[188][14]_i_1/O
                         net (fo=1, routed)           0.000     1.929    ans_hex[188][14]_i_1_n_0
    SLICE_X49Y18         FDRE                                         r  ans_hex_reg[188][14]/D
  -------------------------------------------------------------------    -------------------

                         (clock sys_clk_pin rise edge)
                                                      0.000     0.000 r  
    Y9                                                0.000     0.000 r  clk (IN)
                         net (fo=0)                   0.000     0.000    clk
    Y9                   IBUF (Prop_ibuf_I_O)         0.446     0.446 r  clk_IBUF_inst/O
                         net (fo=1, routed)           0.719     1.165    clk_IBUF
    BUFGCTRL_X0Y0        BUFG (Prop_bufg_I_O)         0.029     1.194 r  clk_IBUF_BUFG_inst/O
                         net (fo=8124, routed)        0.818     2.012    clk_IBUF_BUFG
    SLICE_X49Y18         FDRE                                         r  ans_hex_reg[188][14]/C
                         clock pessimism             -0.252     1.760    
    SLICE_X49Y18         FDRE (Hold_fdre_C_D)         0.092     1.852    ans_hex_reg[188][14]
  -------------------------------------------------------------------
                         required time                         -1.852    
                         arrival time                           1.929    
  -------------------------------------------------------------------
                         slack                                  0.077    

Slack (MET) :             0.081ns  (arrival time - required time)
  Source:                 ans_reg[188][8]/C
                            (rising edge-triggered cell FDRE clocked by sys_clk_pin  {rise@0.000ns fall@5.000ns period=10.000ns})
  Destination:            ans_hex_reg[188][16]/D
                            (rising edge-triggered cell FDRE clocked by sys_clk_pin  {rise@0.000ns fall@5.000ns period=10.000ns})
  Path Group:             sys_clk_pin
  Path Type:              Hold (Min at Fast Process Corner)
  Requirement:            0.000ns  (sys_clk_pin rise@0.000ns - sys_clk_pin rise@0.000ns)
  Data Path Delay:        0.439ns  (logic 0.186ns (42.411%)  route 0.253ns (57.589%))
  Logic Levels:           1  (LUT5=1)
  Clock Path Skew:        0.266ns (DCD - SCD - CPR)
    Destination Clock Delay (DCD):    2.008ns
    Source Clock Delay      (SCD):    1.490ns
    Clock Pessimism Removal (CPR):    0.252ns

    Location             Delay type                Incr(ns)  Path(ns)    Netlist Resource(s)
  -------------------------------------------------------------------    -------------------
                         (clock sys_clk_pin rise edge)
                                                      0.000     0.000 r  
    Y9                                                0.000     0.000 r  clk (IN)
                         net (fo=0)                   0.000     0.000    clk
    Y9                   IBUF (Prop_ibuf_I_O)         0.258     0.258 r  clk_IBUF_inst/O
                         net (fo=1, routed)           0.663     0.921    clk_IBUF
    BUFGCTRL_X0Y0        BUFG (Prop_bufg_I_O)         0.026     0.947 r  clk_IBUF_BUFG_inst/O
                         net (fo=8124, routed)        0.543     1.490    clk_IBUF_BUFG
    SLICE_X51Y24         FDRE                                         r  ans_reg[188][8]/C
  -------------------------------------------------------------------    -------------------
    SLICE_X51Y24         FDRE (Prop_fdre_C_Q)         0.141     1.631 r  ans_reg[188][8]/Q
                         net (fo=1, routed)           0.253     1.883    ans_reg_n_0_[188][8]
    SLICE_X47Y27         LUT5 (Prop_lut5_I1_O)        0.045     1.928 r  ans_hex[188][16]_i_1/O
                         net (fo=1, routed)           0.000     1.928    ans_hex[188][16]_i_1_n_0
    SLICE_X47Y27         FDRE                                         r  ans_hex_reg[188][16]/D
  -------------------------------------------------------------------    -------------------

                         (clock sys_clk_pin rise edge)
                                                      0.000     0.000 r  
    Y9                                                0.000     0.000 r  clk (IN)
                         net (fo=0)                   0.000     0.000    clk
    Y9                   IBUF (Prop_ibuf_I_O)         0.446     0.446 r  clk_IBUF_inst/O
                         net (fo=1, routed)           0.719     1.165    clk_IBUF
    BUFGCTRL_X0Y0        BUFG (Prop_bufg_I_O)         0.029     1.194 r  clk_IBUF_BUFG_inst/O
                         net (fo=8124, routed)        0.814     2.008    clk_IBUF_BUFG
    SLICE_X47Y27         FDRE                                         r  ans_hex_reg[188][16]/C
                         clock pessimism             -0.252     1.756    
    SLICE_X47Y27         FDRE (Hold_fdre_C_D)         0.091     1.847    ans_hex_reg[188][16]
  -------------------------------------------------------------------
                         required time                         -1.847    
                         arrival time                           1.928    
  -------------------------------------------------------------------
                         slack                                  0.081    

Slack (MET) :             0.081ns  (arrival time - required time)
  Source:                 state_reg[2]_rep__23/C
                            (rising edge-triggered cell FDRE clocked by sys_clk_pin  {rise@0.000ns fall@5.000ns period=10.000ns})
  Destination:            ans_hex_reg[182][20]/D
                            (rising edge-triggered cell FDRE clocked by sys_clk_pin  {rise@0.000ns fall@5.000ns period=10.000ns})
  Path Group:             sys_clk_pin
  Path Type:              Hold (Min at Fast Process Corner)
  Requirement:            0.000ns  (sys_clk_pin rise@0.000ns - sys_clk_pin rise@0.000ns)
  Data Path Delay:        0.431ns  (logic 0.209ns (48.529%)  route 0.222ns (51.471%))
  Logic Levels:           1  (LUT6=1)
  Clock Path Skew:        0.257ns (DCD - SCD - CPR)
    Destination Clock Delay (DCD):    2.007ns
    Source Clock Delay      (SCD):    1.498ns
    Clock Pessimism Removal (CPR):    0.252ns

    Location             Delay type                Incr(ns)  Path(ns)    Netlist Resource(s)
  -------------------------------------------------------------------    -------------------
                         (clock sys_clk_pin rise edge)
                                                      0.000     0.000 r  
    Y9                                                0.000     0.000 r  clk (IN)
                         net (fo=0)                   0.000     0.000    clk
    Y9                   IBUF (Prop_ibuf_I_O)         0.258     0.258 r  clk_IBUF_inst/O
                         net (fo=1, routed)           0.663     0.921    clk_IBUF
    BUFGCTRL_X0Y0        BUFG (Prop_bufg_I_O)         0.026     0.947 r  clk_IBUF_BUFG_inst/O
                         net (fo=8124, routed)        0.551     1.498    clk_IBUF_BUFG
    SLICE_X42Y20         FDRE                                         r  state_reg[2]_rep__23/C
  -------------------------------------------------------------------    -------------------
    SLICE_X42Y20         FDRE (Prop_fdre_C_Q)         0.164     1.662 r  state_reg[2]_rep__23/Q
                         net (fo=124, routed)         0.222     1.884    state_reg[2]_rep__23_n_0
    SLICE_X51Y19         LUT6 (Prop_lut6_I0_O)        0.045     1.929 r  ans_hex[182][20]_i_1/O
                         net (fo=1, routed)           0.000     1.929    ans_hex[182][20]_i_1_n_0
    SLICE_X51Y19         FDRE                                         r  ans_hex_reg[182][20]/D
  -------------------------------------------------------------------    -------------------

                         (clock sys_clk_pin rise edge)
                                                      0.000     0.000 r  
    Y9                                                0.000     0.000 r  clk (IN)
                         net (fo=0)                   0.000     0.000    clk
    Y9                   IBUF (Prop_ibuf_I_O)         0.446     0.446 r  clk_IBUF_inst/O
                         net (fo=1, routed)           0.719     1.165    clk_IBUF
    BUFGCTRL_X0Y0        BUFG (Prop_bufg_I_O)         0.029     1.194 r  clk_IBUF_BUFG_inst/O
                         net (fo=8124, routed)        0.813     2.007    clk_IBUF_BUFG
    SLICE_X51Y19         FDRE                                         r  ans_hex_reg[182][20]/C
                         clock pessimism             -0.252     1.755    
    SLICE_X51Y19         FDRE (Hold_fdre_C_D)         0.092     1.847    ans_hex_reg[182][20]
  -------------------------------------------------------------------
                         required time                         -1.847    
                         arrival time                           1.929    
  -------------------------------------------------------------------
                         slack                                  0.081    

Slack (MET) :             0.083ns  (arrival time - required time)
  Source:                 state_reg[2]_rep__23/C
                            (rising edge-triggered cell FDRE clocked by sys_clk_pin  {rise@0.000ns fall@5.000ns period=10.000ns})
  Destination:            ans_hex_reg[181][20]/D
                            (rising edge-triggered cell FDRE clocked by sys_clk_pin  {rise@0.000ns fall@5.000ns period=10.000ns})
  Path Group:             sys_clk_pin
  Path Type:              Hold (Min at Fast Process Corner)
  Requirement:            0.000ns  (sys_clk_pin rise@0.000ns - sys_clk_pin rise@0.000ns)
  Data Path Delay:        0.432ns  (logic 0.209ns (48.417%)  route 0.223ns (51.583%))
  Logic Levels:           1  (LUT6=1)
  Clock Path Skew:        0.257ns (DCD - SCD - CPR)
    Destination Clock Delay (DCD):    2.007ns
    Source Clock Delay      (SCD):    1.498ns
    Clock Pessimism Removal (CPR):    0.252ns

    Location             Delay type                Incr(ns)  Path(ns)    Netlist Resource(s)
  -------------------------------------------------------------------    -------------------
                         (clock sys_clk_pin rise edge)
                                                      0.000     0.000 r  
    Y9                                                0.000     0.000 r  clk (IN)
                         net (fo=0)                   0.000     0.000    clk
    Y9                   IBUF (Prop_ibuf_I_O)         0.258     0.258 r  clk_IBUF_inst/O
                         net (fo=1, routed)           0.663     0.921    clk_IBUF
    BUFGCTRL_X0Y0        BUFG (Prop_bufg_I_O)         0.026     0.947 r  clk_IBUF_BUFG_inst/O
                         net (fo=8124, routed)        0.551     1.498    clk_IBUF_BUFG
    SLICE_X42Y20         FDRE                                         r  state_reg[2]_rep__23/C
  -------------------------------------------------------------------    -------------------
    SLICE_X42Y20         FDRE (Prop_fdre_C_Q)         0.164     1.662 r  state_reg[2]_rep__23/Q
                         net (fo=124, routed)         0.223     1.885    state_reg[2]_rep__23_n_0
    SLICE_X51Y19         LUT6 (Prop_lut6_I0_O)        0.045     1.930 r  ans_hex[181][20]_i_1/O
                         net (fo=1, routed)           0.000     1.930    p_1_in__2[20]
    SLICE_X51Y19         FDRE                                         r  ans_hex_reg[181][20]/D
  -------------------------------------------------------------------    -------------------

                         (clock sys_clk_pin rise edge)
                                                      0.000     0.000 r  
    Y9                                                0.000     0.000 r  clk (IN)
                         net (fo=0)                   0.000     0.000    clk
    Y9                   IBUF (Prop_ibuf_I_O)         0.446     0.446 r  clk_IBUF_inst/O
                         net (fo=1, routed)           0.719     1.165    clk_IBUF
    BUFGCTRL_X0Y0        BUFG (Prop_bufg_I_O)         0.029     1.194 r  clk_IBUF_BUFG_inst/O
                         net (fo=8124, routed)        0.813     2.007    clk_IBUF_BUFG
    SLICE_X51Y19         FDRE                                         r  ans_hex_reg[181][20]/C
                         clock pessimism             -0.252     1.755    
    SLICE_X51Y19         FDRE (Hold_fdre_C_D)         0.091     1.846    ans_hex_reg[181][20]
  -------------------------------------------------------------------
                         required time                         -1.846    
                         arrival time                           1.930    
  -------------------------------------------------------------------
                         slack                                  0.083    

Slack (MET) :             0.091ns  (arrival time - required time)
  Source:                 ans_hex_reg[188][16]/C
                            (rising edge-triggered cell FDRE clocked by sys_clk_pin  {rise@0.000ns fall@5.000ns period=10.000ns})
  Destination:            ans_hex_reg[187][16]/D
                            (rising edge-triggered cell FDRE clocked by sys_clk_pin  {rise@0.000ns fall@5.000ns period=10.000ns})
  Path Group:             sys_clk_pin
  Path Type:              Hold (Min at Fast Process Corner)
  Requirement:            0.000ns  (sys_clk_pin rise@0.000ns - sys_clk_pin rise@0.000ns)
  Data Path Delay:        0.466ns  (logic 0.186ns (39.930%)  route 0.280ns (60.070%))
  Logic Levels:           1  (LUT5=1)
  Clock Path Skew:        0.253ns (DCD - SCD - CPR)
    Destination Clock Delay (DCD):    2.002ns
    Source Clock Delay      (SCD):    1.497ns
    Clock Pessimism Removal (CPR):    0.252ns

    Location             Delay type                Incr(ns)  Path(ns)    Netlist Resource(s)
  -------------------------------------------------------------------    -------------------
                         (clock sys_clk_pin rise edge)
                                                      0.000     0.000 r  
    Y9                                                0.000     0.000 r  clk (IN)
                         net (fo=0)                   0.000     0.000    clk
    Y9                   IBUF (Prop_ibuf_I_O)         0.258     0.258 r  clk_IBUF_inst/O
                         net (fo=1, routed)           0.663     0.921    clk_IBUF
    BUFGCTRL_X0Y0        BUFG (Prop_bufg_I_O)         0.026     0.947 r  clk_IBUF_BUFG_inst/O
                         net (fo=8124, routed)        0.550     1.497    clk_IBUF_BUFG
    SLICE_X47Y27         FDRE                                         r  ans_hex_reg[188][16]/C
  -------------------------------------------------------------------    -------------------
    SLICE_X47Y27         FDRE (Prop_fdre_C_Q)         0.141     1.638 r  ans_hex_reg[188][16]/Q
                         net (fo=3, routed)           0.280     1.918    ans_hex_reg[188][16]
    SLICE_X50Y26         LUT5 (Prop_lut5_I3_O)        0.045     1.963 r  ans_hex[187][16]_i_1/O
                         net (fo=1, routed)           0.000     1.963    ans_hex[187][16]_i_1_n_0
    SLICE_X50Y26         FDRE                                         r  ans_hex_reg[187][16]/D
  -------------------------------------------------------------------    -------------------

                         (clock sys_clk_pin rise edge)
                                                      0.000     0.000 r  
    Y9                                                0.000     0.000 r  clk (IN)
                         net (fo=0)                   0.000     0.000    clk
    Y9                   IBUF (Prop_ibuf_I_O)         0.446     0.446 r  clk_IBUF_inst/O
                         net (fo=1, routed)           0.719     1.165    clk_IBUF
    BUFGCTRL_X0Y0        BUFG (Prop_bufg_I_O)         0.029     1.194 r  clk_IBUF_BUFG_inst/O
                         net (fo=8124, routed)        0.808     2.002    clk_IBUF_BUFG
    SLICE_X50Y26         FDRE                                         r  ans_hex_reg[187][16]/C
                         clock pessimism             -0.252     1.750    
    SLICE_X50Y26         FDRE (Hold_fdre_C_D)         0.121     1.871    ans_hex_reg[187][16]
  -------------------------------------------------------------------
                         required time                         -1.871    
                         arrival time                           1.963    
  -------------------------------------------------------------------
                         slack                                  0.091    

Slack (MET) :             0.104ns  (arrival time - required time)
  Source:                 ans_reg[85][9]/C
                            (rising edge-triggered cell FDRE clocked by sys_clk_pin  {rise@0.000ns fall@5.000ns period=10.000ns})
  Destination:            ans_hex_reg[85][17]/D
                            (rising edge-triggered cell FDRE clocked by sys_clk_pin  {rise@0.000ns fall@5.000ns period=10.000ns})
  Path Group:             sys_clk_pin
  Path Type:              Hold (Min at Fast Process Corner)
  Requirement:            0.000ns  (sys_clk_pin rise@0.000ns - sys_clk_pin rise@0.000ns)
  Data Path Delay:        0.238ns  (logic 0.186ns (78.117%)  route 0.052ns (21.883%))
  Logic Levels:           1  (LUT6=1)
  Clock Path Skew:        0.013ns (DCD - SCD - CPR)
    Destination Clock Delay (DCD):    2.042ns
    Source Clock Delay      (SCD):    1.526ns
    Clock Pessimism Removal (CPR):    0.503ns

    Location             Delay type                Incr(ns)  Path(ns)    Netlist Resource(s)
  -------------------------------------------------------------------    -------------------
                         (clock sys_clk_pin rise edge)
                                                      0.000     0.000 r  
    Y9                                                0.000     0.000 r  clk (IN)
                         net (fo=0)                   0.000     0.000    clk
    Y9                   IBUF (Prop_ibuf_I_O)         0.258     0.258 r  clk_IBUF_inst/O
                         net (fo=1, routed)           0.663     0.921    clk_IBUF
    BUFGCTRL_X0Y0        BUFG (Prop_bufg_I_O)         0.026     0.947 r  clk_IBUF_BUFG_inst/O
                         net (fo=8124, routed)        0.579     1.526    clk_IBUF_BUFG
    SLICE_X59Y38         FDRE                                         r  ans_reg[85][9]/C
  -------------------------------------------------------------------    -------------------
    SLICE_X59Y38         FDRE (Prop_fdre_C_Q)         0.141     1.667 r  ans_reg[85][9]/Q
                         net (fo=1, routed)           0.052     1.719    ans_reg_n_0_[85][9]
    SLICE_X58Y38         LUT6 (Prop_lut6_I5_O)        0.045     1.764 r  ans_hex[85][17]_i_1/O
                         net (fo=1, routed)           0.000     1.764    ans_hex[85][17]_i_1_n_0
    SLICE_X58Y38         FDRE                                         r  ans_hex_reg[85][17]/D
  -------------------------------------------------------------------    -------------------

                         (clock sys_clk_pin rise edge)
                                                      0.000     0.000 r  
    Y9                                                0.000     0.000 r  clk (IN)
                         net (fo=0)                   0.000     0.000    clk
    Y9                   IBUF (Prop_ibuf_I_O)         0.446     0.446 r  clk_IBUF_inst/O
                         net (fo=1, routed)           0.719     1.165    clk_IBUF
    BUFGCTRL_X0Y0        BUFG (Prop_bufg_I_O)         0.029     1.194 r  clk_IBUF_BUFG_inst/O
                         net (fo=8124, routed)        0.848     2.042    clk_IBUF_BUFG
    SLICE_X58Y38         FDRE                                         r  ans_hex_reg[85][17]/C
                         clock pessimism             -0.503     1.539    
    SLICE_X58Y38         FDRE (Hold_fdre_C_D)         0.121     1.660    ans_hex_reg[85][17]
  -------------------------------------------------------------------
                         required time                         -1.660    
                         arrival time                           1.764    
  -------------------------------------------------------------------
                         slack                                  0.104    

Slack (MET) :             0.104ns  (arrival time - required time)
  Source:                 state_reg[1]_rep__7/C
                            (rising edge-triggered cell FDRE clocked by sys_clk_pin  {rise@0.000ns fall@5.000ns period=10.000ns})
  Destination:            ans_hex_reg[32][16]/D
                            (rising edge-triggered cell FDRE clocked by sys_clk_pin  {rise@0.000ns fall@5.000ns period=10.000ns})
  Path Group:             sys_clk_pin
  Path Type:              Hold (Min at Fast Process Corner)
  Requirement:            0.000ns  (sys_clk_pin rise@0.000ns - sys_clk_pin rise@0.000ns)
  Data Path Delay:        0.461ns  (logic 0.186ns (40.373%)  route 0.275ns (59.627%))
  Logic Levels:           1  (LUT6=1)
  Clock Path Skew:        0.264ns (DCD - SCD - CPR)
    Destination Clock Delay (DCD):    2.011ns
    Source Clock Delay      (SCD):    1.495ns
    Clock Pessimism Removal (CPR):    0.252ns

    Location             Delay type                Incr(ns)  Path(ns)    Netlist Resource(s)
  -------------------------------------------------------------------    -------------------
                         (clock sys_clk_pin rise edge)
                                                      0.000     0.000 r  
    Y9                                                0.000     0.000 r  clk (IN)
                         net (fo=0)                   0.000     0.000    clk
    Y9                   IBUF (Prop_ibuf_I_O)         0.258     0.258 r  clk_IBUF_inst/O
                         net (fo=1, routed)           0.663     0.921    clk_IBUF
    BUFGCTRL_X0Y0        BUFG (Prop_bufg_I_O)         0.026     0.947 r  clk_IBUF_BUFG_inst/O
                         net (fo=8124, routed)        0.548     1.495    clk_IBUF_BUFG
    SLICE_X53Y30         FDRE                                         r  state_reg[1]_rep__7/C
  -------------------------------------------------------------------    -------------------
    SLICE_X53Y30         FDRE (Prop_fdre_C_Q)         0.141     1.636 r  state_reg[1]_rep__7/Q
                         net (fo=124, routed)         0.275     1.911    state_reg[1]_rep__7_n_0
    SLICE_X47Y30         LUT6 (Prop_lut6_I2_O)        0.045     1.956 r  ans_hex[32][16]_i_1/O
                         net (fo=1, routed)           0.000     1.956    ans_hex[32][16]_i_1_n_0
    SLICE_X47Y30         FDRE                                         r  ans_hex_reg[32][16]/D
  -------------------------------------------------------------------    -------------------

                         (clock sys_clk_pin rise edge)
                                                      0.000     0.000 r  
    Y9                                                0.000     0.000 r  clk (IN)
                         net (fo=0)                   0.000     0.000    clk
    Y9                   IBUF (Prop_ibuf_I_O)         0.446     0.446 r  clk_IBUF_inst/O
                         net (fo=1, routed)           0.719     1.165    clk_IBUF
    BUFGCTRL_X0Y0        BUFG (Prop_bufg_I_O)         0.029     1.194 r  clk_IBUF_BUFG_inst/O
                         net (fo=8124, routed)        0.817     2.011    clk_IBUF_BUFG
    SLICE_X47Y30         FDRE                                         r  ans_hex_reg[32][16]/C
                         clock pessimism             -0.252     1.759    
    SLICE_X47Y30         FDRE (Hold_fdre_C_D)         0.092     1.851    ans_hex_reg[32][16]
  -------------------------------------------------------------------
                         required time                         -1.851    
                         arrival time                           1.956    
  -------------------------------------------------------------------
                         slack                                  0.104    





Pulse Width Checks
--------------------------------------------------------------------------------------
Clock Name:         sys_clk_pin
Waveform(ns):       { 0.000 5.000 }
Period(ns):         10.000
Sources:            { clk }

Check Type        Corner  Lib Pin  Reference Pin  Required(ns)  Actual(ns)  Slack(ns)  Location       Pin
Min Period        n/a     BUFG/I   n/a            2.155         10.000      7.845      BUFGCTRL_X0Y0  clk_IBUF_BUFG_inst/I
Min Period        n/a     FDRE/C   n/a            1.000         10.000      9.000      SLICE_X52Y34   ans_cnt_reg[0]/C
Min Period        n/a     FDRE/C   n/a            1.000         10.000      9.000      SLICE_X53Y34   ans_cnt_reg[1]/C
Min Period        n/a     FDRE/C   n/a            1.000         10.000      9.000      SLICE_X53Y34   ans_cnt_reg[2]/C
Min Period        n/a     FDRE/C   n/a            1.000         10.000      9.000      SLICE_X53Y34   ans_cnt_reg[3]/C
Min Period        n/a     FDRE/C   n/a            1.000         10.000      9.000      SLICE_X52Y34   ans_cnt_reg[4]/C
Min Period        n/a     FDRE/C   n/a            1.000         10.000      9.000      SLICE_X53Y33   ans_cnt_reg[5]/C
Min Period        n/a     FDRE/C   n/a            1.000         10.000      9.000      SLICE_X52Y34   ans_cnt_reg[6]/C
Min Period        n/a     FDRE/C   n/a            1.000         10.000      9.000      SLICE_X53Y34   ans_cnt_reg[7]/C
Min Period        n/a     FDRE/C   n/a            1.000         10.000      9.000      SLICE_X34Y26   ans_hex_reg[0][0]/C
Low Pulse Width   Slow    FDRE/C   n/a            0.500         5.000       4.500      SLICE_X52Y34   ans_cnt_reg[0]/C
Low Pulse Width   Fast    FDRE/C   n/a            0.500         5.000       4.500      SLICE_X52Y34   ans_cnt_reg[0]/C
Low Pulse Width   Slow    FDRE/C   n/a            0.500         5.000       4.500      SLICE_X53Y34   ans_cnt_reg[1]/C
Low Pulse Width   Fast    FDRE/C   n/a            0.500         5.000       4.500      SLICE_X53Y34   ans_cnt_reg[1]/C
Low Pulse Width   Slow    FDRE/C   n/a            0.500         5.000       4.500      SLICE_X53Y34   ans_cnt_reg[2]/C
Low Pulse Width   Fast    FDRE/C   n/a            0.500         5.000       4.500      SLICE_X53Y34   ans_cnt_reg[2]/C
Low Pulse Width   Slow    FDRE/C   n/a            0.500         5.000       4.500      SLICE_X53Y34   ans_cnt_reg[3]/C
Low Pulse Width   Fast    FDRE/C   n/a            0.500         5.000       4.500      SLICE_X53Y34   ans_cnt_reg[3]/C
Low Pulse Width   Slow    FDRE/C   n/a            0.500         5.000       4.500      SLICE_X52Y34   ans_cnt_reg[4]/C
Low Pulse Width   Fast    FDRE/C   n/a            0.500         5.000       4.500      SLICE_X52Y34   ans_cnt_reg[4]/C
High Pulse Width  Slow    FDRE/C   n/a            0.500         5.000       4.500      SLICE_X52Y34   ans_cnt_reg[0]/C
High Pulse Width  Fast    FDRE/C   n/a            0.500         5.000       4.500      SLICE_X52Y34   ans_cnt_reg[0]/C
High Pulse Width  Slow    FDRE/C   n/a            0.500         5.000       4.500      SLICE_X53Y34   ans_cnt_reg[1]/C
High Pulse Width  Fast    FDRE/C   n/a            0.500         5.000       4.500      SLICE_X53Y34   ans_cnt_reg[1]/C
High Pulse Width  Slow    FDRE/C   n/a            0.500         5.000       4.500      SLICE_X53Y34   ans_cnt_reg[2]/C
High Pulse Width  Fast    FDRE/C   n/a            0.500         5.000       4.500      SLICE_X53Y34   ans_cnt_reg[2]/C
High Pulse Width  Slow    FDRE/C   n/a            0.500         5.000       4.500      SLICE_X53Y34   ans_cnt_reg[3]/C
High Pulse Width  Fast    FDRE/C   n/a            0.500         5.000       4.500      SLICE_X53Y34   ans_cnt_reg[3]/C
High Pulse Width  Slow    FDRE/C   n/a            0.500         5.000       4.500      SLICE_X52Y34   ans_cnt_reg[4]/C
High Pulse Width  Fast    FDRE/C   n/a            0.500         5.000       4.500      SLICE_X52Y34   ans_cnt_reg[4]/C



--------------------------------------------------------------------------------------
Path Group:  (none)
From Clock:  sys_clk_pin
  To Clock:  

Max Delay             7 Endpoints
Min Delay             7 Endpoints
--------------------------------------------------------------------------------------


Max Delay Paths
--------------------------------------------------------------------------------------
Slack:                    inf
  Source:                 lcd0/init_e_reg/C
                            (rising edge-triggered cell FDRE clocked by sys_clk_pin  {rise@0.000ns fall@5.000ns period=10.000ns})
  Destination:            LCD_E
                            (output port)
  Path Group:             (none)
  Path Type:              Max at Slow Process Corner
  Data Path Delay:        9.366ns  (logic 4.327ns (46.196%)  route 5.039ns (53.804%))
  Logic Levels:           2  (LUT3=1 OBUF=1)
  Clock Uncertainty:      0.025ns  ((TSJ^2 + TIJ^2)^1/2 + DJ) / 2 + PE
    Total System Jitter     (TSJ):    0.050ns
    Total Input Jitter      (TIJ):    0.000ns
    Discrete Jitter          (DJ):    0.000ns
    Phase Error              (PE):    0.000ns

    Location             Delay type                Incr(ns)  Path(ns)    Netlist Resource(s)
  -------------------------------------------------------------------    -------------------
                         (clock sys_clk_pin rise edge)
                                                      0.000     0.000 r  
    Y9                                                0.000     0.000 r  clk (IN)
                         net (fo=0)                   0.000     0.000    clk
    Y9                   IBUF (Prop_ibuf_I_O)         1.490     1.490 r  clk_IBUF_inst/O
                         net (fo=1, routed)           2.171     3.661    clk_IBUF
    BUFGCTRL_X0Y0        BUFG (Prop_bufg_I_O)         0.101     3.762 r  clk_IBUF_BUFG_inst/O
                         net (fo=8124, routed)        1.658     5.420    lcd0/clk_IBUF_BUFG
    SLICE_X38Y16         FDRE                                         r  lcd0/init_e_reg/C
  -------------------------------------------------------------------    -------------------
    SLICE_X38Y16         FDRE (Prop_fdre_C_Q)         0.478     5.898 r  lcd0/init_e_reg/Q
                         net (fo=1, routed)           1.137     7.035    lcd0/init_e
    SLICE_X38Y18         LUT3 (Prop_lut3_I2_O)        0.295     7.330 r  lcd0/LCD_E_OBUF_inst_i_1/O
                         net (fo=1, routed)           3.902    11.232    LCD_E_OBUF
    V10                  OBUF (Prop_obuf_I_O)         3.554    14.786 r  LCD_E_OBUF_inst/O
                         net (fo=0)                   0.000    14.786    LCD_E
    V10                                                               r  LCD_E (OUT)
  -------------------------------------------------------------------    -------------------

Slack:                    inf
  Source:                 lcd0/lcd_initialized_reg/C
                            (rising edge-triggered cell FDRE clocked by sys_clk_pin  {rise@0.000ns fall@5.000ns period=10.000ns})
  Destination:            LCD_RW
                            (output port)
  Path Group:             (none)
  Path Type:              Max at Slow Process Corner
  Data Path Delay:        9.212ns  (logic 4.466ns (48.477%)  route 4.747ns (51.523%))
  Logic Levels:           2  (LUT3=1 OBUF=1)
  Clock Uncertainty:      0.025ns  ((TSJ^2 + TIJ^2)^1/2 + DJ) / 2 + PE
    Total System Jitter     (TSJ):    0.050ns
    Total Input Jitter      (TIJ):    0.000ns
    Discrete Jitter          (DJ):    0.000ns
    Phase Error              (PE):    0.000ns

    Location             Delay type                Incr(ns)  Path(ns)    Netlist Resource(s)
  -------------------------------------------------------------------    -------------------
                         (clock sys_clk_pin rise edge)
                                                      0.000     0.000 r  
    Y9                                                0.000     0.000 r  clk (IN)
                         net (fo=0)                   0.000     0.000    clk
    Y9                   IBUF (Prop_ibuf_I_O)         1.490     1.490 r  clk_IBUF_inst/O
                         net (fo=1, routed)           2.171     3.661    clk_IBUF
    BUFGCTRL_X0Y0        BUFG (Prop_bufg_I_O)         0.101     3.762 r  clk_IBUF_BUFG_inst/O
                         net (fo=8124, routed)        1.655     5.417    lcd0/clk_IBUF_BUFG
    SLICE_X37Y18         FDRE                                         r  lcd0/lcd_initialized_reg/C
  -------------------------------------------------------------------    -------------------
    SLICE_X37Y18         FDRE (Prop_fdre_C_Q)         0.456     5.873 r  lcd0/lcd_initialized_reg/Q
                         net (fo=44, routed)          1.014     6.887    lcd0/lcd_initialized_reg_n_0
    SLICE_X38Y20         LUT3 (Prop_lut3_I1_O)        0.146     7.033 r  lcd0/LCD_RW_OBUF_inst_i_1/O
                         net (fo=1, routed)           3.733    10.766    LCD_RW_OBUF
    W11                  OBUF (Prop_obuf_I_O)         3.864    14.630 r  LCD_RW_OBUF_inst/O
                         net (fo=0)                   0.000    14.630    LCD_RW
    W11                                                               r  LCD_RW (OUT)
  -------------------------------------------------------------------    -------------------

Slack:                    inf
  Source:                 lcd0/lcd_initialized_reg/C
                            (rising edge-triggered cell FDRE clocked by sys_clk_pin  {rise@0.000ns fall@5.000ns period=10.000ns})
  Destination:            LCD_RS
                            (output port)
  Path Group:             (none)
  Path Type:              Max at Slow Process Corner
  Data Path Delay:        8.995ns  (logic 4.306ns (47.877%)  route 4.688ns (52.123%))
  Logic Levels:           2  (LUT2=1 OBUF=1)
  Clock Uncertainty:      0.025ns  ((TSJ^2 + TIJ^2)^1/2 + DJ) / 2 + PE
    Total System Jitter     (TSJ):    0.050ns
    Total Input Jitter      (TIJ):    0.000ns
    Discrete Jitter          (DJ):    0.000ns
    Phase Error              (PE):    0.000ns

    Location             Delay type                Incr(ns)  Path(ns)    Netlist Resource(s)
  -------------------------------------------------------------------    -------------------
                         (clock sys_clk_pin rise edge)
                                                      0.000     0.000 r  
    Y9                                                0.000     0.000 r  clk (IN)
                         net (fo=0)                   0.000     0.000    clk
    Y9                   IBUF (Prop_ibuf_I_O)         1.490     1.490 r  clk_IBUF_inst/O
                         net (fo=1, routed)           2.171     3.661    clk_IBUF
    BUFGCTRL_X0Y0        BUFG (Prop_bufg_I_O)         0.101     3.762 r  clk_IBUF_BUFG_inst/O
                         net (fo=8124, routed)        1.655     5.417    lcd0/clk_IBUF_BUFG
    SLICE_X37Y18         FDRE                                         r  lcd0/lcd_initialized_reg/C
  -------------------------------------------------------------------    -------------------
    SLICE_X37Y18         FDRE (Prop_fdre_C_Q)         0.456     5.873 r  lcd0/lcd_initialized_reg/Q
                         net (fo=44, routed)          1.014     6.887    lcd0/lcd_initialized_reg_n_0
    SLICE_X38Y20         LUT2 (Prop_lut2_I0_O)        0.124     7.011 r  lcd0/LCD_RS_OBUF_inst_i_1/O
                         net (fo=1, routed)           3.674    10.686    LCD_RS_OBUF
    W12                  OBUF (Prop_obuf_I_O)         3.726    14.412 r  LCD_RS_OBUF_inst/O
                         net (fo=0)                   0.000    14.412    LCD_RS
    W12                                                               r  LCD_RS (OUT)
  -------------------------------------------------------------------    -------------------

Slack:                    inf
  Source:                 lcd0/init_d_reg[3]/C
                            (rising edge-triggered cell FDRE clocked by sys_clk_pin  {rise@0.000ns fall@5.000ns period=10.000ns})
  Destination:            LCD_D[3]
                            (output port)
  Path Group:             (none)
  Path Type:              Max at Slow Process Corner
  Data Path Delay:        8.858ns  (logic 4.434ns (50.059%)  route 4.424ns (49.941%))
  Logic Levels:           2  (LUT3=1 OBUF=1)
  Clock Uncertainty:      0.025ns  ((TSJ^2 + TIJ^2)^1/2 + DJ) / 2 + PE
    Total System Jitter     (TSJ):    0.050ns
    Total Input Jitter      (TIJ):    0.000ns
    Discrete Jitter          (DJ):    0.000ns
    Phase Error              (PE):    0.000ns

    Location             Delay type                Incr(ns)  Path(ns)    Netlist Resource(s)
  -------------------------------------------------------------------    -------------------
                         (clock sys_clk_pin rise edge)
                                                      0.000     0.000 r  
    Y9                                                0.000     0.000 r  clk (IN)
                         net (fo=0)                   0.000     0.000    clk
    Y9                   IBUF (Prop_ibuf_I_O)         1.490     1.490 r  clk_IBUF_inst/O
                         net (fo=1, routed)           2.171     3.661    clk_IBUF
    BUFGCTRL_X0Y0        BUFG (Prop_bufg_I_O)         0.101     3.762 r  clk_IBUF_BUFG_inst/O
                         net (fo=8124, routed)        1.653     5.415    lcd0/clk_IBUF_BUFG
    SLICE_X40Y19         FDRE                                         r  lcd0/init_d_reg[3]/C
  -------------------------------------------------------------------    -------------------
    SLICE_X40Y19         FDRE (Prop_fdre_C_Q)         0.456     5.871 r  lcd0/init_d_reg[3]/Q
                         net (fo=1, routed)           0.989     6.860    lcd0/init_d[3]
    SLICE_X38Y19         LUT3 (Prop_lut3_I2_O)        0.152     7.012 r  lcd0/LCD_D_OBUF[3]_inst_i_1/O
                         net (fo=1, routed)           3.435    10.447    LCD_D_OBUF[3]
    Y11                  OBUF (Prop_obuf_I_O)         3.826    14.273 r  LCD_D_OBUF[3]_inst/O
                         net (fo=0)                   0.000    14.273    LCD_D[3]
    Y11                                                               r  LCD_D[3] (OUT)
  -------------------------------------------------------------------    -------------------

Slack:                    inf
  Source:                 lcd0/lcd_initialized_reg/C
                            (rising edge-triggered cell FDRE clocked by sys_clk_pin  {rise@0.000ns fall@5.000ns period=10.000ns})
  Destination:            LCD_D[2]
                            (output port)
  Path Group:             (none)
  Path Type:              Max at Slow Process Corner
  Data Path Delay:        8.559ns  (logic 4.195ns (49.017%)  route 4.364ns (50.983%))
  Logic Levels:           2  (LUT3=1 OBUF=1)
  Clock Uncertainty:      0.025ns  ((TSJ^2 + TIJ^2)^1/2 + DJ) / 2 + PE
    Total System Jitter     (TSJ):    0.050ns
    Total Input Jitter      (TIJ):    0.000ns
    Discrete Jitter          (DJ):    0.000ns
    Phase Error              (PE):    0.000ns

    Location             Delay type                Incr(ns)  Path(ns)    Netlist Resource(s)
  -------------------------------------------------------------------    -------------------
                         (clock sys_clk_pin rise edge)
                                                      0.000     0.000 r  
    Y9                                                0.000     0.000 r  clk (IN)
                         net (fo=0)                   0.000     0.000    clk
    Y9                   IBUF (Prop_ibuf_I_O)         1.490     1.490 r  clk_IBUF_inst/O
                         net (fo=1, routed)           2.171     3.661    clk_IBUF
    BUFGCTRL_X0Y0        BUFG (Prop_bufg_I_O)         0.101     3.762 r  clk_IBUF_BUFG_inst/O
                         net (fo=8124, routed)        1.655     5.417    lcd0/clk_IBUF_BUFG
    SLICE_X37Y18         FDRE                                         r  lcd0/lcd_initialized_reg/C
  -------------------------------------------------------------------    -------------------
    SLICE_X37Y18         FDRE (Prop_fdre_C_Q)         0.456     5.873 r  lcd0/lcd_initialized_reg/Q
                         net (fo=44, routed)          0.863     6.736    lcd0/lcd_initialized_reg_n_0
    SLICE_X38Y19         LUT3 (Prop_lut3_I1_O)        0.124     6.860 r  lcd0/LCD_D_OBUF[2]_inst_i_1/O
                         net (fo=1, routed)           3.501    10.361    LCD_D_OBUF[2]
    AA11                 OBUF (Prop_obuf_I_O)         3.615    13.977 r  LCD_D_OBUF[2]_inst/O
                         net (fo=0)                   0.000    13.977    LCD_D[2]
    AA11                                                              r  LCD_D[2] (OUT)
  -------------------------------------------------------------------    -------------------

Slack:                    inf
  Source:                 lcd0/init_d_reg[1]/C
                            (rising edge-triggered cell FDRE clocked by sys_clk_pin  {rise@0.000ns fall@5.000ns period=10.000ns})
  Destination:            LCD_D[1]
                            (output port)
  Path Group:             (none)
  Path Type:              Max at Slow Process Corner
  Data Path Delay:        8.498ns  (logic 4.405ns (51.829%)  route 4.094ns (48.171%))
  Logic Levels:           2  (LUT3=1 OBUF=1)
  Clock Uncertainty:      0.025ns  ((TSJ^2 + TIJ^2)^1/2 + DJ) / 2 + PE
    Total System Jitter     (TSJ):    0.050ns
    Total Input Jitter      (TIJ):    0.000ns
    Discrete Jitter          (DJ):    0.000ns
    Phase Error              (PE):    0.000ns

    Location             Delay type                Incr(ns)  Path(ns)    Netlist Resource(s)
  -------------------------------------------------------------------    -------------------
                         (clock sys_clk_pin rise edge)
                                                      0.000     0.000 r  
    Y9                                                0.000     0.000 r  clk (IN)
                         net (fo=0)                   0.000     0.000    clk
    Y9                   IBUF (Prop_ibuf_I_O)         1.490     1.490 r  clk_IBUF_inst/O
                         net (fo=1, routed)           2.171     3.661    clk_IBUF
    BUFGCTRL_X0Y0        BUFG (Prop_bufg_I_O)         0.101     3.762 r  clk_IBUF_BUFG_inst/O
                         net (fo=8124, routed)        1.653     5.415    lcd0/clk_IBUF_BUFG
    SLICE_X40Y19         FDRE                                         r  lcd0/init_d_reg[1]/C
  -------------------------------------------------------------------    -------------------
    SLICE_X40Y19         FDRE (Prop_fdre_C_Q)         0.456     5.871 r  lcd0/init_d_reg[1]/Q
                         net (fo=1, routed)           0.759     6.630    lcd0/init_d[1]
    SLICE_X38Y19         LUT3 (Prop_lut3_I2_O)        0.150     6.780 r  lcd0/LCD_D_OBUF[1]_inst_i_1/O
                         net (fo=1, routed)           3.335    10.115    LCD_D_OBUF[1]
    Y10                  OBUF (Prop_obuf_I_O)         3.799    13.914 r  LCD_D_OBUF[1]_inst/O
                         net (fo=0)                   0.000    13.914    LCD_D[1]
    Y10                                                               r  LCD_D[1] (OUT)
  -------------------------------------------------------------------    -------------------

Slack:                    inf
  Source:                 lcd0/init_d_reg[0]/C
                            (rising edge-triggered cell FDRE clocked by sys_clk_pin  {rise@0.000ns fall@5.000ns period=10.000ns})
  Destination:            LCD_D[0]
                            (output port)
  Path Group:             (none)
  Path Type:              Max at Slow Process Corner
  Data Path Delay:        8.438ns  (logic 4.157ns (49.269%)  route 4.281ns (50.731%))
  Logic Levels:           2  (LUT3=1 OBUF=1)
  Clock Uncertainty:      0.025ns  ((TSJ^2 + TIJ^2)^1/2 + DJ) / 2 + PE
    Total System Jitter     (TSJ):    0.050ns
    Total Input Jitter      (TIJ):    0.000ns
    Discrete Jitter          (DJ):    0.000ns
    Phase Error              (PE):    0.000ns

    Location             Delay type                Incr(ns)  Path(ns)    Netlist Resource(s)
  -------------------------------------------------------------------    -------------------
                         (clock sys_clk_pin rise edge)
                                                      0.000     0.000 r  
    Y9                                                0.000     0.000 r  clk (IN)
                         net (fo=0)                   0.000     0.000    clk
    Y9                   IBUF (Prop_ibuf_I_O)         1.490     1.490 r  clk_IBUF_inst/O
                         net (fo=1, routed)           2.171     3.661    clk_IBUF
    BUFGCTRL_X0Y0        BUFG (Prop_bufg_I_O)         0.101     3.762 r  clk_IBUF_BUFG_inst/O
                         net (fo=8124, routed)        1.653     5.415    lcd0/clk_IBUF_BUFG
    SLICE_X40Y19         FDRE                                         r  lcd0/init_d_reg[0]/C
  -------------------------------------------------------------------    -------------------
    SLICE_X40Y19         FDRE (Prop_fdre_C_Q)         0.456     5.871 r  lcd0/init_d_reg[0]/Q
                         net (fo=1, routed)           0.847     6.718    lcd0/init_d[0]
    SLICE_X38Y19         LUT3 (Prop_lut3_I2_O)        0.124     6.842 r  lcd0/LCD_D_OBUF[0]_inst_i_1/O
                         net (fo=1, routed)           3.434    10.276    LCD_D_OBUF[0]
    AA9                  OBUF (Prop_obuf_I_O)         3.577    13.854 r  LCD_D_OBUF[0]_inst/O
                         net (fo=0)                   0.000    13.854    LCD_D[0]
    AA9                                                               r  LCD_D[0] (OUT)
  -------------------------------------------------------------------    -------------------





Min Delay Paths
--------------------------------------------------------------------------------------
Slack:                    inf
  Source:                 lcd0/text_d_reg[0]/C
                            (rising edge-triggered cell FDRE clocked by sys_clk_pin  {rise@0.000ns fall@5.000ns period=10.000ns})
  Destination:            LCD_D[0]
                            (output port)
  Path Group:             (none)
  Path Type:              Min at Fast Process Corner
  Data Path Delay:        2.874ns  (logic 1.487ns (51.736%)  route 1.387ns (48.264%))
  Logic Levels:           2  (LUT3=1 OBUF=1)
  Clock Uncertainty:      0.025ns  ((TSJ^2 + TIJ^2)^1/2 + DJ) / 2 + PE
    Total System Jitter     (TSJ):    0.050ns
    Total Input Jitter      (TIJ):    0.000ns
    Discrete Jitter          (DJ):    0.000ns
    Phase Error              (PE):    0.000ns

    Location             Delay type                Incr(ns)  Path(ns)    Netlist Resource(s)
  -------------------------------------------------------------------    -------------------
                         (clock sys_clk_pin rise edge)
                                                      0.000     0.000 r  
    Y9                                                0.000     0.000 r  clk (IN)
                         net (fo=0)                   0.000     0.000    clk
    Y9                   IBUF (Prop_ibuf_I_O)         0.258     0.258 r  clk_IBUF_inst/O
                         net (fo=1, routed)           0.663     0.921    clk_IBUF
    BUFGCTRL_X0Y0        BUFG (Prop_bufg_I_O)         0.026     0.947 r  clk_IBUF_BUFG_inst/O
                         net (fo=8124, routed)        0.552     1.499    lcd0/clk_IBUF_BUFG
    SLICE_X38Y19         FDRE                                         r  lcd0/text_d_reg[0]/C
  -------------------------------------------------------------------    -------------------
    SLICE_X38Y19         FDRE (Prop_fdre_C_Q)         0.164     1.663 r  lcd0/text_d_reg[0]/Q
                         net (fo=1, routed)           0.163     1.826    lcd0/text_d[0]
    SLICE_X38Y19         LUT3 (Prop_lut3_I0_O)        0.045     1.871 r  lcd0/LCD_D_OBUF[0]_inst_i_1/O
                         net (fo=1, routed)           1.224     3.095    LCD_D_OBUF[0]
    AA9                  OBUF (Prop_obuf_I_O)         1.278     4.373 r  LCD_D_OBUF[0]_inst/O
                         net (fo=0)                   0.000     4.373    LCD_D[0]
    AA9                                                               r  LCD_D[0] (OUT)
  -------------------------------------------------------------------    -------------------

Slack:                    inf
  Source:                 lcd0/text_d_reg[2]/C
                            (rising edge-triggered cell FDRE clocked by sys_clk_pin  {rise@0.000ns fall@5.000ns period=10.000ns})
  Destination:            LCD_D[2]
                            (output port)
  Path Group:             (none)
  Path Type:              Min at Fast Process Corner
  Data Path Delay:        2.918ns  (logic 1.562ns (53.518%)  route 1.356ns (46.482%))
  Logic Levels:           2  (LUT3=1 OBUF=1)
  Clock Uncertainty:      0.025ns  ((TSJ^2 + TIJ^2)^1/2 + DJ) / 2 + PE
    Total System Jitter     (TSJ):    0.050ns
    Total Input Jitter      (TIJ):    0.000ns
    Discrete Jitter          (DJ):    0.000ns
    Phase Error              (PE):    0.000ns

    Location             Delay type                Incr(ns)  Path(ns)    Netlist Resource(s)
  -------------------------------------------------------------------    -------------------
                         (clock sys_clk_pin rise edge)
                                                      0.000     0.000 r  
    Y9                                                0.000     0.000 r  clk (IN)
                         net (fo=0)                   0.000     0.000    clk
    Y9                   IBUF (Prop_ibuf_I_O)         0.258     0.258 r  clk_IBUF_inst/O
                         net (fo=1, routed)           0.663     0.921    clk_IBUF
    BUFGCTRL_X0Y0        BUFG (Prop_bufg_I_O)         0.026     0.947 r  clk_IBUF_BUFG_inst/O
                         net (fo=8124, routed)        0.552     1.499    lcd0/clk_IBUF_BUFG
    SLICE_X38Y19         FDRE                                         r  lcd0/text_d_reg[2]/C
  -------------------------------------------------------------------    -------------------
    SLICE_X38Y19         FDRE (Prop_fdre_C_Q)         0.148     1.647 r  lcd0/text_d_reg[2]/Q
                         net (fo=1, routed)           0.094     1.741    lcd0/text_d[2]
    SLICE_X38Y19         LUT3 (Prop_lut3_I0_O)        0.098     1.839 r  lcd0/LCD_D_OBUF[2]_inst_i_1/O
                         net (fo=1, routed)           1.262     3.101    LCD_D_OBUF[2]
    AA11                 OBUF (Prop_obuf_I_O)         1.316     4.417 r  LCD_D_OBUF[2]_inst/O
                         net (fo=0)                   0.000     4.417    LCD_D[2]
    AA11                                                              r  LCD_D[2] (OUT)
  -------------------------------------------------------------------    -------------------

Slack:                    inf
  Source:                 lcd0/text_d_reg[1]/C
                            (rising edge-triggered cell FDRE clocked by sys_clk_pin  {rise@0.000ns fall@5.000ns period=10.000ns})
  Destination:            LCD_D[1]
                            (output port)
  Path Group:             (none)
  Path Type:              Min at Fast Process Corner
  Data Path Delay:        3.002ns  (logic 1.569ns (52.267%)  route 1.433ns (47.733%))
  Logic Levels:           2  (LUT3=1 OBUF=1)
  Clock Uncertainty:      0.025ns  ((TSJ^2 + TIJ^2)^1/2 + DJ) / 2 + PE
    Total System Jitter     (TSJ):    0.050ns
    Total Input Jitter      (TIJ):    0.000ns
    Discrete Jitter          (DJ):    0.000ns
    Phase Error              (PE):    0.000ns

    Location             Delay type                Incr(ns)  Path(ns)    Netlist Resource(s)
  -------------------------------------------------------------------    -------------------
                         (clock sys_clk_pin rise edge)
                                                      0.000     0.000 r  
    Y9                                                0.000     0.000 r  clk (IN)
                         net (fo=0)                   0.000     0.000    clk
    Y9                   IBUF (Prop_ibuf_I_O)         0.258     0.258 r  clk_IBUF_inst/O
                         net (fo=1, routed)           0.663     0.921    clk_IBUF
    BUFGCTRL_X0Y0        BUFG (Prop_bufg_I_O)         0.026     0.947 r  clk_IBUF_BUFG_inst/O
                         net (fo=8124, routed)        0.552     1.499    lcd0/clk_IBUF_BUFG
    SLICE_X38Y19         FDRE                                         r  lcd0/text_d_reg[1]/C
  -------------------------------------------------------------------    -------------------
    SLICE_X38Y19         FDRE (Prop_fdre_C_Q)         0.164     1.663 r  lcd0/text_d_reg[1]/Q
                         net (fo=1, routed)           0.223     1.886    lcd0/text_d[1]
    SLICE_X38Y19         LUT3 (Prop_lut3_I0_O)        0.044     1.930 r  lcd0/LCD_D_OBUF[1]_inst_i_1/O
                         net (fo=1, routed)           1.210     3.140    LCD_D_OBUF[1]
    Y10                  OBUF (Prop_obuf_I_O)         1.361     4.501 r  LCD_D_OBUF[1]_inst/O
                         net (fo=0)                   0.000     4.501    LCD_D[1]
    Y10                                                               r  LCD_D[1] (OUT)
  -------------------------------------------------------------------    -------------------

Slack:                    inf
  Source:                 lcd0/text_e_reg/C
                            (rising edge-triggered cell FDRE clocked by sys_clk_pin  {rise@0.000ns fall@5.000ns period=10.000ns})
  Destination:            LCD_E
                            (output port)
  Path Group:             (none)
  Path Type:              Min at Fast Process Corner
  Data Path Delay:        3.075ns  (logic 1.463ns (47.580%)  route 1.612ns (52.420%))
  Logic Levels:           2  (LUT3=1 OBUF=1)
  Clock Uncertainty:      0.025ns  ((TSJ^2 + TIJ^2)^1/2 + DJ) / 2 + PE
    Total System Jitter     (TSJ):    0.050ns
    Total Input Jitter      (TIJ):    0.000ns
    Discrete Jitter          (DJ):    0.000ns
    Phase Error              (PE):    0.000ns

    Location             Delay type                Incr(ns)  Path(ns)    Netlist Resource(s)
  -------------------------------------------------------------------    -------------------
                         (clock sys_clk_pin rise edge)
                                                      0.000     0.000 r  
    Y9                                                0.000     0.000 r  clk (IN)
                         net (fo=0)                   0.000     0.000    clk
    Y9                   IBUF (Prop_ibuf_I_O)         0.258     0.258 r  clk_IBUF_inst/O
                         net (fo=1, routed)           0.663     0.921    clk_IBUF
    BUFGCTRL_X0Y0        BUFG (Prop_bufg_I_O)         0.026     0.947 r  clk_IBUF_BUFG_inst/O
                         net (fo=8124, routed)        0.553     1.500    lcd0/clk_IBUF_BUFG
    SLICE_X38Y18         FDRE                                         r  lcd0/text_e_reg/C
  -------------------------------------------------------------------    -------------------
    SLICE_X38Y18         FDRE (Prop_fdre_C_Q)         0.164     1.664 r  lcd0/text_e_reg/Q
                         net (fo=1, routed)           0.163     1.827    lcd0/text_e
    SLICE_X38Y18         LUT3 (Prop_lut3_I0_O)        0.045     1.872 r  lcd0/LCD_E_OBUF_inst_i_1/O
                         net (fo=1, routed)           1.449     3.321    LCD_E_OBUF
    V10                  OBUF (Prop_obuf_I_O)         1.254     4.575 r  LCD_E_OBUF_inst/O
                         net (fo=0)                   0.000     4.575    LCD_E
    V10                                                               r  LCD_E (OUT)
  -------------------------------------------------------------------    -------------------

Slack:                    inf
  Source:                 lcd0/text_d_reg[3]/C
                            (rising edge-triggered cell FDRE clocked by sys_clk_pin  {rise@0.000ns fall@5.000ns period=10.000ns})
  Destination:            LCD_D[3]
                            (output port)
  Path Group:             (none)
  Path Type:              Min at Fast Process Corner
  Data Path Delay:        3.087ns  (logic 1.583ns (51.283%)  route 1.504ns (48.717%))
  Logic Levels:           2  (LUT3=1 OBUF=1)
  Clock Uncertainty:      0.025ns  ((TSJ^2 + TIJ^2)^1/2 + DJ) / 2 + PE
    Total System Jitter     (TSJ):    0.050ns
    Total Input Jitter      (TIJ):    0.000ns
    Discrete Jitter          (DJ):    0.000ns
    Phase Error              (PE):    0.000ns

    Location             Delay type                Incr(ns)  Path(ns)    Netlist Resource(s)
  -------------------------------------------------------------------    -------------------
                         (clock sys_clk_pin rise edge)
                                                      0.000     0.000 r  
    Y9                                                0.000     0.000 r  clk (IN)
                         net (fo=0)                   0.000     0.000    clk
    Y9                   IBUF (Prop_ibuf_I_O)         0.258     0.258 r  clk_IBUF_inst/O
                         net (fo=1, routed)           0.663     0.921    clk_IBUF
    BUFGCTRL_X0Y0        BUFG (Prop_bufg_I_O)         0.026     0.947 r  clk_IBUF_BUFG_inst/O
                         net (fo=8124, routed)        0.552     1.499    lcd0/clk_IBUF_BUFG
    SLICE_X38Y19         FDRE                                         r  lcd0/text_d_reg[3]/C
  -------------------------------------------------------------------    -------------------
    SLICE_X38Y19         FDRE (Prop_fdre_C_Q)         0.164     1.663 r  lcd0/text_d_reg[3]/Q
                         net (fo=1, routed)           0.281     1.944    lcd0/text_d[3]
    SLICE_X38Y19         LUT3 (Prop_lut3_I0_O)        0.044     1.988 r  lcd0/LCD_D_OBUF[3]_inst_i_1/O
                         net (fo=1, routed)           1.223     3.211    LCD_D_OBUF[3]
    Y11                  OBUF (Prop_obuf_I_O)         1.375     4.586 r  LCD_D_OBUF[3]_inst/O
                         net (fo=0)                   0.000     4.586    LCD_D[3]
    Y11                                                               r  LCD_D[3] (OUT)
  -------------------------------------------------------------------    -------------------

Slack:                    inf
  Source:                 lcd0/text_rs_reg/C
                            (rising edge-triggered cell FDRE clocked by sys_clk_pin  {rise@0.000ns fall@5.000ns period=10.000ns})
  Destination:            LCD_RS
                            (output port)
  Path Group:             (none)
  Path Type:              Min at Fast Process Corner
  Data Path Delay:        3.176ns  (logic 1.634ns (51.459%)  route 1.542ns (48.541%))
  Logic Levels:           2  (LUT2=1 OBUF=1)
  Clock Uncertainty:      0.025ns  ((TSJ^2 + TIJ^2)^1/2 + DJ) / 2 + PE
    Total System Jitter     (TSJ):    0.050ns
    Total Input Jitter      (TIJ):    0.000ns
    Discrete Jitter          (DJ):    0.000ns
    Phase Error              (PE):    0.000ns

    Location             Delay type                Incr(ns)  Path(ns)    Netlist Resource(s)
  -------------------------------------------------------------------    -------------------
                         (clock sys_clk_pin rise edge)
                                                      0.000     0.000 r  
    Y9                                                0.000     0.000 r  clk (IN)
                         net (fo=0)                   0.000     0.000    clk
    Y9                   IBUF (Prop_ibuf_I_O)         0.258     0.258 r  clk_IBUF_inst/O
                         net (fo=1, routed)           0.663     0.921    clk_IBUF
    BUFGCTRL_X0Y0        BUFG (Prop_bufg_I_O)         0.026     0.947 r  clk_IBUF_BUFG_inst/O
                         net (fo=8124, routed)        0.552     1.499    lcd0/clk_IBUF_BUFG
    SLICE_X38Y19         FDRE                                         r  lcd0/text_rs_reg/C
  -------------------------------------------------------------------    -------------------
    SLICE_X38Y19         FDRE (Prop_fdre_C_Q)         0.164     1.663 r  lcd0/text_rs_reg/Q
                         net (fo=1, routed)           0.217     1.880    lcd0/text_rs_reg_n_0
    SLICE_X38Y20         LUT2 (Prop_lut2_I1_O)        0.045     1.925 r  lcd0/LCD_RS_OBUF_inst_i_1/O
                         net (fo=1, routed)           1.324     3.249    LCD_RS_OBUF
    W12                  OBUF (Prop_obuf_I_O)         1.425     4.675 r  LCD_RS_OBUF_inst/O
                         net (fo=0)                   0.000     4.675    LCD_RS
    W12                                                               r  LCD_RS (OUT)
  -------------------------------------------------------------------    -------------------

Slack:                    inf
  Source:                 lcd0/text_rw_reg/C
                            (rising edge-triggered cell FDRE clocked by sys_clk_pin  {rise@0.000ns fall@5.000ns period=10.000ns})
  Destination:            LCD_RW
                            (output port)
  Path Group:             (none)
  Path Type:              Min at Fast Process Corner
  Data Path Delay:        3.206ns  (logic 1.674ns (52.230%)  route 1.532ns (47.770%))
  Logic Levels:           2  (LUT3=1 OBUF=1)
  Clock Uncertainty:      0.025ns  ((TSJ^2 + TIJ^2)^1/2 + DJ) / 2 + PE
    Total System Jitter     (TSJ):    0.050ns
    Total Input Jitter      (TIJ):    0.000ns
    Discrete Jitter          (DJ):    0.000ns
    Phase Error              (PE):    0.000ns

    Location             Delay type                Incr(ns)  Path(ns)    Netlist Resource(s)
  -------------------------------------------------------------------    -------------------
                         (clock sys_clk_pin rise edge)
                                                      0.000     0.000 r  
    Y9                                                0.000     0.000 r  clk (IN)
                         net (fo=0)                   0.000     0.000    clk
    Y9                   IBUF (Prop_ibuf_I_O)         0.258     0.258 r  clk_IBUF_inst/O
                         net (fo=1, routed)           0.663     0.921    clk_IBUF
    BUFGCTRL_X0Y0        BUFG (Prop_bufg_I_O)         0.026     0.947 r  clk_IBUF_BUFG_inst/O
                         net (fo=8124, routed)        0.552     1.499    lcd0/clk_IBUF_BUFG
    SLICE_X38Y19         FDRE                                         r  lcd0/text_rw_reg/C
  -------------------------------------------------------------------    -------------------
    SLICE_X38Y19         FDRE (Prop_fdre_C_Q)         0.148     1.647 r  lcd0/text_rw_reg/Q
                         net (fo=1, routed)           0.145     1.792    lcd0/text_rw_reg_n_0
    SLICE_X38Y20         LUT3 (Prop_lut3_I0_O)        0.101     1.893 r  lcd0/LCD_RW_OBUF_inst_i_1/O
                         net (fo=1, routed)           1.387     3.279    LCD_RW_OBUF
    W11                  OBUF (Prop_obuf_I_O)         1.425     4.705 r  LCD_RW_OBUF_inst/O
                         net (fo=0)                   0.000     4.705    LCD_RW
    W11                                                               r  LCD_RW (OUT)
  -------------------------------------------------------------------    -------------------





--------------------------------------------------------------------------------------
Path Group:  (none)
From Clock:  
  To Clock:  sys_clk_pin

Max Delay          8152 Endpoints
Min Delay          8152 Endpoints
--------------------------------------------------------------------------------------


Max Delay Paths
--------------------------------------------------------------------------------------
Slack:                    inf
  Source:                 reset_n
                            (input port)
  Destination:            ans_hex_reg[87][7]/R
                            (rising edge-triggered cell FDRE clocked by sys_clk_pin  {rise@0.000ns fall@5.000ns period=10.000ns})
  Path Group:             (none)
  Path Type:              Setup (Max at Slow Process Corner)
  Data Path Delay:        20.770ns  (logic 1.611ns (7.755%)  route 19.160ns (92.245%))
  Logic Levels:           2  (IBUF=1 LUT1=1)
  Clock Path Skew:        5.058ns (DCD - SCD + CPR)
    Destination Clock Delay (DCD):    5.058ns
    Source Clock Delay      (SCD):    0.000ns
    Clock Pessimism Removal (CPR):    0.000ns
  Clock Uncertainty:      0.025ns  ((TSJ^2 + TIJ^2)^1/2 + DJ) / 2 + PE
    Total System Jitter     (TSJ):    0.050ns
    Total Input Jitter      (TIJ):    0.000ns
    Discrete Jitter          (DJ):    0.000ns
    Phase Error              (PE):    0.000ns

    Location             Delay type                Incr(ns)  Path(ns)    Netlist Resource(s)
  -------------------------------------------------------------------    -------------------
    F22                                               0.000     0.000 f  reset_n (IN)
                         net (fo=0)                   0.000     0.000    reset_n
    F22                  IBUF (Prop_ibuf_I_O)         1.487     1.487 f  reset_n_IBUF_inst/O
                         net (fo=5, routed)           3.597     5.084    lcd0/reset_n_IBUF
    SLICE_X86Y50         LUT1 (Prop_lut1_I0_O)        0.124     5.208 r  lcd0/ans[25][9]_i_1/O
                         net (fo=8038, routed)       15.563    20.770    lcd0_n_17
    SLICE_X20Y7          FDRE                                         r  ans_hex_reg[87][7]/R
  -------------------------------------------------------------------    -------------------

                         (clock sys_clk_pin rise edge)
                                                      0.000     0.000 r  
    Y9                                                0.000     0.000 r  clk (IN)
                         net (fo=0)                   0.000     0.000    clk
    Y9                   IBUF (Prop_ibuf_I_O)         1.420     1.420 r  clk_IBUF_inst/O
                         net (fo=1, routed)           1.972     3.392    clk_IBUF
    BUFGCTRL_X0Y0        BUFG (Prop_bufg_I_O)         0.091     3.483 r  clk_IBUF_BUFG_inst/O
                         net (fo=8124, routed)        1.575     5.058    clk_IBUF_BUFG
    SLICE_X20Y7          FDRE                                         r  ans_hex_reg[87][7]/C

Slack:                    inf
  Source:                 reset_n
                            (input port)
  Destination:            ans_hex_reg[88][7]/R
                            (rising edge-triggered cell FDRE clocked by sys_clk_pin  {rise@0.000ns fall@5.000ns period=10.000ns})
  Path Group:             (none)
  Path Type:              Setup (Max at Slow Process Corner)
  Data Path Delay:        20.770ns  (logic 1.611ns (7.755%)  route 19.160ns (92.245%))
  Logic Levels:           2  (IBUF=1 LUT1=1)
  Clock Path Skew:        5.058ns (DCD - SCD + CPR)
    Destination Clock Delay (DCD):    5.058ns
    Source Clock Delay      (SCD):    0.000ns
    Clock Pessimism Removal (CPR):    0.000ns
  Clock Uncertainty:      0.025ns  ((TSJ^2 + TIJ^2)^1/2 + DJ) / 2 + PE
    Total System Jitter     (TSJ):    0.050ns
    Total Input Jitter      (TIJ):    0.000ns
    Discrete Jitter          (DJ):    0.000ns
    Phase Error              (PE):    0.000ns

    Location             Delay type                Incr(ns)  Path(ns)    Netlist Resource(s)
  -------------------------------------------------------------------    -------------------
    F22                                               0.000     0.000 f  reset_n (IN)
                         net (fo=0)                   0.000     0.000    reset_n
    F22                  IBUF (Prop_ibuf_I_O)         1.487     1.487 f  reset_n_IBUF_inst/O
                         net (fo=5, routed)           3.597     5.084    lcd0/reset_n_IBUF
    SLICE_X86Y50         LUT1 (Prop_lut1_I0_O)        0.124     5.208 r  lcd0/ans[25][9]_i_1/O
                         net (fo=8038, routed)       15.563    20.770    lcd0_n_17
    SLICE_X20Y7          FDRE                                         r  ans_hex_reg[88][7]/R
  -------------------------------------------------------------------    -------------------

                         (clock sys_clk_pin rise edge)
                                                      0.000     0.000 r  
    Y9                                                0.000     0.000 r  clk (IN)
                         net (fo=0)                   0.000     0.000    clk
    Y9                   IBUF (Prop_ibuf_I_O)         1.420     1.420 r  clk_IBUF_inst/O
                         net (fo=1, routed)           1.972     3.392    clk_IBUF
    BUFGCTRL_X0Y0        BUFG (Prop_bufg_I_O)         0.091     3.483 r  clk_IBUF_BUFG_inst/O
                         net (fo=8124, routed)        1.575     5.058    clk_IBUF_BUFG
    SLICE_X20Y7          FDRE                                         r  ans_hex_reg[88][7]/C

Slack:                    inf
  Source:                 reset_n
                            (input port)
  Destination:            ans_hex_reg[89][7]/R
                            (rising edge-triggered cell FDRE clocked by sys_clk_pin  {rise@0.000ns fall@5.000ns period=10.000ns})
  Path Group:             (none)
  Path Type:              Setup (Max at Slow Process Corner)
  Data Path Delay:        20.770ns  (logic 1.611ns (7.755%)  route 19.160ns (92.245%))
  Logic Levels:           2  (IBUF=1 LUT1=1)
  Clock Path Skew:        5.058ns (DCD - SCD + CPR)
    Destination Clock Delay (DCD):    5.058ns
    Source Clock Delay      (SCD):    0.000ns
    Clock Pessimism Removal (CPR):    0.000ns
  Clock Uncertainty:      0.025ns  ((TSJ^2 + TIJ^2)^1/2 + DJ) / 2 + PE
    Total System Jitter     (TSJ):    0.050ns
    Total Input Jitter      (TIJ):    0.000ns
    Discrete Jitter          (DJ):    0.000ns
    Phase Error              (PE):    0.000ns

    Location             Delay type                Incr(ns)  Path(ns)    Netlist Resource(s)
  -------------------------------------------------------------------    -------------------
    F22                                               0.000     0.000 f  reset_n (IN)
                         net (fo=0)                   0.000     0.000    reset_n
    F22                  IBUF (Prop_ibuf_I_O)         1.487     1.487 f  reset_n_IBUF_inst/O
                         net (fo=5, routed)           3.597     5.084    lcd0/reset_n_IBUF
    SLICE_X86Y50         LUT1 (Prop_lut1_I0_O)        0.124     5.208 r  lcd0/ans[25][9]_i_1/O
                         net (fo=8038, routed)       15.563    20.770    lcd0_n_17
    SLICE_X20Y7          FDRE                                         r  ans_hex_reg[89][7]/R
  -------------------------------------------------------------------    -------------------

                         (clock sys_clk_pin rise edge)
                                                      0.000     0.000 r  
    Y9                                                0.000     0.000 r  clk (IN)
                         net (fo=0)                   0.000     0.000    clk
    Y9                   IBUF (Prop_ibuf_I_O)         1.420     1.420 r  clk_IBUF_inst/O
                         net (fo=1, routed)           1.972     3.392    clk_IBUF
    BUFGCTRL_X0Y0        BUFG (Prop_bufg_I_O)         0.091     3.483 r  clk_IBUF_BUFG_inst/O
                         net (fo=8124, routed)        1.575     5.058    clk_IBUF_BUFG
    SLICE_X20Y7          FDRE                                         r  ans_hex_reg[89][7]/C

Slack:                    inf
  Source:                 reset_n
                            (input port)
  Destination:            ans_hex_reg[92][18]/R
                            (rising edge-triggered cell FDRE clocked by sys_clk_pin  {rise@0.000ns fall@5.000ns period=10.000ns})
  Path Group:             (none)
  Path Type:              Setup (Max at Slow Process Corner)
  Data Path Delay:        20.770ns  (logic 1.611ns (7.755%)  route 19.160ns (92.245%))
  Logic Levels:           2  (IBUF=1 LUT1=1)
  Clock Path Skew:        5.058ns (DCD - SCD + CPR)
    Destination Clock Delay (DCD):    5.058ns
    Source Clock Delay      (SCD):    0.000ns
    Clock Pessimism Removal (CPR):    0.000ns
  Clock Uncertainty:      0.025ns  ((TSJ^2 + TIJ^2)^1/2 + DJ) / 2 + PE
    Total System Jitter     (TSJ):    0.050ns
    Total Input Jitter      (TIJ):    0.000ns
    Discrete Jitter          (DJ):    0.000ns
    Phase Error              (PE):    0.000ns

    Location             Delay type                Incr(ns)  Path(ns)    Netlist Resource(s)
  -------------------------------------------------------------------    -------------------
    F22                                               0.000     0.000 f  reset_n (IN)
                         net (fo=0)                   0.000     0.000    reset_n
    F22                  IBUF (Prop_ibuf_I_O)         1.487     1.487 f  reset_n_IBUF_inst/O
                         net (fo=5, routed)           3.597     5.084    lcd0/reset_n_IBUF
    SLICE_X86Y50         LUT1 (Prop_lut1_I0_O)        0.124     5.208 r  lcd0/ans[25][9]_i_1/O
                         net (fo=8038, routed)       15.563    20.770    lcd0_n_17
    SLICE_X20Y7          FDRE                                         r  ans_hex_reg[92][18]/R
  -------------------------------------------------------------------    -------------------

                         (clock sys_clk_pin rise edge)
                                                      0.000     0.000 r  
    Y9                                                0.000     0.000 r  clk (IN)
                         net (fo=0)                   0.000     0.000    clk
    Y9                   IBUF (Prop_ibuf_I_O)         1.420     1.420 r  clk_IBUF_inst/O
                         net (fo=1, routed)           1.972     3.392    clk_IBUF
    BUFGCTRL_X0Y0        BUFG (Prop_bufg_I_O)         0.091     3.483 r  clk_IBUF_BUFG_inst/O
                         net (fo=8124, routed)        1.575     5.058    clk_IBUF_BUFG
    SLICE_X20Y7          FDRE                                         r  ans_hex_reg[92][18]/C

Slack:                    inf
  Source:                 reset_n
                            (input port)
  Destination:            ans_hex_reg[91][23]/R
                            (rising edge-triggered cell FDRE clocked by sys_clk_pin  {rise@0.000ns fall@5.000ns period=10.000ns})
  Path Group:             (none)
  Path Type:              Setup (Max at Slow Process Corner)
  Data Path Delay:        20.763ns  (logic 1.611ns (7.758%)  route 19.152ns (92.242%))
  Logic Levels:           2  (IBUF=1 LUT1=1)
  Clock Path Skew:        5.056ns (DCD - SCD + CPR)
    Destination Clock Delay (DCD):    5.056ns
    Source Clock Delay      (SCD):    0.000ns
    Clock Pessimism Removal (CPR):    0.000ns
  Clock Uncertainty:      0.025ns  ((TSJ^2 + TIJ^2)^1/2 + DJ) / 2 + PE
    Total System Jitter     (TSJ):    0.050ns
    Total Input Jitter      (TIJ):    0.000ns
    Discrete Jitter          (DJ):    0.000ns
    Phase Error              (PE):    0.000ns

    Location             Delay type                Incr(ns)  Path(ns)    Netlist Resource(s)
  -------------------------------------------------------------------    -------------------
    F22                                               0.000     0.000 f  reset_n (IN)
                         net (fo=0)                   0.000     0.000    reset_n
    F22                  IBUF (Prop_ibuf_I_O)         1.487     1.487 f  reset_n_IBUF_inst/O
                         net (fo=5, routed)           3.597     5.084    lcd0/reset_n_IBUF
    SLICE_X86Y50         LUT1 (Prop_lut1_I0_O)        0.124     5.208 r  lcd0/ans[25][9]_i_1/O
                         net (fo=8038, routed)       15.555    20.763    lcd0_n_17
    SLICE_X20Y11         FDRE                                         r  ans_hex_reg[91][23]/R
  -------------------------------------------------------------------    -------------------

                         (clock sys_clk_pin rise edge)
                                                      0.000     0.000 r  
    Y9                                                0.000     0.000 r  clk (IN)
                         net (fo=0)                   0.000     0.000    clk
    Y9                   IBUF (Prop_ibuf_I_O)         1.420     1.420 r  clk_IBUF_inst/O
                         net (fo=1, routed)           1.972     3.392    clk_IBUF
    BUFGCTRL_X0Y0        BUFG (Prop_bufg_I_O)         0.091     3.483 r  clk_IBUF_BUFG_inst/O
                         net (fo=8124, routed)        1.573     5.056    clk_IBUF_BUFG
    SLICE_X20Y11         FDRE                                         r  ans_hex_reg[91][23]/C

Slack:                    inf
  Source:                 reset_n
                            (input port)
  Destination:            ans_hex_reg[92][23]/R
                            (rising edge-triggered cell FDRE clocked by sys_clk_pin  {rise@0.000ns fall@5.000ns period=10.000ns})
  Path Group:             (none)
  Path Type:              Setup (Max at Slow Process Corner)
  Data Path Delay:        20.763ns  (logic 1.611ns (7.758%)  route 19.152ns (92.242%))
  Logic Levels:           2  (IBUF=1 LUT1=1)
  Clock Path Skew:        5.056ns (DCD - SCD + CPR)
    Destination Clock Delay (DCD):    5.056ns
    Source Clock Delay      (SCD):    0.000ns
    Clock Pessimism Removal (CPR):    0.000ns
  Clock Uncertainty:      0.025ns  ((TSJ^2 + TIJ^2)^1/2 + DJ) / 2 + PE
    Total System Jitter     (TSJ):    0.050ns
    Total Input Jitter      (TIJ):    0.000ns
    Discrete Jitter          (DJ):    0.000ns
    Phase Error              (PE):    0.000ns

    Location             Delay type                Incr(ns)  Path(ns)    Netlist Resource(s)
  -------------------------------------------------------------------    -------------------
    F22                                               0.000     0.000 f  reset_n (IN)
                         net (fo=0)                   0.000     0.000    reset_n
    F22                  IBUF (Prop_ibuf_I_O)         1.487     1.487 f  reset_n_IBUF_inst/O
                         net (fo=5, routed)           3.597     5.084    lcd0/reset_n_IBUF
    SLICE_X86Y50         LUT1 (Prop_lut1_I0_O)        0.124     5.208 r  lcd0/ans[25][9]_i_1/O
                         net (fo=8038, routed)       15.555    20.763    lcd0_n_17
    SLICE_X20Y11         FDRE                                         r  ans_hex_reg[92][23]/R
  -------------------------------------------------------------------    -------------------

                         (clock sys_clk_pin rise edge)
                                                      0.000     0.000 r  
    Y9                                                0.000     0.000 r  clk (IN)
                         net (fo=0)                   0.000     0.000    clk
    Y9                   IBUF (Prop_ibuf_I_O)         1.420     1.420 r  clk_IBUF_inst/O
                         net (fo=1, routed)           1.972     3.392    clk_IBUF
    BUFGCTRL_X0Y0        BUFG (Prop_bufg_I_O)         0.091     3.483 r  clk_IBUF_BUFG_inst/O
                         net (fo=8124, routed)        1.573     5.056    clk_IBUF_BUFG
    SLICE_X20Y11         FDRE                                         r  ans_hex_reg[92][23]/C

Slack:                    inf
  Source:                 reset_n
                            (input port)
  Destination:            ans_hex_reg[93][23]/R
                            (rising edge-triggered cell FDRE clocked by sys_clk_pin  {rise@0.000ns fall@5.000ns period=10.000ns})
  Path Group:             (none)
  Path Type:              Setup (Max at Slow Process Corner)
  Data Path Delay:        20.763ns  (logic 1.611ns (7.758%)  route 19.152ns (92.242%))
  Logic Levels:           2  (IBUF=1 LUT1=1)
  Clock Path Skew:        5.056ns (DCD - SCD + CPR)
    Destination Clock Delay (DCD):    5.056ns
    Source Clock Delay      (SCD):    0.000ns
    Clock Pessimism Removal (CPR):    0.000ns
  Clock Uncertainty:      0.025ns  ((TSJ^2 + TIJ^2)^1/2 + DJ) / 2 + PE
    Total System Jitter     (TSJ):    0.050ns
    Total Input Jitter      (TIJ):    0.000ns
    Discrete Jitter          (DJ):    0.000ns
    Phase Error              (PE):    0.000ns

    Location             Delay type                Incr(ns)  Path(ns)    Netlist Resource(s)
  -------------------------------------------------------------------    -------------------
    F22                                               0.000     0.000 f  reset_n (IN)
                         net (fo=0)                   0.000     0.000    reset_n
    F22                  IBUF (Prop_ibuf_I_O)         1.487     1.487 f  reset_n_IBUF_inst/O
                         net (fo=5, routed)           3.597     5.084    lcd0/reset_n_IBUF
    SLICE_X86Y50         LUT1 (Prop_lut1_I0_O)        0.124     5.208 r  lcd0/ans[25][9]_i_1/O
                         net (fo=8038, routed)       15.555    20.763    lcd0_n_17
    SLICE_X20Y11         FDRE                                         r  ans_hex_reg[93][23]/R
  -------------------------------------------------------------------    -------------------

                         (clock sys_clk_pin rise edge)
                                                      0.000     0.000 r  
    Y9                                                0.000     0.000 r  clk (IN)
                         net (fo=0)                   0.000     0.000    clk
    Y9                   IBUF (Prop_ibuf_I_O)         1.420     1.420 r  clk_IBUF_inst/O
                         net (fo=1, routed)           1.972     3.392    clk_IBUF
    BUFGCTRL_X0Y0        BUFG (Prop_bufg_I_O)         0.091     3.483 r  clk_IBUF_BUFG_inst/O
                         net (fo=8124, routed)        1.573     5.056    clk_IBUF_BUFG
    SLICE_X20Y11         FDRE                                         r  ans_hex_reg[93][23]/C

Slack:                    inf
  Source:                 reset_n
                            (input port)
  Destination:            ans_hex_reg[94][23]/R
                            (rising edge-triggered cell FDRE clocked by sys_clk_pin  {rise@0.000ns fall@5.000ns period=10.000ns})
  Path Group:             (none)
  Path Type:              Setup (Max at Slow Process Corner)
  Data Path Delay:        20.763ns  (logic 1.611ns (7.758%)  route 19.152ns (92.242%))
  Logic Levels:           2  (IBUF=1 LUT1=1)
  Clock Path Skew:        5.056ns (DCD - SCD + CPR)
    Destination Clock Delay (DCD):    5.056ns
    Source Clock Delay      (SCD):    0.000ns
    Clock Pessimism Removal (CPR):    0.000ns
  Clock Uncertainty:      0.025ns  ((TSJ^2 + TIJ^2)^1/2 + DJ) / 2 + PE
    Total System Jitter     (TSJ):    0.050ns
    Total Input Jitter      (TIJ):    0.000ns
    Discrete Jitter          (DJ):    0.000ns
    Phase Error              (PE):    0.000ns

    Location             Delay type                Incr(ns)  Path(ns)    Netlist Resource(s)
  -------------------------------------------------------------------    -------------------
    F22                                               0.000     0.000 f  reset_n (IN)
                         net (fo=0)                   0.000     0.000    reset_n
    F22                  IBUF (Prop_ibuf_I_O)         1.487     1.487 f  reset_n_IBUF_inst/O
                         net (fo=5, routed)           3.597     5.084    lcd0/reset_n_IBUF
    SLICE_X86Y50         LUT1 (Prop_lut1_I0_O)        0.124     5.208 r  lcd0/ans[25][9]_i_1/O
                         net (fo=8038, routed)       15.555    20.763    lcd0_n_17
    SLICE_X20Y11         FDRE                                         r  ans_hex_reg[94][23]/R
  -------------------------------------------------------------------    -------------------

                         (clock sys_clk_pin rise edge)
                                                      0.000     0.000 r  
    Y9                                                0.000     0.000 r  clk (IN)
                         net (fo=0)                   0.000     0.000    clk
    Y9                   IBUF (Prop_ibuf_I_O)         1.420     1.420 r  clk_IBUF_inst/O
                         net (fo=1, routed)           1.972     3.392    clk_IBUF
    BUFGCTRL_X0Y0        BUFG (Prop_bufg_I_O)         0.091     3.483 r  clk_IBUF_BUFG_inst/O
                         net (fo=8124, routed)        1.573     5.056    clk_IBUF_BUFG
    SLICE_X20Y11         FDRE                                         r  ans_hex_reg[94][23]/C

Slack:                    inf
  Source:                 reset_n
                            (input port)
  Destination:            ans_hex_reg[74][7]/R
                            (rising edge-triggered cell FDRE clocked by sys_clk_pin  {rise@0.000ns fall@5.000ns period=10.000ns})
  Path Group:             (none)
  Path Type:              Setup (Max at Slow Process Corner)
  Data Path Delay:        20.640ns  (logic 1.611ns (7.804%)  route 19.029ns (92.196%))
  Logic Levels:           2  (IBUF=1 LUT1=1)
  Clock Path Skew:        5.060ns (DCD - SCD + CPR)
    Destination Clock Delay (DCD):    5.060ns
    Source Clock Delay      (SCD):    0.000ns
    Clock Pessimism Removal (CPR):    0.000ns
  Clock Uncertainty:      0.025ns  ((TSJ^2 + TIJ^2)^1/2 + DJ) / 2 + PE
    Total System Jitter     (TSJ):    0.050ns
    Total Input Jitter      (TIJ):    0.000ns
    Discrete Jitter          (DJ):    0.000ns
    Phase Error              (PE):    0.000ns

    Location             Delay type                Incr(ns)  Path(ns)    Netlist Resource(s)
  -------------------------------------------------------------------    -------------------
    F22                                               0.000     0.000 f  reset_n (IN)
                         net (fo=0)                   0.000     0.000    reset_n
    F22                  IBUF (Prop_ibuf_I_O)         1.487     1.487 f  reset_n_IBUF_inst/O
                         net (fo=5, routed)           3.597     5.084    lcd0/reset_n_IBUF
    SLICE_X86Y50         LUT1 (Prop_lut1_I0_O)        0.124     5.208 r  lcd0/ans[25][9]_i_1/O
                         net (fo=8038, routed)       15.432    20.640    lcd0_n_17
    SLICE_X15Y6          FDRE                                         r  ans_hex_reg[74][7]/R
  -------------------------------------------------------------------    -------------------

                         (clock sys_clk_pin rise edge)
                                                      0.000     0.000 r  
    Y9                                                0.000     0.000 r  clk (IN)
                         net (fo=0)                   0.000     0.000    clk
    Y9                   IBUF (Prop_ibuf_I_O)         1.420     1.420 r  clk_IBUF_inst/O
                         net (fo=1, routed)           1.972     3.392    clk_IBUF
    BUFGCTRL_X0Y0        BUFG (Prop_bufg_I_O)         0.091     3.483 r  clk_IBUF_BUFG_inst/O
                         net (fo=8124, routed)        1.577     5.060    clk_IBUF_BUFG
    SLICE_X15Y6          FDRE                                         r  ans_hex_reg[74][7]/C

Slack:                    inf
  Source:                 reset_n
                            (input port)
  Destination:            ans_hex_reg[75][7]/R
                            (rising edge-triggered cell FDRE clocked by sys_clk_pin  {rise@0.000ns fall@5.000ns period=10.000ns})
  Path Group:             (none)
  Path Type:              Setup (Max at Slow Process Corner)
  Data Path Delay:        20.640ns  (logic 1.611ns (7.804%)  route 19.029ns (92.196%))
  Logic Levels:           2  (IBUF=1 LUT1=1)
  Clock Path Skew:        5.060ns (DCD - SCD + CPR)
    Destination Clock Delay (DCD):    5.060ns
    Source Clock Delay      (SCD):    0.000ns
    Clock Pessimism Removal (CPR):    0.000ns
  Clock Uncertainty:      0.025ns  ((TSJ^2 + TIJ^2)^1/2 + DJ) / 2 + PE
    Total System Jitter     (TSJ):    0.050ns
    Total Input Jitter      (TIJ):    0.000ns
    Discrete Jitter          (DJ):    0.000ns
    Phase Error              (PE):    0.000ns

    Location             Delay type                Incr(ns)  Path(ns)    Netlist Resource(s)
  -------------------------------------------------------------------    -------------------
    F22                                               0.000     0.000 f  reset_n (IN)
                         net (fo=0)                   0.000     0.000    reset_n
    F22                  IBUF (Prop_ibuf_I_O)         1.487     1.487 f  reset_n_IBUF_inst/O
                         net (fo=5, routed)           3.597     5.084    lcd0/reset_n_IBUF
    SLICE_X86Y50         LUT1 (Prop_lut1_I0_O)        0.124     5.208 r  lcd0/ans[25][9]_i_1/O
                         net (fo=8038, routed)       15.432    20.640    lcd0_n_17
    SLICE_X15Y6          FDRE                                         r  ans_hex_reg[75][7]/R
  -------------------------------------------------------------------    -------------------

                         (clock sys_clk_pin rise edge)
                                                      0.000     0.000 r  
    Y9                                                0.000     0.000 r  clk (IN)
                         net (fo=0)                   0.000     0.000    clk
    Y9                   IBUF (Prop_ibuf_I_O)         1.420     1.420 r  clk_IBUF_inst/O
                         net (fo=1, routed)           1.972     3.392    clk_IBUF
    BUFGCTRL_X0Y0        BUFG (Prop_bufg_I_O)         0.091     3.483 r  clk_IBUF_BUFG_inst/O
                         net (fo=8124, routed)        1.577     5.060    clk_IBUF_BUFG
    SLICE_X15Y6          FDRE                                         r  ans_hex_reg[75][7]/C





Min Delay Paths
--------------------------------------------------------------------------------------
Slack:                    inf
  Source:                 reset_n
                            (input port)
  Destination:            ans_hex_reg[106][13]/R
                            (rising edge-triggered cell FDRE clocked by sys_clk_pin  {rise@0.000ns fall@5.000ns period=10.000ns})
  Path Group:             (none)
  Path Type:              Hold (Min at Fast Process Corner)
  Data Path Delay:        2.180ns  (logic 0.300ns (13.741%)  route 1.881ns (86.259%))
  Logic Levels:           2  (IBUF=1 LUT1=1)
  Clock Path Skew:        2.049ns (DCD - SCD - CPR)
    Destination Clock Delay (DCD):    2.049ns
    Source Clock Delay      (SCD):    0.000ns
    Clock Pessimism Removal (CPR):    -0.000ns

    Location             Delay type                Incr(ns)  Path(ns)    Netlist Resource(s)
  -------------------------------------------------------------------    -------------------
    F22                                               0.000     0.000 f  reset_n (IN)
                         net (fo=0)                   0.000     0.000    reset_n
    F22                  IBUF (Prop_ibuf_I_O)         0.255     0.255 f  reset_n_IBUF_inst/O
                         net (fo=5, routed)           1.581     1.835    lcd0/reset_n_IBUF
    SLICE_X86Y50         LUT1 (Prop_lut1_I0_O)        0.045     1.880 r  lcd0/ans[25][9]_i_1/O
                         net (fo=8038, routed)        0.300     2.180    lcd0_n_17
    SLICE_X81Y44         FDRE                                         r  ans_hex_reg[106][13]/R
  -------------------------------------------------------------------    -------------------

                         (clock sys_clk_pin rise edge)
                                                      0.000     0.000 r  
    Y9                                                0.000     0.000 r  clk (IN)
                         net (fo=0)                   0.000     0.000    clk
    Y9                   IBUF (Prop_ibuf_I_O)         0.446     0.446 r  clk_IBUF_inst/O
                         net (fo=1, routed)           0.719     1.165    clk_IBUF
    BUFGCTRL_X0Y0        BUFG (Prop_bufg_I_O)         0.029     1.194 r  clk_IBUF_BUFG_inst/O
                         net (fo=8124, routed)        0.855     2.049    clk_IBUF_BUFG
    SLICE_X81Y44         FDRE                                         r  ans_hex_reg[106][13]/C

Slack:                    inf
  Source:                 reset_n
                            (input port)
  Destination:            ans_hex_reg[109][12]/R
                            (rising edge-triggered cell FDRE clocked by sys_clk_pin  {rise@0.000ns fall@5.000ns period=10.000ns})
  Path Group:             (none)
  Path Type:              Hold (Min at Fast Process Corner)
  Data Path Delay:        2.184ns  (logic 0.300ns (13.714%)  route 1.885ns (86.286%))
  Logic Levels:           2  (IBUF=1 LUT1=1)
  Clock Path Skew:        2.049ns (DCD - SCD - CPR)
    Destination Clock Delay (DCD):    2.049ns
    Source Clock Delay      (SCD):    0.000ns
    Clock Pessimism Removal (CPR):    -0.000ns

    Location             Delay type                Incr(ns)  Path(ns)    Netlist Resource(s)
  -------------------------------------------------------------------    -------------------
    F22                                               0.000     0.000 f  reset_n (IN)
                         net (fo=0)                   0.000     0.000    reset_n
    F22                  IBUF (Prop_ibuf_I_O)         0.255     0.255 f  reset_n_IBUF_inst/O
                         net (fo=5, routed)           1.581     1.835    lcd0/reset_n_IBUF
    SLICE_X86Y50         LUT1 (Prop_lut1_I0_O)        0.045     1.880 r  lcd0/ans[25][9]_i_1/O
                         net (fo=8038, routed)        0.304     2.184    lcd0_n_17
    SLICE_X80Y44         FDRE                                         r  ans_hex_reg[109][12]/R
  -------------------------------------------------------------------    -------------------

                         (clock sys_clk_pin rise edge)
                                                      0.000     0.000 r  
    Y9                                                0.000     0.000 r  clk (IN)
                         net (fo=0)                   0.000     0.000    clk
    Y9                   IBUF (Prop_ibuf_I_O)         0.446     0.446 r  clk_IBUF_inst/O
                         net (fo=1, routed)           0.719     1.165    clk_IBUF
    BUFGCTRL_X0Y0        BUFG (Prop_bufg_I_O)         0.029     1.194 r  clk_IBUF_BUFG_inst/O
                         net (fo=8124, routed)        0.855     2.049    clk_IBUF_BUFG
    SLICE_X80Y44         FDRE                                         r  ans_hex_reg[109][12]/C

Slack:                    inf
  Source:                 reset_n
                            (input port)
  Destination:            ans_hex_reg[107][13]/R
                            (rising edge-triggered cell FDRE clocked by sys_clk_pin  {rise@0.000ns fall@5.000ns period=10.000ns})
  Path Group:             (none)
  Path Type:              Hold (Min at Fast Process Corner)
  Data Path Delay:        2.235ns  (logic 0.300ns (13.406%)  route 1.935ns (86.594%))
  Logic Levels:           2  (IBUF=1 LUT1=1)
  Clock Path Skew:        2.049ns (DCD - SCD - CPR)
    Destination Clock Delay (DCD):    2.049ns
    Source Clock Delay      (SCD):    0.000ns
    Clock Pessimism Removal (CPR):    -0.000ns

    Location             Delay type                Incr(ns)  Path(ns)    Netlist Resource(s)
  -------------------------------------------------------------------    -------------------
    F22                                               0.000     0.000 f  reset_n (IN)
                         net (fo=0)                   0.000     0.000    reset_n
    F22                  IBUF (Prop_ibuf_I_O)         0.255     0.255 f  reset_n_IBUF_inst/O
                         net (fo=5, routed)           1.581     1.835    lcd0/reset_n_IBUF
    SLICE_X86Y50         LUT1 (Prop_lut1_I0_O)        0.045     1.880 r  lcd0/ans[25][9]_i_1/O
                         net (fo=8038, routed)        0.354     2.235    lcd0_n_17
    SLICE_X81Y43         FDRE                                         r  ans_hex_reg[107][13]/R
  -------------------------------------------------------------------    -------------------

                         (clock sys_clk_pin rise edge)
                                                      0.000     0.000 r  
    Y9                                                0.000     0.000 r  clk (IN)
                         net (fo=0)                   0.000     0.000    clk
    Y9                   IBUF (Prop_ibuf_I_O)         0.446     0.446 r  clk_IBUF_inst/O
                         net (fo=1, routed)           0.719     1.165    clk_IBUF
    BUFGCTRL_X0Y0        BUFG (Prop_bufg_I_O)         0.029     1.194 r  clk_IBUF_BUFG_inst/O
                         net (fo=8124, routed)        0.855     2.049    clk_IBUF_BUFG
    SLICE_X81Y43         FDRE                                         r  ans_hex_reg[107][13]/C

Slack:                    inf
  Source:                 reset_n
                            (input port)
  Destination:            ans_hex_reg[108][13]/R
                            (rising edge-triggered cell FDRE clocked by sys_clk_pin  {rise@0.000ns fall@5.000ns period=10.000ns})
  Path Group:             (none)
  Path Type:              Hold (Min at Fast Process Corner)
  Data Path Delay:        2.235ns  (logic 0.300ns (13.406%)  route 1.935ns (86.594%))
  Logic Levels:           2  (IBUF=1 LUT1=1)
  Clock Path Skew:        2.049ns (DCD - SCD - CPR)
    Destination Clock Delay (DCD):    2.049ns
    Source Clock Delay      (SCD):    0.000ns
    Clock Pessimism Removal (CPR):    -0.000ns

    Location             Delay type                Incr(ns)  Path(ns)    Netlist Resource(s)
  -------------------------------------------------------------------    -------------------
    F22                                               0.000     0.000 f  reset_n (IN)
                         net (fo=0)                   0.000     0.000    reset_n
    F22                  IBUF (Prop_ibuf_I_O)         0.255     0.255 f  reset_n_IBUF_inst/O
                         net (fo=5, routed)           1.581     1.835    lcd0/reset_n_IBUF
    SLICE_X86Y50         LUT1 (Prop_lut1_I0_O)        0.045     1.880 r  lcd0/ans[25][9]_i_1/O
                         net (fo=8038, routed)        0.354     2.235    lcd0_n_17
    SLICE_X81Y43         FDRE                                         r  ans_hex_reg[108][13]/R
  -------------------------------------------------------------------    -------------------

                         (clock sys_clk_pin rise edge)
                                                      0.000     0.000 r  
    Y9                                                0.000     0.000 r  clk (IN)
                         net (fo=0)                   0.000     0.000    clk
    Y9                   IBUF (Prop_ibuf_I_O)         0.446     0.446 r  clk_IBUF_inst/O
                         net (fo=1, routed)           0.719     1.165    clk_IBUF
    BUFGCTRL_X0Y0        BUFG (Prop_bufg_I_O)         0.029     1.194 r  clk_IBUF_BUFG_inst/O
                         net (fo=8124, routed)        0.855     2.049    clk_IBUF_BUFG
    SLICE_X81Y43         FDRE                                         r  ans_hex_reg[108][13]/C

Slack:                    inf
  Source:                 reset_n
                            (input port)
  Destination:            ans_hex_reg[109][13]/R
                            (rising edge-triggered cell FDRE clocked by sys_clk_pin  {rise@0.000ns fall@5.000ns period=10.000ns})
  Path Group:             (none)
  Path Type:              Hold (Min at Fast Process Corner)
  Data Path Delay:        2.235ns  (logic 0.300ns (13.406%)  route 1.935ns (86.594%))
  Logic Levels:           2  (IBUF=1 LUT1=1)
  Clock Path Skew:        2.049ns (DCD - SCD - CPR)
    Destination Clock Delay (DCD):    2.049ns
    Source Clock Delay      (SCD):    0.000ns
    Clock Pessimism Removal (CPR):    -0.000ns

    Location             Delay type                Incr(ns)  Path(ns)    Netlist Resource(s)
  -------------------------------------------------------------------    -------------------
    F22                                               0.000     0.000 f  reset_n (IN)
                         net (fo=0)                   0.000     0.000    reset_n
    F22                  IBUF (Prop_ibuf_I_O)         0.255     0.255 f  reset_n_IBUF_inst/O
                         net (fo=5, routed)           1.581     1.835    lcd0/reset_n_IBUF
    SLICE_X86Y50         LUT1 (Prop_lut1_I0_O)        0.045     1.880 r  lcd0/ans[25][9]_i_1/O
                         net (fo=8038, routed)        0.354     2.235    lcd0_n_17
    SLICE_X81Y43         FDRE                                         r  ans_hex_reg[109][13]/R
  -------------------------------------------------------------------    -------------------

                         (clock sys_clk_pin rise edge)
                                                      0.000     0.000 r  
    Y9                                                0.000     0.000 r  clk (IN)
                         net (fo=0)                   0.000     0.000    clk
    Y9                   IBUF (Prop_ibuf_I_O)         0.446     0.446 r  clk_IBUF_inst/O
                         net (fo=1, routed)           0.719     1.165    clk_IBUF
    BUFGCTRL_X0Y0        BUFG (Prop_bufg_I_O)         0.029     1.194 r  clk_IBUF_BUFG_inst/O
                         net (fo=8124, routed)        0.855     2.049    clk_IBUF_BUFG
    SLICE_X81Y43         FDRE                                         r  ans_hex_reg[109][13]/C

Slack:                    inf
  Source:                 reset_n
                            (input port)
  Destination:            ans_hex_reg[106][12]/R
                            (rising edge-triggered cell FDRE clocked by sys_clk_pin  {rise@0.000ns fall@5.000ns period=10.000ns})
  Path Group:             (none)
  Path Type:              Hold (Min at Fast Process Corner)
  Data Path Delay:        2.321ns  (logic 0.300ns (12.906%)  route 2.022ns (87.094%))
  Logic Levels:           2  (IBUF=1 LUT1=1)
  Clock Path Skew:        2.049ns (DCD - SCD - CPR)
    Destination Clock Delay (DCD):    2.049ns
    Source Clock Delay      (SCD):    0.000ns
    Clock Pessimism Removal (CPR):    -0.000ns

    Location             Delay type                Incr(ns)  Path(ns)    Netlist Resource(s)
  -------------------------------------------------------------------    -------------------
    F22                                               0.000     0.000 f  reset_n (IN)
                         net (fo=0)                   0.000     0.000    reset_n
    F22                  IBUF (Prop_ibuf_I_O)         0.255     0.255 f  reset_n_IBUF_inst/O
                         net (fo=5, routed)           1.581     1.835    lcd0/reset_n_IBUF
    SLICE_X86Y50         LUT1 (Prop_lut1_I0_O)        0.045     1.880 r  lcd0/ans[25][9]_i_1/O
                         net (fo=8038, routed)        0.441     2.321    lcd0_n_17
    SLICE_X79Y44         FDRE                                         r  ans_hex_reg[106][12]/R
  -------------------------------------------------------------------    -------------------

                         (clock sys_clk_pin rise edge)
                                                      0.000     0.000 r  
    Y9                                                0.000     0.000 r  clk (IN)
                         net (fo=0)                   0.000     0.000    clk
    Y9                   IBUF (Prop_ibuf_I_O)         0.446     0.446 r  clk_IBUF_inst/O
                         net (fo=1, routed)           0.719     1.165    clk_IBUF
    BUFGCTRL_X0Y0        BUFG (Prop_bufg_I_O)         0.029     1.194 r  clk_IBUF_BUFG_inst/O
                         net (fo=8124, routed)        0.855     2.049    clk_IBUF_BUFG
    SLICE_X79Y44         FDRE                                         r  ans_hex_reg[106][12]/C

Slack:                    inf
  Source:                 reset_n
                            (input port)
  Destination:            ans_hex_reg[107][12]/R
                            (rising edge-triggered cell FDRE clocked by sys_clk_pin  {rise@0.000ns fall@5.000ns period=10.000ns})
  Path Group:             (none)
  Path Type:              Hold (Min at Fast Process Corner)
  Data Path Delay:        2.321ns  (logic 0.300ns (12.906%)  route 2.022ns (87.094%))
  Logic Levels:           2  (IBUF=1 LUT1=1)
  Clock Path Skew:        2.049ns (DCD - SCD - CPR)
    Destination Clock Delay (DCD):    2.049ns
    Source Clock Delay      (SCD):    0.000ns
    Clock Pessimism Removal (CPR):    -0.000ns

    Location             Delay type                Incr(ns)  Path(ns)    Netlist Resource(s)
  -------------------------------------------------------------------    -------------------
    F22                                               0.000     0.000 f  reset_n (IN)
                         net (fo=0)                   0.000     0.000    reset_n
    F22                  IBUF (Prop_ibuf_I_O)         0.255     0.255 f  reset_n_IBUF_inst/O
                         net (fo=5, routed)           1.581     1.835    lcd0/reset_n_IBUF
    SLICE_X86Y50         LUT1 (Prop_lut1_I0_O)        0.045     1.880 r  lcd0/ans[25][9]_i_1/O
                         net (fo=8038, routed)        0.441     2.321    lcd0_n_17
    SLICE_X79Y44         FDRE                                         r  ans_hex_reg[107][12]/R
  -------------------------------------------------------------------    -------------------

                         (clock sys_clk_pin rise edge)
                                                      0.000     0.000 r  
    Y9                                                0.000     0.000 r  clk (IN)
                         net (fo=0)                   0.000     0.000    clk
    Y9                   IBUF (Prop_ibuf_I_O)         0.446     0.446 r  clk_IBUF_inst/O
                         net (fo=1, routed)           0.719     1.165    clk_IBUF
    BUFGCTRL_X0Y0        BUFG (Prop_bufg_I_O)         0.029     1.194 r  clk_IBUF_BUFG_inst/O
                         net (fo=8124, routed)        0.855     2.049    clk_IBUF_BUFG
    SLICE_X79Y44         FDRE                                         r  ans_hex_reg[107][12]/C

Slack:                    inf
  Source:                 reset_n
                            (input port)
  Destination:            ans_hex_reg[108][12]/R
                            (rising edge-triggered cell FDRE clocked by sys_clk_pin  {rise@0.000ns fall@5.000ns period=10.000ns})
  Path Group:             (none)
  Path Type:              Hold (Min at Fast Process Corner)
  Data Path Delay:        2.321ns  (logic 0.300ns (12.906%)  route 2.022ns (87.094%))
  Logic Levels:           2  (IBUF=1 LUT1=1)
  Clock Path Skew:        2.049ns (DCD - SCD - CPR)
    Destination Clock Delay (DCD):    2.049ns
    Source Clock Delay      (SCD):    0.000ns
    Clock Pessimism Removal (CPR):    -0.000ns

    Location             Delay type                Incr(ns)  Path(ns)    Netlist Resource(s)
  -------------------------------------------------------------------    -------------------
    F22                                               0.000     0.000 f  reset_n (IN)
                         net (fo=0)                   0.000     0.000    reset_n
    F22                  IBUF (Prop_ibuf_I_O)         0.255     0.255 f  reset_n_IBUF_inst/O
                         net (fo=5, routed)           1.581     1.835    lcd0/reset_n_IBUF
    SLICE_X86Y50         LUT1 (Prop_lut1_I0_O)        0.045     1.880 r  lcd0/ans[25][9]_i_1/O
                         net (fo=8038, routed)        0.441     2.321    lcd0_n_17
    SLICE_X79Y44         FDRE                                         r  ans_hex_reg[108][12]/R
  -------------------------------------------------------------------    -------------------

                         (clock sys_clk_pin rise edge)
                                                      0.000     0.000 r  
    Y9                                                0.000     0.000 r  clk (IN)
                         net (fo=0)                   0.000     0.000    clk
    Y9                   IBUF (Prop_ibuf_I_O)         0.446     0.446 r  clk_IBUF_inst/O
                         net (fo=1, routed)           0.719     1.165    clk_IBUF
    BUFGCTRL_X0Y0        BUFG (Prop_bufg_I_O)         0.029     1.194 r  clk_IBUF_BUFG_inst/O
                         net (fo=8124, routed)        0.855     2.049    clk_IBUF_BUFG
    SLICE_X79Y44         FDRE                                         r  ans_hex_reg[108][12]/C

Slack:                    inf
  Source:                 reset_n
                            (input port)
  Destination:            ans_hex_reg[106][9]/R
                            (rising edge-triggered cell FDRE clocked by sys_clk_pin  {rise@0.000ns fall@5.000ns period=10.000ns})
  Path Group:             (none)
  Path Type:              Hold (Min at Fast Process Corner)
  Data Path Delay:        2.325ns  (logic 0.300ns (12.882%)  route 2.026ns (87.118%))
  Logic Levels:           2  (IBUF=1 LUT1=1)
  Clock Path Skew:        2.049ns (DCD - SCD - CPR)
    Destination Clock Delay (DCD):    2.049ns
    Source Clock Delay      (SCD):    0.000ns
    Clock Pessimism Removal (CPR):    -0.000ns

    Location             Delay type                Incr(ns)  Path(ns)    Netlist Resource(s)
  -------------------------------------------------------------------    -------------------
    F22                                               0.000     0.000 f  reset_n (IN)
                         net (fo=0)                   0.000     0.000    reset_n
    F22                  IBUF (Prop_ibuf_I_O)         0.255     0.255 f  reset_n_IBUF_inst/O
                         net (fo=5, routed)           1.581     1.835    lcd0/reset_n_IBUF
    SLICE_X86Y50         LUT1 (Prop_lut1_I0_O)        0.045     1.880 r  lcd0/ans[25][9]_i_1/O
                         net (fo=8038, routed)        0.445     2.325    lcd0_n_17
    SLICE_X78Y44         FDRE                                         r  ans_hex_reg[106][9]/R
  -------------------------------------------------------------------    -------------------

                         (clock sys_clk_pin rise edge)
                                                      0.000     0.000 r  
    Y9                                                0.000     0.000 r  clk (IN)
                         net (fo=0)                   0.000     0.000    clk
    Y9                   IBUF (Prop_ibuf_I_O)         0.446     0.446 r  clk_IBUF_inst/O
                         net (fo=1, routed)           0.719     1.165    clk_IBUF
    BUFGCTRL_X0Y0        BUFG (Prop_bufg_I_O)         0.029     1.194 r  clk_IBUF_BUFG_inst/O
                         net (fo=8124, routed)        0.855     2.049    clk_IBUF_BUFG
    SLICE_X78Y44         FDRE                                         r  ans_hex_reg[106][9]/C

Slack:                    inf
  Source:                 usr_btn[3]
                            (input port)
  Destination:            reverse_counter_reg[0]/D
                            (rising edge-triggered cell FDRE clocked by sys_clk_pin  {rise@0.000ns fall@5.000ns period=10.000ns})
  Path Group:             (none)
  Path Type:              Hold (Min at Fast Process Corner)
  Data Path Delay:        2.398ns  (logic 0.303ns (12.655%)  route 2.095ns (87.345%))
  Logic Levels:           2  (IBUF=1 LUT6=1)
  Clock Path Skew:        2.012ns (DCD - SCD - CPR)
    Destination Clock Delay (DCD):    2.012ns
    Source Clock Delay      (SCD):    0.000ns
    Clock Pessimism Removal (CPR):    -0.000ns

    Location             Delay type                Incr(ns)  Path(ns)    Netlist Resource(s)
  -------------------------------------------------------------------    -------------------
    N15                                               0.000     0.000 r  usr_btn[3] (IN)
                         net (fo=0)                   0.000     0.000    usr_btn[3]
    N15                  IBUF (Prop_ibuf_I_O)         0.258     0.258 r  usr_btn_IBUF[3]_inst/O
                         net (fo=6, routed)           2.095     2.353    btn_db0/usr_btn_IBUF[0]
    SLICE_X35Y19         LUT6 (Prop_lut6_I2_O)        0.045     2.398 r  btn_db0/reverse_counter[0]_i_1/O
                         net (fo=1, routed)           0.000     2.398    btn_db0_n_0
    SLICE_X35Y19         FDRE                                         r  reverse_counter_reg[0]/D
  -------------------------------------------------------------------    -------------------

                         (clock sys_clk_pin rise edge)
                                                      0.000     0.000 r  
    Y9                                                0.000     0.000 r  clk (IN)
                         net (fo=0)                   0.000     0.000    clk
    Y9                   IBUF (Prop_ibuf_I_O)         0.446     0.446 r  clk_IBUF_inst/O
                         net (fo=1, routed)           0.719     1.165    clk_IBUF
    BUFGCTRL_X0Y0        BUFG (Prop_bufg_I_O)         0.029     1.194 r  clk_IBUF_BUFG_inst/O
                         net (fo=8124, routed)        0.818     2.012    clk_IBUF_BUFG
    SLICE_X35Y19         FDRE                                         r  reverse_counter_reg[0]/C





