Copyright 1986-2022 Xilinx, Inc. All Rights Reserved. Copyright 2022-2025 Advanced Micro Devices, Inc. All Rights Reserved.
--------------------------------------------------------------------------------------------------------------------------------------------------
| Tool Version : Vivado v.2025.1.1 (win64) Build 6233196 Thu Sep 11 21:27:30 MDT 2025
| Date         : Mon Jan  5 11:40:00 2026
| Host         : kaiden running 64-bit major release  (build 9200)
| Command      : report_methodology -file lab8_methodology_drc_routed.rpt -pb lab8_methodology_drc_routed.pb -rpx lab8_methodology_drc_routed.rpx
| Design       : lab8
| Device       : xc7z020clg484-1
| Speed File   : -1
| Design State : Fully Routed
--------------------------------------------------------------------------------------------------------------------------------------------------

Report Methodology

Table of Contents
-----------------
1. REPORT SUMMARY
2. REPORT DETAILS

1. REPORT SUMMARY
-----------------
            Netlist: netlist
          Floorplan: design_1
      Design limits: <entire design considered>
             Max checks: <unlimited>
             Checks found: 276
+-----------+----------+-------------------------------+--------+
| Rule      | Severity | Description                   | Checks |
+-----------+----------+-------------------------------+--------+
| TIMING-16 | Warning  | Large setup violation         | 264    |
| TIMING-18 | Warning  | Missing input or output delay | 12     |
+-----------+----------+-------------------------------+--------+

2. REPORT DETAILS
-----------------
TIMING-16#1 Warning
Large setup violation  
There is a large setup violation of -1.273 ns between timer_bin2dec_str/quotient_reg[6]/C (clocked by sys_clk_pin) and timer_bin2dec_str/quotient_reg[22]/D (clocked by sys_clk_pin). Large setup violations at the end of those stages might be difficult to fix during the post-placement implementation flow and could be the result of non-optimal XDC constraints or non-optimal design architecture
Related violations: <none>

TIMING-16#2 Warning
Large setup violation  
There is a large setup violation of -1.277 ns between timer_bin2dec_str/quotient_reg[6]/C (clocked by sys_clk_pin) and timer_bin2dec_str/quotient_reg[23]/D (clocked by sys_clk_pin). Large setup violations at the end of those stages might be difficult to fix during the post-placement implementation flow and could be the result of non-optimal XDC constraints or non-optimal design architecture
Related violations: <none>

TIMING-16#3 Warning
Large setup violation  
There is a large setup violation of -1.367 ns between timer_bin2dec_str/quotient_reg[6]/C (clocked by sys_clk_pin) and timer_bin2dec_str/quotient_reg[21]/D (clocked by sys_clk_pin). Large setup violations at the end of those stages might be difficult to fix during the post-placement implementation flow and could be the result of non-optimal XDC constraints or non-optimal design architecture
Related violations: <none>

TIMING-16#4 Warning
Large setup violation  
There is a large setup violation of -1.368 ns between timer_bin2dec_str/quotient_reg[6]/C (clocked by sys_clk_pin) and timer_bin2dec_str/quotient_reg[18]/D (clocked by sys_clk_pin). Large setup violations at the end of those stages might be difficult to fix during the post-placement implementation flow and could be the result of non-optimal XDC constraints or non-optimal design architecture
Related violations: <none>

TIMING-16#5 Warning
Large setup violation  
There is a large setup violation of -1.387 ns between timer_bin2dec_str/quotient_reg[6]/C (clocked by sys_clk_pin) and timer_bin2dec_str/quotient_reg[14]/D (clocked by sys_clk_pin). Large setup violations at the end of those stages might be difficult to fix during the post-placement implementation flow and could be the result of non-optimal XDC constraints or non-optimal design architecture
Related violations: <none>

TIMING-16#6 Warning
Large setup violation  
There is a large setup violation of -1.389 ns between timer_bin2dec_str/quotient_reg[6]/C (clocked by sys_clk_pin) and timer_bin2dec_str/quotient_reg[20]/D (clocked by sys_clk_pin). Large setup violations at the end of those stages might be difficult to fix during the post-placement implementation flow and could be the result of non-optimal XDC constraints or non-optimal design architecture
Related violations: <none>

TIMING-16#7 Warning
Large setup violation  
There is a large setup violation of -1.508 ns between timer_bin2dec_str/quotient_reg[1]/C (clocked by sys_clk_pin) and timer_bin2dec_str/quotient_reg[16]/D (clocked by sys_clk_pin). Large setup violations at the end of those stages might be difficult to fix during the post-placement implementation flow and could be the result of non-optimal XDC constraints or non-optimal design architecture
Related violations: <none>

TIMING-16#8 Warning
Large setup violation  
There is a large setup violation of -1.517 ns between timer_bin2dec_str/quotient_reg[6]/C (clocked by sys_clk_pin) and timer_bin2dec_str/quotient_reg[1]/D (clocked by sys_clk_pin). Large setup violations at the end of those stages might be difficult to fix during the post-placement implementation flow and could be the result of non-optimal XDC constraints or non-optimal design architecture
Related violations: <none>

TIMING-16#9 Warning
Large setup violation  
There is a large setup violation of -1.522 ns between timer_bin2dec_str/quotient_reg[6]/C (clocked by sys_clk_pin) and timer_bin2dec_str/quotient_reg[10]/D (clocked by sys_clk_pin). Large setup violations at the end of those stages might be difficult to fix during the post-placement implementation flow and could be the result of non-optimal XDC constraints or non-optimal design architecture
Related violations: <none>

TIMING-16#10 Warning
Large setup violation  
There is a large setup violation of -1.523 ns between timer_bin2dec_str/quotient_reg[6]/C (clocked by sys_clk_pin) and timer_bin2dec_str/quotient_reg[15]/D (clocked by sys_clk_pin). Large setup violations at the end of those stages might be difficult to fix during the post-placement implementation flow and could be the result of non-optimal XDC constraints or non-optimal design architecture
Related violations: <none>

TIMING-16#11 Warning
Large setup violation  
There is a large setup violation of -1.528 ns between timer_bin2dec_str/quotient_reg[6]/C (clocked by sys_clk_pin) and timer_bin2dec_str/quotient_reg[12]/D (clocked by sys_clk_pin). Large setup violations at the end of those stages might be difficult to fix during the post-placement implementation flow and could be the result of non-optimal XDC constraints or non-optimal design architecture
Related violations: <none>

TIMING-16#12 Warning
Large setup violation  
There is a large setup violation of -1.528 ns between timer_bin2dec_str/quotient_reg[6]/C (clocked by sys_clk_pin) and timer_bin2dec_str/quotient_reg[17]/D (clocked by sys_clk_pin). Large setup violations at the end of those stages might be difficult to fix during the post-placement implementation flow and could be the result of non-optimal XDC constraints or non-optimal design architecture
Related violations: <none>

TIMING-16#13 Warning
Large setup violation  
There is a large setup violation of -1.531 ns between timer_bin2dec_str/quotient_reg[6]/C (clocked by sys_clk_pin) and timer_bin2dec_str/quotient_reg[7]/D (clocked by sys_clk_pin). Large setup violations at the end of those stages might be difficult to fix during the post-placement implementation flow and could be the result of non-optimal XDC constraints or non-optimal design architecture
Related violations: <none>

TIMING-16#14 Warning
Large setup violation  
There is a large setup violation of -1.536 ns between timer_bin2dec_str/quotient_reg[6]/C (clocked by sys_clk_pin) and timer_bin2dec_str/quotient_reg[13]/D (clocked by sys_clk_pin). Large setup violations at the end of those stages might be difficult to fix during the post-placement implementation flow and could be the result of non-optimal XDC constraints or non-optimal design architecture
Related violations: <none>

TIMING-16#15 Warning
Large setup violation  
There is a large setup violation of -1.538 ns between genloop[6].md5/passwd_bin2dec_str/quotient_reg[6]/C (clocked by sys_clk_pin) and genloop[6].md5/passwd_bin2dec_str/quotient_reg[22]/D (clocked by sys_clk_pin). Large setup violations at the end of those stages might be difficult to fix during the post-placement implementation flow and could be the result of non-optimal XDC constraints or non-optimal design architecture
Related violations: <none>

TIMING-16#16 Warning
Large setup violation  
There is a large setup violation of -1.564 ns between timer_bin2dec_str/quotient_reg[1]/C (clocked by sys_clk_pin) and timer_bin2dec_str/quotient_reg[19]/D (clocked by sys_clk_pin). Large setup violations at the end of those stages might be difficult to fix during the post-placement implementation flow and could be the result of non-optimal XDC constraints or non-optimal design architecture
Related violations: <none>

TIMING-16#17 Warning
Large setup violation  
There is a large setup violation of -1.573 ns between genloop[9].md5/passwd_bin2dec_str/quotient_reg[11]/C (clocked by sys_clk_pin) and genloop[9].md5/passwd_bin2dec_str/quotient_reg[22]/D (clocked by sys_clk_pin). Large setup violations at the end of those stages might be difficult to fix during the post-placement implementation flow and could be the result of non-optimal XDC constraints or non-optimal design architecture
Related violations: <none>

TIMING-16#18 Warning
Large setup violation  
There is a large setup violation of -1.619 ns between genloop[0].md5/passwd_bin2dec_str/quotient_reg[2]/C (clocked by sys_clk_pin) and genloop[0].md5/passwd_bin2dec_str/quotient_reg[5]/D (clocked by sys_clk_pin). Large setup violations at the end of those stages might be difficult to fix during the post-placement implementation flow and could be the result of non-optimal XDC constraints or non-optimal design architecture
Related violations: <none>

TIMING-16#19 Warning
Large setup violation  
There is a large setup violation of -1.629 ns between timer_bin2dec_str/quotient_reg[6]/C (clocked by sys_clk_pin) and timer_bin2dec_str/quotient_reg[9]/D (clocked by sys_clk_pin). Large setup violations at the end of those stages might be difficult to fix during the post-placement implementation flow and could be the result of non-optimal XDC constraints or non-optimal design architecture
Related violations: <none>

TIMING-16#20 Warning
Large setup violation  
There is a large setup violation of -1.655 ns between timer_bin2dec_str/quotient_reg[1]/C (clocked by sys_clk_pin) and timer_bin2dec_str/quotient_reg[5]/D (clocked by sys_clk_pin). Large setup violations at the end of those stages might be difficult to fix during the post-placement implementation flow and could be the result of non-optimal XDC constraints or non-optimal design architecture
Related violations: <none>

TIMING-16#21 Warning
Large setup violation  
There is a large setup violation of -1.660 ns between timer_bin2dec_str/quotient_reg[1]/C (clocked by sys_clk_pin) and timer_bin2dec_str/quotient_reg[11]/D (clocked by sys_clk_pin). Large setup violations at the end of those stages might be difficult to fix during the post-placement implementation flow and could be the result of non-optimal XDC constraints or non-optimal design architecture
Related violations: <none>

TIMING-16#22 Warning
Large setup violation  
There is a large setup violation of -1.671 ns between genloop[6].md5/passwd_bin2dec_str/quotient_reg[6]/C (clocked by sys_clk_pin) and genloop[6].md5/passwd_bin2dec_str/quotient_reg[23]/D (clocked by sys_clk_pin). Large setup violations at the end of those stages might be difficult to fix during the post-placement implementation flow and could be the result of non-optimal XDC constraints or non-optimal design architecture
Related violations: <none>

TIMING-16#23 Warning
Large setup violation  
There is a large setup violation of -1.672 ns between timer_bin2dec_str/quotient_reg[1]/C (clocked by sys_clk_pin) and timer_bin2dec_str/quotient_reg[6]/D (clocked by sys_clk_pin). Large setup violations at the end of those stages might be difficult to fix during the post-placement implementation flow and could be the result of non-optimal XDC constraints or non-optimal design architecture
Related violations: <none>

TIMING-16#24 Warning
Large setup violation  
There is a large setup violation of -1.673 ns between timer_bin2dec_str/quotient_reg[1]/C (clocked by sys_clk_pin) and timer_bin2dec_str/quotient_reg[0]/D (clocked by sys_clk_pin). Large setup violations at the end of those stages might be difficult to fix during the post-placement implementation flow and could be the result of non-optimal XDC constraints or non-optimal design architecture
Related violations: <none>

TIMING-16#25 Warning
Large setup violation  
There is a large setup violation of -1.708 ns between timer_bin2dec_str/quotient_reg[6]/C (clocked by sys_clk_pin) and timer_bin2dec_str/quotient_reg[4]/D (clocked by sys_clk_pin). Large setup violations at the end of those stages might be difficult to fix during the post-placement implementation flow and could be the result of non-optimal XDC constraints or non-optimal design architecture
Related violations: <none>

TIMING-16#26 Warning
Large setup violation  
There is a large setup violation of -1.711 ns between timer_bin2dec_str/quotient_reg[6]/C (clocked by sys_clk_pin) and timer_bin2dec_str/quotient_reg[2]/D (clocked by sys_clk_pin). Large setup violations at the end of those stages might be difficult to fix during the post-placement implementation flow and could be the result of non-optimal XDC constraints or non-optimal design architecture
Related violations: <none>

TIMING-16#27 Warning
Large setup violation  
There is a large setup violation of -1.727 ns between genloop[6].md5/passwd_bin2dec_str/quotient_reg[6]/C (clocked by sys_clk_pin) and genloop[6].md5/passwd_bin2dec_str/quotient_reg[21]/D (clocked by sys_clk_pin). Large setup violations at the end of those stages might be difficult to fix during the post-placement implementation flow and could be the result of non-optimal XDC constraints or non-optimal design architecture
Related violations: <none>

TIMING-16#28 Warning
Large setup violation  
There is a large setup violation of -1.729 ns between genloop[8].md5/passwd_bin2dec_str/quotient_reg[5]/C (clocked by sys_clk_pin) and genloop[8].md5/passwd_bin2dec_str/quotient_reg[0]/D (clocked by sys_clk_pin). Large setup violations at the end of those stages might be difficult to fix during the post-placement implementation flow and could be the result of non-optimal XDC constraints or non-optimal design architecture
Related violations: <none>

TIMING-16#29 Warning
Large setup violation  
There is a large setup violation of -1.778 ns between genloop[9].md5/passwd_bin2dec_str/quotient_reg[11]/C (clocked by sys_clk_pin) and genloop[9].md5/passwd_bin2dec_str/quotient_reg[20]/D (clocked by sys_clk_pin). Large setup violations at the end of those stages might be difficult to fix during the post-placement implementation flow and could be the result of non-optimal XDC constraints or non-optimal design architecture
Related violations: <none>

TIMING-16#30 Warning
Large setup violation  
There is a large setup violation of -1.782 ns between genloop[6].md5/passwd_bin2dec_str/quotient_reg[6]/C (clocked by sys_clk_pin) and genloop[6].md5/passwd_bin2dec_str/quotient_reg[15]/D (clocked by sys_clk_pin). Large setup violations at the end of those stages might be difficult to fix during the post-placement implementation flow and could be the result of non-optimal XDC constraints or non-optimal design architecture
Related violations: <none>

TIMING-16#31 Warning
Large setup violation  
There is a large setup violation of -1.786 ns between genloop[6].md5/passwd_bin2dec_str/quotient_reg[6]/C (clocked by sys_clk_pin) and genloop[6].md5/passwd_bin2dec_str/quotient_reg[19]/D (clocked by sys_clk_pin). Large setup violations at the end of those stages might be difficult to fix during the post-placement implementation flow and could be the result of non-optimal XDC constraints or non-optimal design architecture
Related violations: <none>

TIMING-16#32 Warning
Large setup violation  
There is a large setup violation of -1.796 ns between genloop[6].md5/passwd_bin2dec_str/quotient_reg[6]/C (clocked by sys_clk_pin) and genloop[6].md5/passwd_bin2dec_str/quotient_reg[20]/D (clocked by sys_clk_pin). Large setup violations at the end of those stages might be difficult to fix during the post-placement implementation flow and could be the result of non-optimal XDC constraints or non-optimal design architecture
Related violations: <none>

TIMING-16#33 Warning
Large setup violation  
There is a large setup violation of -1.796 ns between timer_bin2dec_str/quotient_reg[6]/C (clocked by sys_clk_pin) and timer_bin2dec_str/quotient_reg[3]/D (clocked by sys_clk_pin). Large setup violations at the end of those stages might be difficult to fix during the post-placement implementation flow and could be the result of non-optimal XDC constraints or non-optimal design architecture
Related violations: <none>

TIMING-16#34 Warning
Large setup violation  
There is a large setup violation of -1.807 ns between genloop[3].md5/passwd_bin2dec_str/quotient_reg[8]/C (clocked by sys_clk_pin) and genloop[3].md5/passwd_bin2dec_str/quotient_reg[19]/D (clocked by sys_clk_pin). Large setup violations at the end of those stages might be difficult to fix during the post-placement implementation flow and could be the result of non-optimal XDC constraints or non-optimal design architecture
Related violations: <none>

TIMING-16#35 Warning
Large setup violation  
There is a large setup violation of -1.840 ns between genloop[5].md5/passwd_bin2dec_str/quotient_reg[9]/C (clocked by sys_clk_pin) and genloop[5].md5/passwd_bin2dec_str/quotient_reg[22]/D (clocked by sys_clk_pin). Large setup violations at the end of those stages might be difficult to fix during the post-placement implementation flow and could be the result of non-optimal XDC constraints or non-optimal design architecture
Related violations: <none>

TIMING-16#36 Warning
Large setup violation  
There is a large setup violation of -1.864 ns between timer_bin2dec_str/quotient_reg[1]/C (clocked by sys_clk_pin) and timer_bin2dec_str/quotient_reg[8]/D (clocked by sys_clk_pin). Large setup violations at the end of those stages might be difficult to fix during the post-placement implementation flow and could be the result of non-optimal XDC constraints or non-optimal design architecture
Related violations: <none>

TIMING-16#37 Warning
Large setup violation  
There is a large setup violation of -1.878 ns between genloop[9].md5/passwd_bin2dec_str/quotient_reg[11]/C (clocked by sys_clk_pin) and genloop[9].md5/passwd_bin2dec_str/quotient_reg[21]/D (clocked by sys_clk_pin). Large setup violations at the end of those stages might be difficult to fix during the post-placement implementation flow and could be the result of non-optimal XDC constraints or non-optimal design architecture
Related violations: <none>

TIMING-16#38 Warning
Large setup violation  
There is a large setup violation of -1.891 ns between genloop[6].md5/passwd_bin2dec_str/quotient_reg[6]/C (clocked by sys_clk_pin) and genloop[6].md5/passwd_bin2dec_str/quotient_reg[4]/D (clocked by sys_clk_pin). Large setup violations at the end of those stages might be difficult to fix during the post-placement implementation flow and could be the result of non-optimal XDC constraints or non-optimal design architecture
Related violations: <none>

TIMING-16#39 Warning
Large setup violation  
There is a large setup violation of -1.904 ns between genloop[6].md5/passwd_bin2dec_str/quotient_reg[6]/C (clocked by sys_clk_pin) and genloop[6].md5/passwd_bin2dec_str/quotient_reg[18]/D (clocked by sys_clk_pin). Large setup violations at the end of those stages might be difficult to fix during the post-placement implementation flow and could be the result of non-optimal XDC constraints or non-optimal design architecture
Related violations: <none>

TIMING-16#40 Warning
Large setup violation  
There is a large setup violation of -1.916 ns between genloop[1].md5/passwd_bin2dec_str/quotient_reg[6]/C (clocked by sys_clk_pin) and genloop[1].md5/passwd_bin2dec_str/quotient_reg[20]/D (clocked by sys_clk_pin). Large setup violations at the end of those stages might be difficult to fix during the post-placement implementation flow and could be the result of non-optimal XDC constraints or non-optimal design architecture
Related violations: <none>

TIMING-16#41 Warning
Large setup violation  
There is a large setup violation of -1.921 ns between genloop[1].md5/passwd_bin2dec_str/quotient_reg[6]/C (clocked by sys_clk_pin) and genloop[1].md5/passwd_bin2dec_str/quotient_reg[21]/D (clocked by sys_clk_pin). Large setup violations at the end of those stages might be difficult to fix during the post-placement implementation flow and could be the result of non-optimal XDC constraints or non-optimal design architecture
Related violations: <none>

TIMING-16#42 Warning
Large setup violation  
There is a large setup violation of -1.923 ns between genloop[1].md5/passwd_bin2dec_str/quotient_reg[6]/C (clocked by sys_clk_pin) and genloop[1].md5/passwd_bin2dec_str/quotient_reg[18]/D (clocked by sys_clk_pin). Large setup violations at the end of those stages might be difficult to fix during the post-placement implementation flow and could be the result of non-optimal XDC constraints or non-optimal design architecture
Related violations: <none>

TIMING-16#43 Warning
Large setup violation  
There is a large setup violation of -1.928 ns between genloop[6].md5/passwd_bin2dec_str/quotient_reg[6]/C (clocked by sys_clk_pin) and genloop[6].md5/passwd_bin2dec_str/quotient_reg[7]/D (clocked by sys_clk_pin). Large setup violations at the end of those stages might be difficult to fix during the post-placement implementation flow and could be the result of non-optimal XDC constraints or non-optimal design architecture
Related violations: <none>

TIMING-16#44 Warning
Large setup violation  
There is a large setup violation of -1.930 ns between genloop[6].md5/passwd_bin2dec_str/quotient_reg[6]/C (clocked by sys_clk_pin) and genloop[6].md5/passwd_bin2dec_str/quotient_reg[9]/D (clocked by sys_clk_pin). Large setup violations at the end of those stages might be difficult to fix during the post-placement implementation flow and could be the result of non-optimal XDC constraints or non-optimal design architecture
Related violations: <none>

TIMING-16#45 Warning
Large setup violation  
There is a large setup violation of -1.931 ns between genloop[1].md5/passwd_bin2dec_str/quotient_reg[6]/C (clocked by sys_clk_pin) and genloop[1].md5/passwd_bin2dec_str/quotient_reg[22]/D (clocked by sys_clk_pin). Large setup violations at the end of those stages might be difficult to fix during the post-placement implementation flow and could be the result of non-optimal XDC constraints or non-optimal design architecture
Related violations: <none>

TIMING-16#46 Warning
Large setup violation  
There is a large setup violation of -1.934 ns between genloop[6].md5/passwd_bin2dec_str/quotient_reg[6]/C (clocked by sys_clk_pin) and genloop[6].md5/passwd_bin2dec_str/quotient_reg[13]/D (clocked by sys_clk_pin). Large setup violations at the end of those stages might be difficult to fix during the post-placement implementation flow and could be the result of non-optimal XDC constraints or non-optimal design architecture
Related violations: <none>

TIMING-16#47 Warning
Large setup violation  
There is a large setup violation of -1.937 ns between genloop[6].md5/passwd_bin2dec_str/quotient_reg[6]/C (clocked by sys_clk_pin) and genloop[6].md5/passwd_bin2dec_str/quotient_reg[0]/D (clocked by sys_clk_pin). Large setup violations at the end of those stages might be difficult to fix during the post-placement implementation flow and could be the result of non-optimal XDC constraints or non-optimal design architecture
Related violations: <none>

TIMING-16#48 Warning
Large setup violation  
There is a large setup violation of -1.942 ns between genloop[1].md5/passwd_bin2dec_str/quotient_reg[6]/C (clocked by sys_clk_pin) and genloop[1].md5/passwd_bin2dec_str/quotient_reg[15]/D (clocked by sys_clk_pin). Large setup violations at the end of those stages might be difficult to fix during the post-placement implementation flow and could be the result of non-optimal XDC constraints or non-optimal design architecture
Related violations: <none>

TIMING-16#49 Warning
Large setup violation  
There is a large setup violation of -1.960 ns between genloop[3].md5/passwd_bin2dec_str/quotient_reg[8]/C (clocked by sys_clk_pin) and genloop[3].md5/passwd_bin2dec_str/quotient_reg[23]/D (clocked by sys_clk_pin). Large setup violations at the end of those stages might be difficult to fix during the post-placement implementation flow and could be the result of non-optimal XDC constraints or non-optimal design architecture
Related violations: <none>

TIMING-16#50 Warning
Large setup violation  
There is a large setup violation of -1.962 ns between genloop[6].md5/passwd_bin2dec_str/quotient_reg[6]/C (clocked by sys_clk_pin) and genloop[6].md5/passwd_bin2dec_str/quotient_reg[10]/D (clocked by sys_clk_pin). Large setup violations at the end of those stages might be difficult to fix during the post-placement implementation flow and could be the result of non-optimal XDC constraints or non-optimal design architecture
Related violations: <none>

TIMING-16#51 Warning
Large setup violation  
There is a large setup violation of -1.964 ns between genloop[6].md5/passwd_bin2dec_str/quotient_reg[6]/C (clocked by sys_clk_pin) and genloop[6].md5/passwd_bin2dec_str/quotient_reg[14]/D (clocked by sys_clk_pin). Large setup violations at the end of those stages might be difficult to fix during the post-placement implementation flow and could be the result of non-optimal XDC constraints or non-optimal design architecture
Related violations: <none>

TIMING-16#52 Warning
Large setup violation  
There is a large setup violation of -1.964 ns between genloop[9].md5/passwd_bin2dec_str/quotient_reg[11]/C (clocked by sys_clk_pin) and genloop[9].md5/passwd_bin2dec_str/quotient_reg[15]/D (clocked by sys_clk_pin). Large setup violations at the end of those stages might be difficult to fix during the post-placement implementation flow and could be the result of non-optimal XDC constraints or non-optimal design architecture
Related violations: <none>

TIMING-16#53 Warning
Large setup violation  
There is a large setup violation of -1.965 ns between genloop[3].md5/passwd_bin2dec_str/quotient_reg[8]/C (clocked by sys_clk_pin) and genloop[3].md5/passwd_bin2dec_str/quotient_reg[16]/D (clocked by sys_clk_pin). Large setup violations at the end of those stages might be difficult to fix during the post-placement implementation flow and could be the result of non-optimal XDC constraints or non-optimal design architecture
Related violations: <none>

TIMING-16#54 Warning
Large setup violation  
There is a large setup violation of -1.970 ns between genloop[9].md5/passwd_bin2dec_str/quotient_reg[11]/C (clocked by sys_clk_pin) and genloop[9].md5/passwd_bin2dec_str/quotient_reg[14]/D (clocked by sys_clk_pin). Large setup violations at the end of those stages might be difficult to fix during the post-placement implementation flow and could be the result of non-optimal XDC constraints or non-optimal design architecture
Related violations: <none>

TIMING-16#55 Warning
Large setup violation  
There is a large setup violation of -1.972 ns between genloop[6].md5/passwd_bin2dec_str/quotient_reg[6]/C (clocked by sys_clk_pin) and genloop[6].md5/passwd_bin2dec_str/quotient_reg[8]/D (clocked by sys_clk_pin). Large setup violations at the end of those stages might be difficult to fix during the post-placement implementation flow and could be the result of non-optimal XDC constraints or non-optimal design architecture
Related violations: <none>

TIMING-16#56 Warning
Large setup violation  
There is a large setup violation of -1.973 ns between genloop[3].md5/passwd_bin2dec_str/quotient_reg[8]/C (clocked by sys_clk_pin) and genloop[3].md5/passwd_bin2dec_str/quotient_reg[9]/D (clocked by sys_clk_pin). Large setup violations at the end of those stages might be difficult to fix during the post-placement implementation flow and could be the result of non-optimal XDC constraints or non-optimal design architecture
Related violations: <none>

TIMING-16#57 Warning
Large setup violation  
There is a large setup violation of -1.976 ns between genloop[3].md5/passwd_bin2dec_str/quotient_reg[8]/C (clocked by sys_clk_pin) and genloop[3].md5/passwd_bin2dec_str/quotient_reg[22]/D (clocked by sys_clk_pin). Large setup violations at the end of those stages might be difficult to fix during the post-placement implementation flow and could be the result of non-optimal XDC constraints or non-optimal design architecture
Related violations: <none>

TIMING-16#58 Warning
Large setup violation  
There is a large setup violation of -1.981 ns between genloop[3].md5/passwd_bin2dec_str/quotient_reg[8]/C (clocked by sys_clk_pin) and genloop[3].md5/passwd_bin2dec_str/quotient_reg[21]/D (clocked by sys_clk_pin). Large setup violations at the end of those stages might be difficult to fix during the post-placement implementation flow and could be the result of non-optimal XDC constraints or non-optimal design architecture
Related violations: <none>

TIMING-16#59 Warning
Large setup violation  
There is a large setup violation of -1.993 ns between genloop[6].md5/passwd_bin2dec_str/quotient_reg[6]/C (clocked by sys_clk_pin) and genloop[6].md5/passwd_bin2dec_str/quotient_reg[12]/D (clocked by sys_clk_pin). Large setup violations at the end of those stages might be difficult to fix during the post-placement implementation flow and could be the result of non-optimal XDC constraints or non-optimal design architecture
Related violations: <none>

TIMING-16#60 Warning
Large setup violation  
There is a large setup violation of -1.998 ns between genloop[6].md5/passwd_bin2dec_str/quotient_reg[6]/C (clocked by sys_clk_pin) and genloop[6].md5/passwd_bin2dec_str/quotient_reg[11]/D (clocked by sys_clk_pin). Large setup violations at the end of those stages might be difficult to fix during the post-placement implementation flow and could be the result of non-optimal XDC constraints or non-optimal design architecture
Related violations: <none>

TIMING-16#61 Warning
Large setup violation  
There is a large setup violation of -2.000 ns between genloop[6].md5/passwd_bin2dec_str/quotient_reg[6]/C (clocked by sys_clk_pin) and genloop[6].md5/passwd_bin2dec_str/quotient_reg[16]/D (clocked by sys_clk_pin). Large setup violations at the end of those stages might be difficult to fix during the post-placement implementation flow and could be the result of non-optimal XDC constraints or non-optimal design architecture
Related violations: <none>

TIMING-16#62 Warning
Large setup violation  
There is a large setup violation of -2.005 ns between genloop[1].md5/passwd_bin2dec_str/quotient_reg[6]/C (clocked by sys_clk_pin) and genloop[1].md5/passwd_bin2dec_str/quotient_reg[5]/D (clocked by sys_clk_pin). Large setup violations at the end of those stages might be difficult to fix during the post-placement implementation flow and could be the result of non-optimal XDC constraints or non-optimal design architecture
Related violations: <none>

TIMING-16#63 Warning
Large setup violation  
There is a large setup violation of -2.007 ns between genloop[6].md5/passwd_bin2dec_str/quotient_reg[6]/C (clocked by sys_clk_pin) and genloop[6].md5/passwd_bin2dec_str/quotient_reg[6]/D (clocked by sys_clk_pin). Large setup violations at the end of those stages might be difficult to fix during the post-placement implementation flow and could be the result of non-optimal XDC constraints or non-optimal design architecture
Related violations: <none>

TIMING-16#64 Warning
Large setup violation  
There is a large setup violation of -2.008 ns between genloop[6].md5/passwd_bin2dec_str/quotient_reg[6]/C (clocked by sys_clk_pin) and genloop[6].md5/passwd_bin2dec_str/quotient_reg[17]/D (clocked by sys_clk_pin). Large setup violations at the end of those stages might be difficult to fix during the post-placement implementation flow and could be the result of non-optimal XDC constraints or non-optimal design architecture
Related violations: <none>

TIMING-16#65 Warning
Large setup violation  
There is a large setup violation of -2.014 ns between genloop[6].md5/passwd_bin2dec_str/quotient_reg[6]/C (clocked by sys_clk_pin) and genloop[6].md5/passwd_bin2dec_str/quotient_reg[2]/D (clocked by sys_clk_pin). Large setup violations at the end of those stages might be difficult to fix during the post-placement implementation flow and could be the result of non-optimal XDC constraints or non-optimal design architecture
Related violations: <none>

TIMING-16#66 Warning
Large setup violation  
There is a large setup violation of -2.014 ns between genloop[8].md5/passwd_bin2dec_str/quotient_reg[9]/C (clocked by sys_clk_pin) and genloop[8].md5/passwd_bin2dec_str/quotient_reg[6]/D (clocked by sys_clk_pin). Large setup violations at the end of those stages might be difficult to fix during the post-placement implementation flow and could be the result of non-optimal XDC constraints or non-optimal design architecture
Related violations: <none>

TIMING-16#67 Warning
Large setup violation  
There is a large setup violation of -2.018 ns between genloop[8].md5/passwd_bin2dec_str/quotient_reg[9]/C (clocked by sys_clk_pin) and genloop[8].md5/passwd_bin2dec_str/quotient_reg[4]/D (clocked by sys_clk_pin). Large setup violations at the end of those stages might be difficult to fix during the post-placement implementation flow and could be the result of non-optimal XDC constraints or non-optimal design architecture
Related violations: <none>

TIMING-16#68 Warning
Large setup violation  
There is a large setup violation of -2.019 ns between genloop[7].md5/passwd_bin2dec_str/quotient_reg[4]/C (clocked by sys_clk_pin) and genloop[7].md5/passwd_bin2dec_str/quotient_reg[18]/D (clocked by sys_clk_pin). Large setup violations at the end of those stages might be difficult to fix during the post-placement implementation flow and could be the result of non-optimal XDC constraints or non-optimal design architecture
Related violations: <none>

TIMING-16#69 Warning
Large setup violation  
There is a large setup violation of -2.023 ns between genloop[7].md5/passwd_bin2dec_str/quotient_reg[4]/C (clocked by sys_clk_pin) and genloop[7].md5/passwd_bin2dec_str/quotient_reg[19]/D (clocked by sys_clk_pin). Large setup violations at the end of those stages might be difficult to fix during the post-placement implementation flow and could be the result of non-optimal XDC constraints or non-optimal design architecture
Related violations: <none>

TIMING-16#70 Warning
Large setup violation  
There is a large setup violation of -2.023 ns between genloop[8].md5/passwd_bin2dec_str/quotient_reg[9]/C (clocked by sys_clk_pin) and genloop[8].md5/passwd_bin2dec_str/quotient_reg[2]/D (clocked by sys_clk_pin). Large setup violations at the end of those stages might be difficult to fix during the post-placement implementation flow and could be the result of non-optimal XDC constraints or non-optimal design architecture
Related violations: <none>

TIMING-16#71 Warning
Large setup violation  
There is a large setup violation of -2.025 ns between genloop[0].md5/passwd_bin2dec_str/quotient_reg[2]/C (clocked by sys_clk_pin) and genloop[0].md5/passwd_bin2dec_str/quotient_reg[22]/D (clocked by sys_clk_pin). Large setup violations at the end of those stages might be difficult to fix during the post-placement implementation flow and could be the result of non-optimal XDC constraints or non-optimal design architecture
Related violations: <none>

TIMING-16#72 Warning
Large setup violation  
There is a large setup violation of -2.027 ns between genloop[0].md5/passwd_bin2dec_str/quotient_reg[2]/C (clocked by sys_clk_pin) and genloop[0].md5/passwd_bin2dec_str/quotient_reg[23]/D (clocked by sys_clk_pin). Large setup violations at the end of those stages might be difficult to fix during the post-placement implementation flow and could be the result of non-optimal XDC constraints or non-optimal design architecture
Related violations: <none>

TIMING-16#73 Warning
Large setup violation  
There is a large setup violation of -2.028 ns between genloop[5].md5/passwd_bin2dec_str/quotient_reg[1]/C (clocked by sys_clk_pin) and genloop[5].md5/passwd_bin2dec_str/quotient_reg[9]/D (clocked by sys_clk_pin). Large setup violations at the end of those stages might be difficult to fix during the post-placement implementation flow and could be the result of non-optimal XDC constraints or non-optimal design architecture
Related violations: <none>

TIMING-16#74 Warning
Large setup violation  
There is a large setup violation of -2.031 ns between genloop[9].md5/passwd_bin2dec_str/quotient_reg[11]/C (clocked by sys_clk_pin) and genloop[9].md5/passwd_bin2dec_str/quotient_reg[18]/D (clocked by sys_clk_pin). Large setup violations at the end of those stages might be difficult to fix during the post-placement implementation flow and could be the result of non-optimal XDC constraints or non-optimal design architecture
Related violations: <none>

TIMING-16#75 Warning
Large setup violation  
There is a large setup violation of -2.033 ns between genloop[5].md5/passwd_bin2dec_str/quotient_reg[1]/C (clocked by sys_clk_pin) and genloop[5].md5/passwd_bin2dec_str/quotient_reg[3]/D (clocked by sys_clk_pin). Large setup violations at the end of those stages might be difficult to fix during the post-placement implementation flow and could be the result of non-optimal XDC constraints or non-optimal design architecture
Related violations: <none>

TIMING-16#76 Warning
Large setup violation  
There is a large setup violation of -2.044 ns between genloop[2].md5/passwd_bin2dec_str/quotient_reg[9]/C (clocked by sys_clk_pin) and genloop[2].md5/passwd_bin2dec_str/quotient_reg[3]/D (clocked by sys_clk_pin). Large setup violations at the end of those stages might be difficult to fix during the post-placement implementation flow and could be the result of non-optimal XDC constraints or non-optimal design architecture
Related violations: <none>

TIMING-16#77 Warning
Large setup violation  
There is a large setup violation of -2.056 ns between genloop[4].md5/passwd_bin2dec_str/quotient_reg[5]/C (clocked by sys_clk_pin) and genloop[4].md5/passwd_bin2dec_str/quotient_reg[8]/D (clocked by sys_clk_pin). Large setup violations at the end of those stages might be difficult to fix during the post-placement implementation flow and could be the result of non-optimal XDC constraints or non-optimal design architecture
Related violations: <none>

TIMING-16#78 Warning
Large setup violation  
There is a large setup violation of -2.068 ns between genloop[5].md5/passwd_bin2dec_str/quotient_reg[1]/C (clocked by sys_clk_pin) and genloop[5].md5/passwd_bin2dec_str/quotient_reg[2]/D (clocked by sys_clk_pin). Large setup violations at the end of those stages might be difficult to fix during the post-placement implementation flow and could be the result of non-optimal XDC constraints or non-optimal design architecture
Related violations: <none>

TIMING-16#79 Warning
Large setup violation  
There is a large setup violation of -2.071 ns between genloop[3].md5/passwd_bin2dec_str/quotient_reg[8]/C (clocked by sys_clk_pin) and genloop[3].md5/passwd_bin2dec_str/quotient_reg[18]/D (clocked by sys_clk_pin). Large setup violations at the end of those stages might be difficult to fix during the post-placement implementation flow and could be the result of non-optimal XDC constraints or non-optimal design architecture
Related violations: <none>

TIMING-16#80 Warning
Large setup violation  
There is a large setup violation of -2.074 ns between genloop[0].md5/passwd_bin2dec_str/quotient_reg[2]/C (clocked by sys_clk_pin) and genloop[0].md5/passwd_bin2dec_str/quotient_reg[19]/D (clocked by sys_clk_pin). Large setup violations at the end of those stages might be difficult to fix during the post-placement implementation flow and could be the result of non-optimal XDC constraints or non-optimal design architecture
Related violations: <none>

TIMING-16#81 Warning
Large setup violation  
There is a large setup violation of -2.078 ns between genloop[3].md5/passwd_bin2dec_str/quotient_reg[8]/C (clocked by sys_clk_pin) and genloop[3].md5/passwd_bin2dec_str/quotient_reg[14]/D (clocked by sys_clk_pin). Large setup violations at the end of those stages might be difficult to fix during the post-placement implementation flow and could be the result of non-optimal XDC constraints or non-optimal design architecture
Related violations: <none>

TIMING-16#82 Warning
Large setup violation  
There is a large setup violation of -2.082 ns between genloop[9].md5/passwd_bin2dec_str/quotient_reg[11]/C (clocked by sys_clk_pin) and genloop[9].md5/passwd_bin2dec_str/quotient_reg[0]/D (clocked by sys_clk_pin). Large setup violations at the end of those stages might be difficult to fix during the post-placement implementation flow and could be the result of non-optimal XDC constraints or non-optimal design architecture
Related violations: <none>

TIMING-16#83 Warning
Large setup violation  
There is a large setup violation of -2.086 ns between genloop[0].md5/passwd_bin2dec_str/quotient_reg[2]/C (clocked by sys_clk_pin) and genloop[0].md5/passwd_bin2dec_str/quotient_reg[9]/D (clocked by sys_clk_pin). Large setup violations at the end of those stages might be difficult to fix during the post-placement implementation flow and could be the result of non-optimal XDC constraints or non-optimal design architecture
Related violations: <none>

TIMING-16#84 Warning
Large setup violation  
There is a large setup violation of -2.087 ns between genloop[3].md5/passwd_bin2dec_str/quotient_reg[8]/C (clocked by sys_clk_pin) and genloop[3].md5/passwd_bin2dec_str/quotient_reg[20]/D (clocked by sys_clk_pin). Large setup violations at the end of those stages might be difficult to fix during the post-placement implementation flow and could be the result of non-optimal XDC constraints or non-optimal design architecture
Related violations: <none>

TIMING-16#85 Warning
Large setup violation  
There is a large setup violation of -2.087 ns between genloop[8].md5/passwd_bin2dec_str/quotient_reg[9]/C (clocked by sys_clk_pin) and genloop[8].md5/passwd_bin2dec_str/quotient_reg[7]/D (clocked by sys_clk_pin). Large setup violations at the end of those stages might be difficult to fix during the post-placement implementation flow and could be the result of non-optimal XDC constraints or non-optimal design architecture
Related violations: <none>

TIMING-16#86 Warning
Large setup violation  
There is a large setup violation of -2.089 ns between genloop[1].md5/passwd_bin2dec_str/quotient_reg[6]/C (clocked by sys_clk_pin) and genloop[1].md5/passwd_bin2dec_str/quotient_reg[19]/D (clocked by sys_clk_pin). Large setup violations at the end of those stages might be difficult to fix during the post-placement implementation flow and could be the result of non-optimal XDC constraints or non-optimal design architecture
Related violations: <none>

TIMING-16#87 Warning
Large setup violation  
There is a large setup violation of -2.091 ns between genloop[0].md5/passwd_bin2dec_str/quotient_reg[2]/C (clocked by sys_clk_pin) and genloop[0].md5/passwd_bin2dec_str/quotient_reg[8]/D (clocked by sys_clk_pin). Large setup violations at the end of those stages might be difficult to fix during the post-placement implementation flow and could be the result of non-optimal XDC constraints or non-optimal design architecture
Related violations: <none>

TIMING-16#88 Warning
Large setup violation  
There is a large setup violation of -2.091 ns between genloop[9].md5/passwd_bin2dec_str/quotient_reg[11]/C (clocked by sys_clk_pin) and genloop[9].md5/passwd_bin2dec_str/quotient_reg[3]/D (clocked by sys_clk_pin). Large setup violations at the end of those stages might be difficult to fix during the post-placement implementation flow and could be the result of non-optimal XDC constraints or non-optimal design architecture
Related violations: <none>

TIMING-16#89 Warning
Large setup violation  
There is a large setup violation of -2.094 ns between genloop[1].md5/passwd_bin2dec_str/quotient_reg[6]/C (clocked by sys_clk_pin) and genloop[1].md5/passwd_bin2dec_str/quotient_reg[23]/D (clocked by sys_clk_pin). Large setup violations at the end of those stages might be difficult to fix during the post-placement implementation flow and could be the result of non-optimal XDC constraints or non-optimal design architecture
Related violations: <none>

TIMING-16#90 Warning
Large setup violation  
There is a large setup violation of -2.094 ns between genloop[3].md5/passwd_bin2dec_str/quotient_reg[8]/C (clocked by sys_clk_pin) and genloop[3].md5/passwd_bin2dec_str/quotient_reg[17]/D (clocked by sys_clk_pin). Large setup violations at the end of those stages might be difficult to fix during the post-placement implementation flow and could be the result of non-optimal XDC constraints or non-optimal design architecture
Related violations: <none>

TIMING-16#91 Warning
Large setup violation  
There is a large setup violation of -2.095 ns between genloop[9].md5/passwd_bin2dec_str/quotient_reg[11]/C (clocked by sys_clk_pin) and genloop[9].md5/passwd_bin2dec_str/quotient_reg[2]/D (clocked by sys_clk_pin). Large setup violations at the end of those stages might be difficult to fix during the post-placement implementation flow and could be the result of non-optimal XDC constraints or non-optimal design architecture
Related violations: <none>

TIMING-16#92 Warning
Large setup violation  
There is a large setup violation of -2.097 ns between genloop[3].md5/passwd_bin2dec_str/quotient_reg[8]/C (clocked by sys_clk_pin) and genloop[3].md5/passwd_bin2dec_str/quotient_reg[11]/D (clocked by sys_clk_pin). Large setup violations at the end of those stages might be difficult to fix during the post-placement implementation flow and could be the result of non-optimal XDC constraints or non-optimal design architecture
Related violations: <none>

TIMING-16#93 Warning
Large setup violation  
There is a large setup violation of -2.098 ns between genloop[7].md5/passwd_bin2dec_str/quotient_reg[4]/C (clocked by sys_clk_pin) and genloop[7].md5/passwd_bin2dec_str/quotient_reg[20]/D (clocked by sys_clk_pin). Large setup violations at the end of those stages might be difficult to fix during the post-placement implementation flow and could be the result of non-optimal XDC constraints or non-optimal design architecture
Related violations: <none>

TIMING-16#94 Warning
Large setup violation  
There is a large setup violation of -2.100 ns between genloop[9].md5/passwd_bin2dec_str/quotient_reg[11]/C (clocked by sys_clk_pin) and genloop[9].md5/passwd_bin2dec_str/quotient_reg[1]/D (clocked by sys_clk_pin). Large setup violations at the end of those stages might be difficult to fix during the post-placement implementation flow and could be the result of non-optimal XDC constraints or non-optimal design architecture
Related violations: <none>

TIMING-16#95 Warning
Large setup violation  
There is a large setup violation of -2.103 ns between genloop[6].md5/passwd_bin2dec_str/quotient_reg[6]/C (clocked by sys_clk_pin) and genloop[6].md5/passwd_bin2dec_str/quotient_reg[5]/D (clocked by sys_clk_pin). Large setup violations at the end of those stages might be difficult to fix during the post-placement implementation flow and could be the result of non-optimal XDC constraints or non-optimal design architecture
Related violations: <none>

TIMING-16#96 Warning
Large setup violation  
There is a large setup violation of -2.104 ns between genloop[6].md5/passwd_bin2dec_str/quotient_reg[6]/C (clocked by sys_clk_pin) and genloop[6].md5/passwd_bin2dec_str/quotient_reg[3]/D (clocked by sys_clk_pin). Large setup violations at the end of those stages might be difficult to fix during the post-placement implementation flow and could be the result of non-optimal XDC constraints or non-optimal design architecture
Related violations: <none>

TIMING-16#97 Warning
Large setup violation  
There is a large setup violation of -2.106 ns between genloop[3].md5/passwd_bin2dec_str/quotient_reg[8]/C (clocked by sys_clk_pin) and genloop[3].md5/passwd_bin2dec_str/quotient_reg[4]/D (clocked by sys_clk_pin). Large setup violations at the end of those stages might be difficult to fix during the post-placement implementation flow and could be the result of non-optimal XDC constraints or non-optimal design architecture
Related violations: <none>

TIMING-16#98 Warning
Large setup violation  
There is a large setup violation of -2.108 ns between genloop[3].md5/passwd_bin2dec_str/quotient_reg[1]/C (clocked by sys_clk_pin) and genloop[3].md5/passwd_bin2dec_str/quotient_reg[12]/D (clocked by sys_clk_pin). Large setup violations at the end of those stages might be difficult to fix during the post-placement implementation flow and could be the result of non-optimal XDC constraints or non-optimal design architecture
Related violations: <none>

TIMING-16#99 Warning
Large setup violation  
There is a large setup violation of -2.108 ns between genloop[6].md5/passwd_bin2dec_str/quotient_reg[6]/C (clocked by sys_clk_pin) and genloop[6].md5/passwd_bin2dec_str/quotient_reg[1]/D (clocked by sys_clk_pin). Large setup violations at the end of those stages might be difficult to fix during the post-placement implementation flow and could be the result of non-optimal XDC constraints or non-optimal design architecture
Related violations: <none>

TIMING-16#100 Warning
Large setup violation  
There is a large setup violation of -2.110 ns between genloop[3].md5/passwd_bin2dec_str/quotient_reg[1]/C (clocked by sys_clk_pin) and genloop[3].md5/passwd_bin2dec_str/quotient_reg[13]/D (clocked by sys_clk_pin). Large setup violations at the end of those stages might be difficult to fix during the post-placement implementation flow and could be the result of non-optimal XDC constraints or non-optimal design architecture
Related violations: <none>

TIMING-16#101 Warning
Large setup violation  
There is a large setup violation of -2.111 ns between genloop[3].md5/passwd_bin2dec_str/quotient_reg[8]/C (clocked by sys_clk_pin) and genloop[3].md5/passwd_bin2dec_str/quotient_reg[2]/D (clocked by sys_clk_pin). Large setup violations at the end of those stages might be difficult to fix during the post-placement implementation flow and could be the result of non-optimal XDC constraints or non-optimal design architecture
Related violations: <none>

TIMING-16#102 Warning
Large setup violation  
There is a large setup violation of -2.112 ns between genloop[0].md5/passwd_bin2dec_str/quotient_reg[2]/C (clocked by sys_clk_pin) and genloop[0].md5/passwd_bin2dec_str/quotient_reg[16]/D (clocked by sys_clk_pin). Large setup violations at the end of those stages might be difficult to fix during the post-placement implementation flow and could be the result of non-optimal XDC constraints or non-optimal design architecture
Related violations: <none>

TIMING-16#103 Warning
Large setup violation  
There is a large setup violation of -2.112 ns between genloop[0].md5/passwd_bin2dec_str/quotient_reg[2]/C (clocked by sys_clk_pin) and genloop[0].md5/passwd_bin2dec_str/quotient_reg[21]/D (clocked by sys_clk_pin). Large setup violations at the end of those stages might be difficult to fix during the post-placement implementation flow and could be the result of non-optimal XDC constraints or non-optimal design architecture
Related violations: <none>

TIMING-16#104 Warning
Large setup violation  
There is a large setup violation of -2.114 ns between genloop[1].md5/passwd_bin2dec_str/quotient_reg[6]/C (clocked by sys_clk_pin) and genloop[1].md5/passwd_bin2dec_str/quotient_reg[11]/D (clocked by sys_clk_pin). Large setup violations at the end of those stages might be difficult to fix during the post-placement implementation flow and could be the result of non-optimal XDC constraints or non-optimal design architecture
Related violations: <none>

TIMING-16#105 Warning
Large setup violation  
There is a large setup violation of -2.115 ns between genloop[3].md5/passwd_bin2dec_str/quotient_reg[1]/C (clocked by sys_clk_pin) and genloop[3].md5/passwd_bin2dec_str/quotient_reg[6]/D (clocked by sys_clk_pin). Large setup violations at the end of those stages might be difficult to fix during the post-placement implementation flow and could be the result of non-optimal XDC constraints or non-optimal design architecture
Related violations: <none>

TIMING-16#106 Warning
Large setup violation  
There is a large setup violation of -2.119 ns between genloop[3].md5/passwd_bin2dec_str/quotient_reg[1]/C (clocked by sys_clk_pin) and genloop[3].md5/passwd_bin2dec_str/quotient_reg[8]/D (clocked by sys_clk_pin). Large setup violations at the end of those stages might be difficult to fix during the post-placement implementation flow and could be the result of non-optimal XDC constraints or non-optimal design architecture
Related violations: <none>

TIMING-16#107 Warning
Large setup violation  
There is a large setup violation of -2.121 ns between genloop[7].md5/passwd_bin2dec_str/quotient_reg[4]/C (clocked by sys_clk_pin) and genloop[7].md5/passwd_bin2dec_str/quotient_reg[21]/D (clocked by sys_clk_pin). Large setup violations at the end of those stages might be difficult to fix during the post-placement implementation flow and could be the result of non-optimal XDC constraints or non-optimal design architecture
Related violations: <none>

TIMING-16#108 Warning
Large setup violation  
There is a large setup violation of -2.123 ns between genloop[7].md5/passwd_bin2dec_str/quotient_reg[4]/C (clocked by sys_clk_pin) and genloop[7].md5/passwd_bin2dec_str/quotient_reg[23]/D (clocked by sys_clk_pin). Large setup violations at the end of those stages might be difficult to fix during the post-placement implementation flow and could be the result of non-optimal XDC constraints or non-optimal design architecture
Related violations: <none>

TIMING-16#109 Warning
Large setup violation  
There is a large setup violation of -2.127 ns between genloop[1].md5/passwd_bin2dec_str/quotient_reg[6]/C (clocked by sys_clk_pin) and genloop[1].md5/passwd_bin2dec_str/quotient_reg[14]/D (clocked by sys_clk_pin). Large setup violations at the end of those stages might be difficult to fix during the post-placement implementation flow and could be the result of non-optimal XDC constraints or non-optimal design architecture
Related violations: <none>

TIMING-16#110 Warning
Large setup violation  
There is a large setup violation of -2.128 ns between genloop[7].md5/passwd_bin2dec_str/quotient_reg[4]/C (clocked by sys_clk_pin) and genloop[7].md5/passwd_bin2dec_str/quotient_reg[22]/D (clocked by sys_clk_pin). Large setup violations at the end of those stages might be difficult to fix during the post-placement implementation flow and could be the result of non-optimal XDC constraints or non-optimal design architecture
Related violations: <none>

TIMING-16#111 Warning
Large setup violation  
There is a large setup violation of -2.132 ns between genloop[1].md5/passwd_bin2dec_str/quotient_reg[6]/C (clocked by sys_clk_pin) and genloop[1].md5/passwd_bin2dec_str/quotient_reg[13]/D (clocked by sys_clk_pin). Large setup violations at the end of those stages might be difficult to fix during the post-placement implementation flow and could be the result of non-optimal XDC constraints or non-optimal design architecture
Related violations: <none>

TIMING-16#112 Warning
Large setup violation  
There is a large setup violation of -2.135 ns between genloop[9].md5/passwd_bin2dec_str/quotient_reg[11]/C (clocked by sys_clk_pin) and genloop[9].md5/passwd_bin2dec_str/quotient_reg[23]/D (clocked by sys_clk_pin). Large setup violations at the end of those stages might be difficult to fix during the post-placement implementation flow and could be the result of non-optimal XDC constraints or non-optimal design architecture
Related violations: <none>

TIMING-16#113 Warning
Large setup violation  
There is a large setup violation of -2.136 ns between genloop[1].md5/passwd_bin2dec_str/quotient_reg[6]/C (clocked by sys_clk_pin) and genloop[1].md5/passwd_bin2dec_str/quotient_reg[6]/D (clocked by sys_clk_pin). Large setup violations at the end of those stages might be difficult to fix during the post-placement implementation flow and could be the result of non-optimal XDC constraints or non-optimal design architecture
Related violations: <none>

TIMING-16#114 Warning
Large setup violation  
There is a large setup violation of -2.142 ns between genloop[2].md5/passwd_bin2dec_str/quotient_reg[9]/C (clocked by sys_clk_pin) and genloop[2].md5/passwd_bin2dec_str/quotient_reg[2]/D (clocked by sys_clk_pin). Large setup violations at the end of those stages might be difficult to fix during the post-placement implementation flow and could be the result of non-optimal XDC constraints or non-optimal design architecture
Related violations: <none>

TIMING-16#115 Warning
Large setup violation  
There is a large setup violation of -2.142 ns between genloop[9].md5/passwd_bin2dec_str/quotient_reg[11]/C (clocked by sys_clk_pin) and genloop[9].md5/passwd_bin2dec_str/quotient_reg[17]/D (clocked by sys_clk_pin). Large setup violations at the end of those stages might be difficult to fix during the post-placement implementation flow and could be the result of non-optimal XDC constraints or non-optimal design architecture
Related violations: <none>

TIMING-16#116 Warning
Large setup violation  
There is a large setup violation of -2.146 ns between genloop[1].md5/passwd_bin2dec_str/quotient_reg[6]/C (clocked by sys_clk_pin) and genloop[1].md5/passwd_bin2dec_str/quotient_reg[17]/D (clocked by sys_clk_pin). Large setup violations at the end of those stages might be difficult to fix during the post-placement implementation flow and could be the result of non-optimal XDC constraints or non-optimal design architecture
Related violations: <none>

TIMING-16#117 Warning
Large setup violation  
There is a large setup violation of -2.150 ns between genloop[3].md5/passwd_bin2dec_str/quotient_reg[8]/C (clocked by sys_clk_pin) and genloop[3].md5/passwd_bin2dec_str/quotient_reg[15]/D (clocked by sys_clk_pin). Large setup violations at the end of those stages might be difficult to fix during the post-placement implementation flow and could be the result of non-optimal XDC constraints or non-optimal design architecture
Related violations: <none>

TIMING-16#118 Warning
Large setup violation  
There is a large setup violation of -2.158 ns between genloop[7].md5/passwd_bin2dec_str/quotient_reg[7]/C (clocked by sys_clk_pin) and genloop[7].md5/passwd_bin2dec_str/quotient_reg[6]/D (clocked by sys_clk_pin). Large setup violations at the end of those stages might be difficult to fix during the post-placement implementation flow and could be the result of non-optimal XDC constraints or non-optimal design architecture
Related violations: <none>

TIMING-16#119 Warning
Large setup violation  
There is a large setup violation of -2.165 ns between genloop[1].md5/passwd_bin2dec_str/quotient_reg[6]/C (clocked by sys_clk_pin) and genloop[1].md5/passwd_bin2dec_str/quotient_reg[16]/D (clocked by sys_clk_pin). Large setup violations at the end of those stages might be difficult to fix during the post-placement implementation flow and could be the result of non-optimal XDC constraints or non-optimal design architecture
Related violations: <none>

TIMING-16#120 Warning
Large setup violation  
There is a large setup violation of -2.167 ns between genloop[4].md5/passwd_bin2dec_str/quotient_reg[5]/C (clocked by sys_clk_pin) and genloop[4].md5/passwd_bin2dec_str/quotient_reg[23]/D (clocked by sys_clk_pin). Large setup violations at the end of those stages might be difficult to fix during the post-placement implementation flow and could be the result of non-optimal XDC constraints or non-optimal design architecture
Related violations: <none>

TIMING-16#121 Warning
Large setup violation  
There is a large setup violation of -2.171 ns between genloop[7].md5/passwd_bin2dec_str/quotient_reg[4]/C (clocked by sys_clk_pin) and genloop[7].md5/passwd_bin2dec_str/quotient_reg[2]/D (clocked by sys_clk_pin). Large setup violations at the end of those stages might be difficult to fix during the post-placement implementation flow and could be the result of non-optimal XDC constraints or non-optimal design architecture
Related violations: <none>

TIMING-16#122 Warning
Large setup violation  
There is a large setup violation of -2.180 ns between genloop[8].md5/passwd_bin2dec_str/quotient_reg[9]/C (clocked by sys_clk_pin) and genloop[8].md5/passwd_bin2dec_str/quotient_reg[5]/D (clocked by sys_clk_pin). Large setup violations at the end of those stages might be difficult to fix during the post-placement implementation flow and could be the result of non-optimal XDC constraints or non-optimal design architecture
Related violations: <none>

TIMING-16#123 Warning
Large setup violation  
There is a large setup violation of -2.181 ns between genloop[5].md5/passwd_bin2dec_str/quotient_reg[9]/C (clocked by sys_clk_pin) and genloop[5].md5/passwd_bin2dec_str/quotient_reg[5]/D (clocked by sys_clk_pin). Large setup violations at the end of those stages might be difficult to fix during the post-placement implementation flow and could be the result of non-optimal XDC constraints or non-optimal design architecture
Related violations: <none>

TIMING-16#124 Warning
Large setup violation  
There is a large setup violation of -2.184 ns between genloop[1].md5/passwd_bin2dec_str/quotient_reg[6]/C (clocked by sys_clk_pin) and genloop[1].md5/passwd_bin2dec_str/quotient_reg[2]/D (clocked by sys_clk_pin). Large setup violations at the end of those stages might be difficult to fix during the post-placement implementation flow and could be the result of non-optimal XDC constraints or non-optimal design architecture
Related violations: <none>

TIMING-16#125 Warning
Large setup violation  
There is a large setup violation of -2.189 ns between genloop[2].md5/passwd_bin2dec_str/quotient_reg[0]/C (clocked by sys_clk_pin) and genloop[2].md5/passwd_bin2dec_str/quotient_reg[17]/D (clocked by sys_clk_pin). Large setup violations at the end of those stages might be difficult to fix during the post-placement implementation flow and could be the result of non-optimal XDC constraints or non-optimal design architecture
Related violations: <none>

TIMING-16#126 Warning
Large setup violation  
There is a large setup violation of -2.191 ns between genloop[7].md5/passwd_bin2dec_str/quotient_reg[4]/C (clocked by sys_clk_pin) and genloop[7].md5/passwd_bin2dec_str/quotient_reg[11]/D (clocked by sys_clk_pin). Large setup violations at the end of those stages might be difficult to fix during the post-placement implementation flow and could be the result of non-optimal XDC constraints or non-optimal design architecture
Related violations: <none>

TIMING-16#127 Warning
Large setup violation  
There is a large setup violation of -2.192 ns between genloop[7].md5/passwd_bin2dec_str/quotient_reg[4]/C (clocked by sys_clk_pin) and genloop[7].md5/passwd_bin2dec_str/quotient_reg[16]/D (clocked by sys_clk_pin). Large setup violations at the end of those stages might be difficult to fix during the post-placement implementation flow and could be the result of non-optimal XDC constraints or non-optimal design architecture
Related violations: <none>

TIMING-16#128 Warning
Large setup violation  
There is a large setup violation of -2.193 ns between genloop[4].md5/passwd_bin2dec_str/quotient_reg[5]/C (clocked by sys_clk_pin) and genloop[4].md5/passwd_bin2dec_str/quotient_reg[21]/D (clocked by sys_clk_pin). Large setup violations at the end of those stages might be difficult to fix during the post-placement implementation flow and could be the result of non-optimal XDC constraints or non-optimal design architecture
Related violations: <none>

TIMING-16#129 Warning
Large setup violation  
There is a large setup violation of -2.195 ns between genloop[2].md5/passwd_bin2dec_str/quotient_reg[0]/C (clocked by sys_clk_pin) and genloop[2].md5/passwd_bin2dec_str/quotient_reg[19]/D (clocked by sys_clk_pin). Large setup violations at the end of those stages might be difficult to fix during the post-placement implementation flow and could be the result of non-optimal XDC constraints or non-optimal design architecture
Related violations: <none>

TIMING-16#130 Warning
Large setup violation  
There is a large setup violation of -2.196 ns between genloop[1].md5/passwd_bin2dec_str/quotient_reg[6]/C (clocked by sys_clk_pin) and genloop[1].md5/passwd_bin2dec_str/quotient_reg[0]/D (clocked by sys_clk_pin). Large setup violations at the end of those stages might be difficult to fix during the post-placement implementation flow and could be the result of non-optimal XDC constraints or non-optimal design architecture
Related violations: <none>

TIMING-16#131 Warning
Large setup violation  
There is a large setup violation of -2.197 ns between genloop[2].md5/passwd_bin2dec_str/quotient_reg[0]/C (clocked by sys_clk_pin) and genloop[2].md5/passwd_bin2dec_str/quotient_reg[16]/D (clocked by sys_clk_pin). Large setup violations at the end of those stages might be difficult to fix during the post-placement implementation flow and could be the result of non-optimal XDC constraints or non-optimal design architecture
Related violations: <none>

TIMING-16#132 Warning
Large setup violation  
There is a large setup violation of -2.198 ns between genloop[7].md5/passwd_bin2dec_str/quotient_reg[4]/C (clocked by sys_clk_pin) and genloop[7].md5/passwd_bin2dec_str/quotient_reg[0]/D (clocked by sys_clk_pin). Large setup violations at the end of those stages might be difficult to fix during the post-placement implementation flow and could be the result of non-optimal XDC constraints or non-optimal design architecture
Related violations: <none>

TIMING-16#133 Warning
Large setup violation  
There is a large setup violation of -2.199 ns between genloop[9].md5/passwd_bin2dec_str/quotient_reg[11]/C (clocked by sys_clk_pin) and genloop[9].md5/passwd_bin2dec_str/quotient_reg[9]/D (clocked by sys_clk_pin). Large setup violations at the end of those stages might be difficult to fix during the post-placement implementation flow and could be the result of non-optimal XDC constraints or non-optimal design architecture
Related violations: <none>

TIMING-16#134 Warning
Large setup violation  
There is a large setup violation of -2.201 ns between genloop[0].md5/passwd_bin2dec_str/quotient_reg[2]/C (clocked by sys_clk_pin) and genloop[0].md5/passwd_bin2dec_str/quotient_reg[6]/D (clocked by sys_clk_pin). Large setup violations at the end of those stages might be difficult to fix during the post-placement implementation flow and could be the result of non-optimal XDC constraints or non-optimal design architecture
Related violations: <none>

TIMING-16#135 Warning
Large setup violation  
There is a large setup violation of -2.202 ns between genloop[8].md5/passwd_bin2dec_str/quotient_reg[5]/C (clocked by sys_clk_pin) and genloop[8].md5/passwd_bin2dec_str/quotient_reg[22]/D (clocked by sys_clk_pin). Large setup violations at the end of those stages might be difficult to fix during the post-placement implementation flow and could be the result of non-optimal XDC constraints or non-optimal design architecture
Related violations: <none>

TIMING-16#136 Warning
Large setup violation  
There is a large setup violation of -2.204 ns between genloop[2].md5/passwd_bin2dec_str/quotient_reg[0]/C (clocked by sys_clk_pin) and genloop[2].md5/passwd_bin2dec_str/quotient_reg[11]/D (clocked by sys_clk_pin). Large setup violations at the end of those stages might be difficult to fix during the post-placement implementation flow and could be the result of non-optimal XDC constraints or non-optimal design architecture
Related violations: <none>

TIMING-16#137 Warning
Large setup violation  
There is a large setup violation of -2.206 ns between genloop[0].md5/passwd_bin2dec_str/quotient_reg[2]/C (clocked by sys_clk_pin) and genloop[0].md5/passwd_bin2dec_str/quotient_reg[3]/D (clocked by sys_clk_pin). Large setup violations at the end of those stages might be difficult to fix during the post-placement implementation flow and could be the result of non-optimal XDC constraints or non-optimal design architecture
Related violations: <none>

TIMING-16#138 Warning
Large setup violation  
There is a large setup violation of -2.206 ns between genloop[3].md5/passwd_bin2dec_str/quotient_reg[8]/C (clocked by sys_clk_pin) and genloop[3].md5/passwd_bin2dec_str/quotient_reg[10]/D (clocked by sys_clk_pin). Large setup violations at the end of those stages might be difficult to fix during the post-placement implementation flow and could be the result of non-optimal XDC constraints or non-optimal design architecture
Related violations: <none>

TIMING-16#139 Warning
Large setup violation  
There is a large setup violation of -2.206 ns between genloop[9].md5/passwd_bin2dec_str/quotient_reg[11]/C (clocked by sys_clk_pin) and genloop[9].md5/passwd_bin2dec_str/quotient_reg[13]/D (clocked by sys_clk_pin). Large setup violations at the end of those stages might be difficult to fix during the post-placement implementation flow and could be the result of non-optimal XDC constraints or non-optimal design architecture
Related violations: <none>

TIMING-16#140 Warning
Large setup violation  
There is a large setup violation of -2.209 ns between genloop[8].md5/passwd_bin2dec_str/quotient_reg[5]/C (clocked by sys_clk_pin) and genloop[8].md5/passwd_bin2dec_str/quotient_reg[18]/D (clocked by sys_clk_pin). Large setup violations at the end of those stages might be difficult to fix during the post-placement implementation flow and could be the result of non-optimal XDC constraints or non-optimal design architecture
Related violations: <none>

TIMING-16#141 Warning
Large setup violation  
There is a large setup violation of -2.211 ns between genloop[9].md5/passwd_bin2dec_str/quotient_reg[11]/C (clocked by sys_clk_pin) and genloop[9].md5/passwd_bin2dec_str/quotient_reg[11]/D (clocked by sys_clk_pin). Large setup violations at the end of those stages might be difficult to fix during the post-placement implementation flow and could be the result of non-optimal XDC constraints or non-optimal design architecture
Related violations: <none>

TIMING-16#142 Warning
Large setup violation  
There is a large setup violation of -2.213 ns between genloop[0].md5/passwd_bin2dec_str/quotient_reg[2]/C (clocked by sys_clk_pin) and genloop[0].md5/passwd_bin2dec_str/quotient_reg[20]/D (clocked by sys_clk_pin). Large setup violations at the end of those stages might be difficult to fix during the post-placement implementation flow and could be the result of non-optimal XDC constraints or non-optimal design architecture
Related violations: <none>

TIMING-16#143 Warning
Large setup violation  
There is a large setup violation of -2.214 ns between genloop[7].md5/passwd_bin2dec_str/quotient_reg[4]/C (clocked by sys_clk_pin) and genloop[7].md5/passwd_bin2dec_str/quotient_reg[3]/D (clocked by sys_clk_pin). Large setup violations at the end of those stages might be difficult to fix during the post-placement implementation flow and could be the result of non-optimal XDC constraints or non-optimal design architecture
Related violations: <none>

TIMING-16#144 Warning
Large setup violation  
There is a large setup violation of -2.220 ns between genloop[0].md5/passwd_bin2dec_str/quotient_reg[2]/C (clocked by sys_clk_pin) and genloop[0].md5/passwd_bin2dec_str/quotient_reg[2]/D (clocked by sys_clk_pin). Large setup violations at the end of those stages might be difficult to fix during the post-placement implementation flow and could be the result of non-optimal XDC constraints or non-optimal design architecture
Related violations: <none>

TIMING-16#145 Warning
Large setup violation  
There is a large setup violation of -2.222 ns between genloop[1].md5/passwd_bin2dec_str/quotient_reg[6]/C (clocked by sys_clk_pin) and genloop[1].md5/passwd_bin2dec_str/quotient_reg[8]/D (clocked by sys_clk_pin). Large setup violations at the end of those stages might be difficult to fix during the post-placement implementation flow and could be the result of non-optimal XDC constraints or non-optimal design architecture
Related violations: <none>

TIMING-16#146 Warning
Large setup violation  
There is a large setup violation of -2.222 ns between genloop[7].md5/passwd_bin2dec_str/quotient_reg[4]/C (clocked by sys_clk_pin) and genloop[7].md5/passwd_bin2dec_str/quotient_reg[17]/D (clocked by sys_clk_pin). Large setup violations at the end of those stages might be difficult to fix during the post-placement implementation flow and could be the result of non-optimal XDC constraints or non-optimal design architecture
Related violations: <none>

TIMING-16#147 Warning
Large setup violation  
There is a large setup violation of -2.225 ns between genloop[0].md5/passwd_bin2dec_str/quotient_reg[2]/C (clocked by sys_clk_pin) and genloop[0].md5/passwd_bin2dec_str/quotient_reg[1]/D (clocked by sys_clk_pin). Large setup violations at the end of those stages might be difficult to fix during the post-placement implementation flow and could be the result of non-optimal XDC constraints or non-optimal design architecture
Related violations: <none>

TIMING-16#148 Warning
Large setup violation  
There is a large setup violation of -2.226 ns between genloop[2].md5/passwd_bin2dec_str/quotient_reg[0]/C (clocked by sys_clk_pin) and genloop[2].md5/passwd_bin2dec_str/quotient_reg[20]/D (clocked by sys_clk_pin). Large setup violations at the end of those stages might be difficult to fix during the post-placement implementation flow and could be the result of non-optimal XDC constraints or non-optimal design architecture
Related violations: <none>

TIMING-16#149 Warning
Large setup violation  
There is a large setup violation of -2.227 ns between genloop[7].md5/passwd_bin2dec_str/quotient_reg[4]/C (clocked by sys_clk_pin) and genloop[7].md5/passwd_bin2dec_str/quotient_reg[15]/D (clocked by sys_clk_pin). Large setup violations at the end of those stages might be difficult to fix during the post-placement implementation flow and could be the result of non-optimal XDC constraints or non-optimal design architecture
Related violations: <none>

TIMING-16#150 Warning
Large setup violation  
There is a large setup violation of -2.228 ns between genloop[0].md5/passwd_bin2dec_str/quotient_reg[2]/C (clocked by sys_clk_pin) and genloop[0].md5/passwd_bin2dec_str/quotient_reg[4]/D (clocked by sys_clk_pin). Large setup violations at the end of those stages might be difficult to fix during the post-placement implementation flow and could be the result of non-optimal XDC constraints or non-optimal design architecture
Related violations: <none>

TIMING-16#151 Warning
Large setup violation  
There is a large setup violation of -2.229 ns between genloop[0].md5/passwd_bin2dec_str/quotient_reg[2]/C (clocked by sys_clk_pin) and genloop[0].md5/passwd_bin2dec_str/quotient_reg[10]/D (clocked by sys_clk_pin). Large setup violations at the end of those stages might be difficult to fix during the post-placement implementation flow and could be the result of non-optimal XDC constraints or non-optimal design architecture
Related violations: <none>

TIMING-16#152 Warning
Large setup violation  
There is a large setup violation of -2.229 ns between genloop[0].md5/passwd_bin2dec_str/quotient_reg[2]/C (clocked by sys_clk_pin) and genloop[0].md5/passwd_bin2dec_str/quotient_reg[7]/D (clocked by sys_clk_pin). Large setup violations at the end of those stages might be difficult to fix during the post-placement implementation flow and could be the result of non-optimal XDC constraints or non-optimal design architecture
Related violations: <none>

TIMING-16#153 Warning
Large setup violation  
There is a large setup violation of -2.231 ns between genloop[0].md5/passwd_bin2dec_str/quotient_reg[2]/C (clocked by sys_clk_pin) and genloop[0].md5/passwd_bin2dec_str/quotient_reg[18]/D (clocked by sys_clk_pin). Large setup violations at the end of those stages might be difficult to fix during the post-placement implementation flow and could be the result of non-optimal XDC constraints or non-optimal design architecture
Related violations: <none>

TIMING-16#154 Warning
Large setup violation  
There is a large setup violation of -2.234 ns between genloop[0].md5/passwd_bin2dec_str/quotient_reg[2]/C (clocked by sys_clk_pin) and genloop[0].md5/passwd_bin2dec_str/quotient_reg[11]/D (clocked by sys_clk_pin). Large setup violations at the end of those stages might be difficult to fix during the post-placement implementation flow and could be the result of non-optimal XDC constraints or non-optimal design architecture
Related violations: <none>

TIMING-16#155 Warning
Large setup violation  
There is a large setup violation of -2.234 ns between genloop[7].md5/passwd_bin2dec_str/quotient_reg[7]/C (clocked by sys_clk_pin) and genloop[7].md5/passwd_bin2dec_str/quotient_reg[4]/D (clocked by sys_clk_pin). Large setup violations at the end of those stages might be difficult to fix during the post-placement implementation flow and could be the result of non-optimal XDC constraints or non-optimal design architecture
Related violations: <none>

TIMING-16#156 Warning
Large setup violation  
There is a large setup violation of -2.236 ns between genloop[0].md5/passwd_bin2dec_str/quotient_reg[2]/C (clocked by sys_clk_pin) and genloop[0].md5/passwd_bin2dec_str/quotient_reg[17]/D (clocked by sys_clk_pin). Large setup violations at the end of those stages might be difficult to fix during the post-placement implementation flow and could be the result of non-optimal XDC constraints or non-optimal design architecture
Related violations: <none>

TIMING-16#157 Warning
Large setup violation  
There is a large setup violation of -2.238 ns between genloop[7].md5/passwd_bin2dec_str/quotient_reg[7]/C (clocked by sys_clk_pin) and genloop[7].md5/passwd_bin2dec_str/quotient_reg[5]/D (clocked by sys_clk_pin). Large setup violations at the end of those stages might be difficult to fix during the post-placement implementation flow and could be the result of non-optimal XDC constraints or non-optimal design architecture
Related violations: <none>

TIMING-16#158 Warning
Large setup violation  
There is a large setup violation of -2.239 ns between genloop[2].md5/passwd_bin2dec_str/quotient_reg[0]/C (clocked by sys_clk_pin) and genloop[2].md5/passwd_bin2dec_str/quotient_reg[22]/D (clocked by sys_clk_pin). Large setup violations at the end of those stages might be difficult to fix during the post-placement implementation flow and could be the result of non-optimal XDC constraints or non-optimal design architecture
Related violations: <none>

TIMING-16#159 Warning
Large setup violation  
There is a large setup violation of -2.239 ns between genloop[2].md5/passwd_bin2dec_str/quotient_reg[0]/C (clocked by sys_clk_pin) and genloop[2].md5/passwd_bin2dec_str/quotient_reg[23]/D (clocked by sys_clk_pin). Large setup violations at the end of those stages might be difficult to fix during the post-placement implementation flow and could be the result of non-optimal XDC constraints or non-optimal design architecture
Related violations: <none>

TIMING-16#160 Warning
Large setup violation  
There is a large setup violation of -2.243 ns between genloop[7].md5/passwd_bin2dec_str/quotient_reg[7]/C (clocked by sys_clk_pin) and genloop[7].md5/passwd_bin2dec_str/quotient_reg[1]/D (clocked by sys_clk_pin). Large setup violations at the end of those stages might be difficult to fix during the post-placement implementation flow and could be the result of non-optimal XDC constraints or non-optimal design architecture
Related violations: <none>

TIMING-16#161 Warning
Large setup violation  
There is a large setup violation of -2.243 ns between genloop[9].md5/passwd_bin2dec_str/quotient_reg[11]/C (clocked by sys_clk_pin) and genloop[9].md5/passwd_bin2dec_str/quotient_reg[19]/D (clocked by sys_clk_pin). Large setup violations at the end of those stages might be difficult to fix during the post-placement implementation flow and could be the result of non-optimal XDC constraints or non-optimal design architecture
Related violations: <none>

TIMING-16#162 Warning
Large setup violation  
There is a large setup violation of -2.243 ns between genloop[9].md5/passwd_bin2dec_str/quotient_reg[11]/C (clocked by sys_clk_pin) and genloop[9].md5/passwd_bin2dec_str/quotient_reg[7]/D (clocked by sys_clk_pin). Large setup violations at the end of those stages might be difficult to fix during the post-placement implementation flow and could be the result of non-optimal XDC constraints or non-optimal design architecture
Related violations: <none>

TIMING-16#163 Warning
Large setup violation  
There is a large setup violation of -2.244 ns between genloop[2].md5/passwd_bin2dec_str/quotient_reg[0]/C (clocked by sys_clk_pin) and genloop[2].md5/passwd_bin2dec_str/quotient_reg[21]/D (clocked by sys_clk_pin). Large setup violations at the end of those stages might be difficult to fix during the post-placement implementation flow and could be the result of non-optimal XDC constraints or non-optimal design architecture
Related violations: <none>

TIMING-16#164 Warning
Large setup violation  
There is a large setup violation of -2.248 ns between genloop[9].md5/passwd_bin2dec_str/quotient_reg[11]/C (clocked by sys_clk_pin) and genloop[9].md5/passwd_bin2dec_str/quotient_reg[5]/D (clocked by sys_clk_pin). Large setup violations at the end of those stages might be difficult to fix during the post-placement implementation flow and could be the result of non-optimal XDC constraints or non-optimal design architecture
Related violations: <none>

TIMING-16#165 Warning
Large setup violation  
There is a large setup violation of -2.249 ns between genloop[0].md5/passwd_bin2dec_str/quotient_reg[2]/C (clocked by sys_clk_pin) and genloop[0].md5/passwd_bin2dec_str/quotient_reg[15]/D (clocked by sys_clk_pin). Large setup violations at the end of those stages might be difficult to fix during the post-placement implementation flow and could be the result of non-optimal XDC constraints or non-optimal design architecture
Related violations: <none>

TIMING-16#166 Warning
Large setup violation  
There is a large setup violation of -2.252 ns between genloop[3].md5/passwd_bin2dec_str/quotient_reg[8]/C (clocked by sys_clk_pin) and genloop[3].md5/passwd_bin2dec_str/quotient_reg[5]/D (clocked by sys_clk_pin). Large setup violations at the end of those stages might be difficult to fix during the post-placement implementation flow and could be the result of non-optimal XDC constraints or non-optimal design architecture
Related violations: <none>

TIMING-16#167 Warning
Large setup violation  
There is a large setup violation of -2.254 ns between genloop[0].md5/passwd_bin2dec_str/quotient_reg[2]/C (clocked by sys_clk_pin) and genloop[0].md5/passwd_bin2dec_str/quotient_reg[12]/D (clocked by sys_clk_pin). Large setup violations at the end of those stages might be difficult to fix during the post-placement implementation flow and could be the result of non-optimal XDC constraints or non-optimal design architecture
Related violations: <none>

TIMING-16#168 Warning
Large setup violation  
There is a large setup violation of -2.255 ns between genloop[0].md5/passwd_bin2dec_str/quotient_reg[2]/C (clocked by sys_clk_pin) and genloop[0].md5/passwd_bin2dec_str/quotient_reg[0]/D (clocked by sys_clk_pin). Large setup violations at the end of those stages might be difficult to fix during the post-placement implementation flow and could be the result of non-optimal XDC constraints or non-optimal design architecture
Related violations: <none>

TIMING-16#169 Warning
Large setup violation  
There is a large setup violation of -2.257 ns between genloop[7].md5/passwd_bin2dec_str/quotient_reg[4]/C (clocked by sys_clk_pin) and genloop[7].md5/passwd_bin2dec_str/quotient_reg[8]/D (clocked by sys_clk_pin). Large setup violations at the end of those stages might be difficult to fix during the post-placement implementation flow and could be the result of non-optimal XDC constraints or non-optimal design architecture
Related violations: <none>

TIMING-16#170 Warning
Large setup violation  
There is a large setup violation of -2.259 ns between genloop[1].md5/passwd_bin2dec_str/quotient_reg[6]/C (clocked by sys_clk_pin) and genloop[1].md5/passwd_bin2dec_str/quotient_reg[9]/D (clocked by sys_clk_pin). Large setup violations at the end of those stages might be difficult to fix during the post-placement implementation flow and could be the result of non-optimal XDC constraints or non-optimal design architecture
Related violations: <none>

TIMING-16#171 Warning
Large setup violation  
There is a large setup violation of -2.261 ns between genloop[3].md5/passwd_bin2dec_str/quotient_reg[8]/C (clocked by sys_clk_pin) and genloop[3].md5/passwd_bin2dec_str/quotient_reg[7]/D (clocked by sys_clk_pin). Large setup violations at the end of those stages might be difficult to fix during the post-placement implementation flow and could be the result of non-optimal XDC constraints or non-optimal design architecture
Related violations: <none>

TIMING-16#172 Warning
Large setup violation  
There is a large setup violation of -2.263 ns between genloop[3].md5/passwd_bin2dec_str/quotient_reg[8]/C (clocked by sys_clk_pin) and genloop[3].md5/passwd_bin2dec_str/quotient_reg[1]/D (clocked by sys_clk_pin). Large setup violations at the end of those stages might be difficult to fix during the post-placement implementation flow and could be the result of non-optimal XDC constraints or non-optimal design architecture
Related violations: <none>

TIMING-16#173 Warning
Large setup violation  
There is a large setup violation of -2.264 ns between genloop[1].md5/passwd_bin2dec_str/quotient_reg[6]/C (clocked by sys_clk_pin) and genloop[1].md5/passwd_bin2dec_str/quotient_reg[4]/D (clocked by sys_clk_pin). Large setup violations at the end of those stages might be difficult to fix during the post-placement implementation flow and could be the result of non-optimal XDC constraints or non-optimal design architecture
Related violations: <none>

TIMING-16#174 Warning
Large setup violation  
There is a large setup violation of -2.265 ns between genloop[8].md5/passwd_bin2dec_str/quotient_reg[5]/C (clocked by sys_clk_pin) and genloop[8].md5/passwd_bin2dec_str/quotient_reg[20]/D (clocked by sys_clk_pin). Large setup violations at the end of those stages might be difficult to fix during the post-placement implementation flow and could be the result of non-optimal XDC constraints or non-optimal design architecture
Related violations: <none>

TIMING-16#175 Warning
Large setup violation  
There is a large setup violation of -2.267 ns between genloop[4].md5/passwd_bin2dec_str/quotient_reg[5]/C (clocked by sys_clk_pin) and genloop[4].md5/passwd_bin2dec_str/quotient_reg[20]/D (clocked by sys_clk_pin). Large setup violations at the end of those stages might be difficult to fix during the post-placement implementation flow and could be the result of non-optimal XDC constraints or non-optimal design architecture
Related violations: <none>

TIMING-16#176 Warning
Large setup violation  
There is a large setup violation of -2.268 ns between genloop[3].md5/passwd_bin2dec_str/quotient_reg[8]/C (clocked by sys_clk_pin) and genloop[3].md5/passwd_bin2dec_str/quotient_reg[0]/D (clocked by sys_clk_pin). Large setup violations at the end of those stages might be difficult to fix during the post-placement implementation flow and could be the result of non-optimal XDC constraints or non-optimal design architecture
Related violations: <none>

TIMING-16#177 Warning
Large setup violation  
There is a large setup violation of -2.276 ns between genloop[7].md5/passwd_bin2dec_str/quotient_reg[4]/C (clocked by sys_clk_pin) and genloop[7].md5/passwd_bin2dec_str/quotient_reg[13]/D (clocked by sys_clk_pin). Large setup violations at the end of those stages might be difficult to fix during the post-placement implementation flow and could be the result of non-optimal XDC constraints or non-optimal design architecture
Related violations: <none>

TIMING-16#178 Warning
Large setup violation  
There is a large setup violation of -2.277 ns between genloop[1].md5/passwd_bin2dec_str/quotient_reg[6]/C (clocked by sys_clk_pin) and genloop[1].md5/passwd_bin2dec_str/quotient_reg[7]/D (clocked by sys_clk_pin). Large setup violations at the end of those stages might be difficult to fix during the post-placement implementation flow and could be the result of non-optimal XDC constraints or non-optimal design architecture
Related violations: <none>

TIMING-16#179 Warning
Large setup violation  
There is a large setup violation of -2.281 ns between genloop[1].md5/passwd_bin2dec_str/quotient_reg[6]/C (clocked by sys_clk_pin) and genloop[1].md5/passwd_bin2dec_str/quotient_reg[1]/D (clocked by sys_clk_pin). Large setup violations at the end of those stages might be difficult to fix during the post-placement implementation flow and could be the result of non-optimal XDC constraints or non-optimal design architecture
Related violations: <none>

TIMING-16#180 Warning
Large setup violation  
There is a large setup violation of -2.283 ns between genloop[7].md5/passwd_bin2dec_str/quotient_reg[4]/C (clocked by sys_clk_pin) and genloop[7].md5/passwd_bin2dec_str/quotient_reg[12]/D (clocked by sys_clk_pin). Large setup violations at the end of those stages might be difficult to fix during the post-placement implementation flow and could be the result of non-optimal XDC constraints or non-optimal design architecture
Related violations: <none>

TIMING-16#181 Warning
Large setup violation  
There is a large setup violation of -2.287 ns between genloop[1].md5/passwd_bin2dec_str/quotient_reg[6]/C (clocked by sys_clk_pin) and genloop[1].md5/passwd_bin2dec_str/quotient_reg[3]/D (clocked by sys_clk_pin). Large setup violations at the end of those stages might be difficult to fix during the post-placement implementation flow and could be the result of non-optimal XDC constraints or non-optimal design architecture
Related violations: <none>

TIMING-16#182 Warning
Large setup violation  
There is a large setup violation of -2.290 ns between genloop[5].md5/passwd_bin2dec_str/quotient_reg[9]/C (clocked by sys_clk_pin) and genloop[5].md5/passwd_bin2dec_str/quotient_reg[20]/D (clocked by sys_clk_pin). Large setup violations at the end of those stages might be difficult to fix during the post-placement implementation flow and could be the result of non-optimal XDC constraints or non-optimal design architecture
Related violations: <none>

TIMING-16#183 Warning
Large setup violation  
There is a large setup violation of -2.292 ns between genloop[9].md5/passwd_bin2dec_str/quotient_reg[11]/C (clocked by sys_clk_pin) and genloop[9].md5/passwd_bin2dec_str/quotient_reg[8]/D (clocked by sys_clk_pin). Large setup violations at the end of those stages might be difficult to fix during the post-placement implementation flow and could be the result of non-optimal XDC constraints or non-optimal design architecture
Related violations: <none>

TIMING-16#184 Warning
Large setup violation  
There is a large setup violation of -2.295 ns between genloop[1].md5/passwd_bin2dec_str/quotient_reg[6]/C (clocked by sys_clk_pin) and genloop[1].md5/passwd_bin2dec_str/quotient_reg[12]/D (clocked by sys_clk_pin). Large setup violations at the end of those stages might be difficult to fix during the post-placement implementation flow and could be the result of non-optimal XDC constraints or non-optimal design architecture
Related violations: <none>

TIMING-16#185 Warning
Large setup violation  
There is a large setup violation of -2.300 ns between genloop[1].md5/passwd_bin2dec_str/quotient_reg[6]/C (clocked by sys_clk_pin) and genloop[1].md5/passwd_bin2dec_str/quotient_reg[10]/D (clocked by sys_clk_pin). Large setup violations at the end of those stages might be difficult to fix during the post-placement implementation flow and could be the result of non-optimal XDC constraints or non-optimal design architecture
Related violations: <none>

TIMING-16#186 Warning
Large setup violation  
There is a large setup violation of -2.311 ns between genloop[8].md5/passwd_bin2dec_str/quotient_reg[5]/C (clocked by sys_clk_pin) and genloop[8].md5/passwd_bin2dec_str/quotient_reg[14]/D (clocked by sys_clk_pin). Large setup violations at the end of those stages might be difficult to fix during the post-placement implementation flow and could be the result of non-optimal XDC constraints or non-optimal design architecture
Related violations: <none>

TIMING-16#187 Warning
Large setup violation  
There is a large setup violation of -2.315 ns between genloop[3].md5/passwd_bin2dec_str/quotient_reg[8]/C (clocked by sys_clk_pin) and genloop[3].md5/passwd_bin2dec_str/quotient_reg[3]/D (clocked by sys_clk_pin). Large setup violations at the end of those stages might be difficult to fix during the post-placement implementation flow and could be the result of non-optimal XDC constraints or non-optimal design architecture
Related violations: <none>

TIMING-16#188 Warning
Large setup violation  
There is a large setup violation of -2.319 ns between genloop[4].md5/passwd_bin2dec_str/quotient_reg[5]/C (clocked by sys_clk_pin) and genloop[4].md5/passwd_bin2dec_str/quotient_reg[19]/D (clocked by sys_clk_pin). Large setup violations at the end of those stages might be difficult to fix during the post-placement implementation flow and could be the result of non-optimal XDC constraints or non-optimal design architecture
Related violations: <none>

TIMING-16#189 Warning
Large setup violation  
There is a large setup violation of -2.324 ns between genloop[4].md5/passwd_bin2dec_str/quotient_reg[5]/C (clocked by sys_clk_pin) and genloop[4].md5/passwd_bin2dec_str/quotient_reg[17]/D (clocked by sys_clk_pin). Large setup violations at the end of those stages might be difficult to fix during the post-placement implementation flow and could be the result of non-optimal XDC constraints or non-optimal design architecture
Related violations: <none>

TIMING-16#190 Warning
Large setup violation  
There is a large setup violation of -2.337 ns between genloop[7].md5/passwd_bin2dec_str/quotient_reg[4]/C (clocked by sys_clk_pin) and genloop[7].md5/passwd_bin2dec_str/quotient_reg[14]/D (clocked by sys_clk_pin). Large setup violations at the end of those stages might be difficult to fix during the post-placement implementation flow and could be the result of non-optimal XDC constraints or non-optimal design architecture
Related violations: <none>

TIMING-16#191 Warning
Large setup violation  
There is a large setup violation of -2.342 ns between genloop[7].md5/passwd_bin2dec_str/quotient_reg[4]/C (clocked by sys_clk_pin) and genloop[7].md5/passwd_bin2dec_str/quotient_reg[7]/D (clocked by sys_clk_pin). Large setup violations at the end of those stages might be difficult to fix during the post-placement implementation flow and could be the result of non-optimal XDC constraints or non-optimal design architecture
Related violations: <none>

TIMING-16#192 Warning
Large setup violation  
There is a large setup violation of -2.349 ns between genloop[7].md5/passwd_bin2dec_str/quotient_reg[4]/C (clocked by sys_clk_pin) and genloop[7].md5/passwd_bin2dec_str/quotient_reg[9]/D (clocked by sys_clk_pin). Large setup violations at the end of those stages might be difficult to fix during the post-placement implementation flow and could be the result of non-optimal XDC constraints or non-optimal design architecture
Related violations: <none>

TIMING-16#193 Warning
Large setup violation  
There is a large setup violation of -2.349 ns between genloop[8].md5/passwd_bin2dec_str/quotient_reg[5]/C (clocked by sys_clk_pin) and genloop[8].md5/passwd_bin2dec_str/quotient_reg[19]/D (clocked by sys_clk_pin). Large setup violations at the end of those stages might be difficult to fix during the post-placement implementation flow and could be the result of non-optimal XDC constraints or non-optimal design architecture
Related violations: <none>

TIMING-16#194 Warning
Large setup violation  
There is a large setup violation of -2.349 ns between genloop[8].md5/passwd_bin2dec_str/quotient_reg[5]/C (clocked by sys_clk_pin) and genloop[8].md5/passwd_bin2dec_str/quotient_reg[21]/D (clocked by sys_clk_pin). Large setup violations at the end of those stages might be difficult to fix during the post-placement implementation flow and could be the result of non-optimal XDC constraints or non-optimal design architecture
Related violations: <none>

TIMING-16#195 Warning
Large setup violation  
There is a large setup violation of -2.354 ns between genloop[7].md5/passwd_bin2dec_str/quotient_reg[4]/C (clocked by sys_clk_pin) and genloop[7].md5/passwd_bin2dec_str/quotient_reg[10]/D (clocked by sys_clk_pin). Large setup violations at the end of those stages might be difficult to fix during the post-placement implementation flow and could be the result of non-optimal XDC constraints or non-optimal design architecture
Related violations: <none>

TIMING-16#196 Warning
Large setup violation  
There is a large setup violation of -2.354 ns between genloop[8].md5/passwd_bin2dec_str/quotient_reg[5]/C (clocked by sys_clk_pin) and genloop[8].md5/passwd_bin2dec_str/quotient_reg[17]/D (clocked by sys_clk_pin). Large setup violations at the end of those stages might be difficult to fix during the post-placement implementation flow and could be the result of non-optimal XDC constraints or non-optimal design architecture
Related violations: <none>

TIMING-16#197 Warning
Large setup violation  
There is a large setup violation of -2.361 ns between genloop[9].md5/passwd_bin2dec_str/quotient_reg[11]/C (clocked by sys_clk_pin) and genloop[9].md5/passwd_bin2dec_str/quotient_reg[6]/D (clocked by sys_clk_pin). Large setup violations at the end of those stages might be difficult to fix during the post-placement implementation flow and could be the result of non-optimal XDC constraints or non-optimal design architecture
Related violations: <none>

TIMING-16#198 Warning
Large setup violation  
There is a large setup violation of -2.362 ns between genloop[5].md5/passwd_bin2dec_str/quotient_reg[9]/C (clocked by sys_clk_pin) and genloop[5].md5/passwd_bin2dec_str/quotient_reg[17]/D (clocked by sys_clk_pin). Large setup violations at the end of those stages might be difficult to fix during the post-placement implementation flow and could be the result of non-optimal XDC constraints or non-optimal design architecture
Related violations: <none>

TIMING-16#199 Warning
Large setup violation  
There is a large setup violation of -2.373 ns between genloop[8].md5/passwd_bin2dec_str/quotient_reg[5]/C (clocked by sys_clk_pin) and genloop[8].md5/passwd_bin2dec_str/quotient_reg[9]/D (clocked by sys_clk_pin). Large setup violations at the end of those stages might be difficult to fix during the post-placement implementation flow and could be the result of non-optimal XDC constraints or non-optimal design architecture
Related violations: <none>

TIMING-16#200 Warning
Large setup violation  
There is a large setup violation of -2.374 ns between genloop[2].md5/passwd_bin2dec_str/quotient_reg[0]/C (clocked by sys_clk_pin) and genloop[2].md5/passwd_bin2dec_str/quotient_reg[12]/D (clocked by sys_clk_pin). Large setup violations at the end of those stages might be difficult to fix during the post-placement implementation flow and could be the result of non-optimal XDC constraints or non-optimal design architecture
Related violations: <none>

TIMING-16#201 Warning
Large setup violation  
There is a large setup violation of -2.374 ns between genloop[2].md5/passwd_bin2dec_str/quotient_reg[0]/C (clocked by sys_clk_pin) and genloop[2].md5/passwd_bin2dec_str/quotient_reg[15]/D (clocked by sys_clk_pin). Large setup violations at the end of those stages might be difficult to fix during the post-placement implementation flow and could be the result of non-optimal XDC constraints or non-optimal design architecture
Related violations: <none>

TIMING-16#202 Warning
Large setup violation  
There is a large setup violation of -2.377 ns between genloop[9].md5/passwd_bin2dec_str/quotient_reg[11]/C (clocked by sys_clk_pin) and genloop[9].md5/passwd_bin2dec_str/quotient_reg[16]/D (clocked by sys_clk_pin). Large setup violations at the end of those stages might be difficult to fix during the post-placement implementation flow and could be the result of non-optimal XDC constraints or non-optimal design architecture
Related violations: <none>

TIMING-16#203 Warning
Large setup violation  
There is a large setup violation of -2.379 ns between genloop[2].md5/passwd_bin2dec_str/quotient_reg[0]/C (clocked by sys_clk_pin) and genloop[2].md5/passwd_bin2dec_str/quotient_reg[10]/D (clocked by sys_clk_pin). Large setup violations at the end of those stages might be difficult to fix during the post-placement implementation flow and could be the result of non-optimal XDC constraints or non-optimal design architecture
Related violations: <none>

TIMING-16#204 Warning
Large setup violation  
There is a large setup violation of -2.380 ns between genloop[9].md5/passwd_bin2dec_str/quotient_reg[11]/C (clocked by sys_clk_pin) and genloop[9].md5/passwd_bin2dec_str/quotient_reg[12]/D (clocked by sys_clk_pin). Large setup violations at the end of those stages might be difficult to fix during the post-placement implementation flow and could be the result of non-optimal XDC constraints or non-optimal design architecture
Related violations: <none>

TIMING-16#205 Warning
Large setup violation  
There is a large setup violation of -2.385 ns between genloop[9].md5/passwd_bin2dec_str/quotient_reg[11]/C (clocked by sys_clk_pin) and genloop[9].md5/passwd_bin2dec_str/quotient_reg[10]/D (clocked by sys_clk_pin). Large setup violations at the end of those stages might be difficult to fix during the post-placement implementation flow and could be the result of non-optimal XDC constraints or non-optimal design architecture
Related violations: <none>

TIMING-16#206 Warning
Large setup violation  
There is a large setup violation of -2.385 ns between genloop[9].md5/passwd_bin2dec_str/quotient_reg[11]/C (clocked by sys_clk_pin) and genloop[9].md5/passwd_bin2dec_str/quotient_reg[4]/D (clocked by sys_clk_pin). Large setup violations at the end of those stages might be difficult to fix during the post-placement implementation flow and could be the result of non-optimal XDC constraints or non-optimal design architecture
Related violations: <none>

TIMING-16#207 Warning
Large setup violation  
There is a large setup violation of -2.390 ns between genloop[8].md5/passwd_bin2dec_str/quotient_reg[5]/C (clocked by sys_clk_pin) and genloop[8].md5/passwd_bin2dec_str/quotient_reg[23]/D (clocked by sys_clk_pin). Large setup violations at the end of those stages might be difficult to fix during the post-placement implementation flow and could be the result of non-optimal XDC constraints or non-optimal design architecture
Related violations: <none>

TIMING-16#208 Warning
Large setup violation  
There is a large setup violation of -2.395 ns between genloop[2].md5/passwd_bin2dec_str/quotient_reg[0]/C (clocked by sys_clk_pin) and genloop[2].md5/passwd_bin2dec_str/quotient_reg[18]/D (clocked by sys_clk_pin). Large setup violations at the end of those stages might be difficult to fix during the post-placement implementation flow and could be the result of non-optimal XDC constraints or non-optimal design architecture
Related violations: <none>

TIMING-16#209 Warning
Large setup violation  
There is a large setup violation of -2.395 ns between genloop[8].md5/passwd_bin2dec_str/quotient_reg[5]/C (clocked by sys_clk_pin) and genloop[8].md5/passwd_bin2dec_str/quotient_reg[16]/D (clocked by sys_clk_pin). Large setup violations at the end of those stages might be difficult to fix during the post-placement implementation flow and could be the result of non-optimal XDC constraints or non-optimal design architecture
Related violations: <none>

TIMING-16#210 Warning
Large setup violation  
There is a large setup violation of -2.400 ns between genloop[8].md5/passwd_bin2dec_str/quotient_reg[5]/C (clocked by sys_clk_pin) and genloop[8].md5/passwd_bin2dec_str/quotient_reg[15]/D (clocked by sys_clk_pin). Large setup violations at the end of those stages might be difficult to fix during the post-placement implementation flow and could be the result of non-optimal XDC constraints or non-optimal design architecture
Related violations: <none>

TIMING-16#211 Warning
Large setup violation  
There is a large setup violation of -2.402 ns between genloop[0].md5/passwd_bin2dec_str/quotient_reg[2]/C (clocked by sys_clk_pin) and genloop[0].md5/passwd_bin2dec_str/quotient_reg[13]/D (clocked by sys_clk_pin). Large setup violations at the end of those stages might be difficult to fix during the post-placement implementation flow and could be the result of non-optimal XDC constraints or non-optimal design architecture
Related violations: <none>

TIMING-16#212 Warning
Large setup violation  
There is a large setup violation of -2.402 ns between genloop[2].md5/passwd_bin2dec_str/quotient_reg[0]/C (clocked by sys_clk_pin) and genloop[2].md5/passwd_bin2dec_str/quotient_reg[14]/D (clocked by sys_clk_pin). Large setup violations at the end of those stages might be difficult to fix during the post-placement implementation flow and could be the result of non-optimal XDC constraints or non-optimal design architecture
Related violations: <none>

TIMING-16#213 Warning
Large setup violation  
There is a large setup violation of -2.408 ns between genloop[8].md5/passwd_bin2dec_str/quotient_reg[5]/C (clocked by sys_clk_pin) and genloop[8].md5/passwd_bin2dec_str/quotient_reg[12]/D (clocked by sys_clk_pin). Large setup violations at the end of those stages might be difficult to fix during the post-placement implementation flow and could be the result of non-optimal XDC constraints or non-optimal design architecture
Related violations: <none>

TIMING-16#214 Warning
Large setup violation  
There is a large setup violation of -2.409 ns between genloop[4].md5/passwd_bin2dec_str/quotient_reg[5]/C (clocked by sys_clk_pin) and genloop[4].md5/passwd_bin2dec_str/quotient_reg[11]/D (clocked by sys_clk_pin). Large setup violations at the end of those stages might be difficult to fix during the post-placement implementation flow and could be the result of non-optimal XDC constraints or non-optimal design architecture
Related violations: <none>

TIMING-16#215 Warning
Large setup violation  
There is a large setup violation of -2.410 ns between genloop[4].md5/passwd_bin2dec_str/quotient_reg[5]/C (clocked by sys_clk_pin) and genloop[4].md5/passwd_bin2dec_str/quotient_reg[13]/D (clocked by sys_clk_pin). Large setup violations at the end of those stages might be difficult to fix during the post-placement implementation flow and could be the result of non-optimal XDC constraints or non-optimal design architecture
Related violations: <none>

TIMING-16#216 Warning
Large setup violation  
There is a large setup violation of -2.416 ns between genloop[4].md5/passwd_bin2dec_str/quotient_reg[5]/C (clocked by sys_clk_pin) and genloop[4].md5/passwd_bin2dec_str/quotient_reg[10]/D (clocked by sys_clk_pin). Large setup violations at the end of those stages might be difficult to fix during the post-placement implementation flow and could be the result of non-optimal XDC constraints or non-optimal design architecture
Related violations: <none>

TIMING-16#217 Warning
Large setup violation  
There is a large setup violation of -2.416 ns between genloop[8].md5/passwd_bin2dec_str/quotient_reg[5]/C (clocked by sys_clk_pin) and genloop[8].md5/passwd_bin2dec_str/quotient_reg[8]/D (clocked by sys_clk_pin). Large setup violations at the end of those stages might be difficult to fix during the post-placement implementation flow and could be the result of non-optimal XDC constraints or non-optimal design architecture
Related violations: <none>

TIMING-16#218 Warning
Large setup violation  
There is a large setup violation of -2.417 ns between genloop[0].md5/passwd_bin2dec_str/quotient_reg[2]/C (clocked by sys_clk_pin) and genloop[0].md5/passwd_bin2dec_str/quotient_reg[14]/D (clocked by sys_clk_pin). Large setup violations at the end of those stages might be difficult to fix during the post-placement implementation flow and could be the result of non-optimal XDC constraints or non-optimal design architecture
Related violations: <none>

TIMING-16#219 Warning
Large setup violation  
There is a large setup violation of -2.423 ns between genloop[8].md5/passwd_bin2dec_str/quotient_reg[5]/C (clocked by sys_clk_pin) and genloop[8].md5/passwd_bin2dec_str/quotient_reg[11]/D (clocked by sys_clk_pin). Large setup violations at the end of those stages might be difficult to fix during the post-placement implementation flow and could be the result of non-optimal XDC constraints or non-optimal design architecture
Related violations: <none>

TIMING-16#220 Warning
Large setup violation  
There is a large setup violation of -2.426 ns between genloop[5].md5/passwd_bin2dec_str/quotient_reg[9]/C (clocked by sys_clk_pin) and genloop[5].md5/passwd_bin2dec_str/quotient_reg[21]/D (clocked by sys_clk_pin). Large setup violations at the end of those stages might be difficult to fix during the post-placement implementation flow and could be the result of non-optimal XDC constraints or non-optimal design architecture
Related violations: <none>

TIMING-16#221 Warning
Large setup violation  
There is a large setup violation of -2.427 ns between genloop[4].md5/passwd_bin2dec_str/quotient_reg[5]/C (clocked by sys_clk_pin) and genloop[4].md5/passwd_bin2dec_str/quotient_reg[16]/D (clocked by sys_clk_pin). Large setup violations at the end of those stages might be difficult to fix during the post-placement implementation flow and could be the result of non-optimal XDC constraints or non-optimal design architecture
Related violations: <none>

TIMING-16#222 Warning
Large setup violation  
There is a large setup violation of -2.432 ns between genloop[5].md5/passwd_bin2dec_str/quotient_reg[9]/C (clocked by sys_clk_pin) and genloop[5].md5/passwd_bin2dec_str/quotient_reg[19]/D (clocked by sys_clk_pin). Large setup violations at the end of those stages might be difficult to fix during the post-placement implementation flow and could be the result of non-optimal XDC constraints or non-optimal design architecture
Related violations: <none>

TIMING-16#223 Warning
Large setup violation  
There is a large setup violation of -2.433 ns between genloop[5].md5/passwd_bin2dec_str/quotient_reg[9]/C (clocked by sys_clk_pin) and genloop[5].md5/passwd_bin2dec_str/quotient_reg[18]/D (clocked by sys_clk_pin). Large setup violations at the end of those stages might be difficult to fix during the post-placement implementation flow and could be the result of non-optimal XDC constraints or non-optimal design architecture
Related violations: <none>

TIMING-16#224 Warning
Large setup violation  
There is a large setup violation of -2.436 ns between genloop[5].md5/passwd_bin2dec_str/quotient_reg[9]/C (clocked by sys_clk_pin) and genloop[5].md5/passwd_bin2dec_str/quotient_reg[23]/D (clocked by sys_clk_pin). Large setup violations at the end of those stages might be difficult to fix during the post-placement implementation flow and could be the result of non-optimal XDC constraints or non-optimal design architecture
Related violations: <none>

TIMING-16#225 Warning
Large setup violation  
There is a large setup violation of -2.439 ns between genloop[5].md5/passwd_bin2dec_str/quotient_reg[9]/C (clocked by sys_clk_pin) and genloop[5].md5/passwd_bin2dec_str/quotient_reg[11]/D (clocked by sys_clk_pin). Large setup violations at the end of those stages might be difficult to fix during the post-placement implementation flow and could be the result of non-optimal XDC constraints or non-optimal design architecture
Related violations: <none>

TIMING-16#226 Warning
Large setup violation  
There is a large setup violation of -2.461 ns between genloop[5].md5/passwd_bin2dec_str/quotient_reg[9]/C (clocked by sys_clk_pin) and genloop[5].md5/passwd_bin2dec_str/quotient_reg[13]/D (clocked by sys_clk_pin). Large setup violations at the end of those stages might be difficult to fix during the post-placement implementation flow and could be the result of non-optimal XDC constraints or non-optimal design architecture
Related violations: <none>

TIMING-16#227 Warning
Large setup violation  
There is a large setup violation of -2.465 ns between genloop[5].md5/passwd_bin2dec_str/quotient_reg[9]/C (clocked by sys_clk_pin) and genloop[5].md5/passwd_bin2dec_str/quotient_reg[14]/D (clocked by sys_clk_pin). Large setup violations at the end of those stages might be difficult to fix during the post-placement implementation flow and could be the result of non-optimal XDC constraints or non-optimal design architecture
Related violations: <none>

TIMING-16#228 Warning
Large setup violation  
There is a large setup violation of -2.466 ns between genloop[8].md5/passwd_bin2dec_str/quotient_reg[9]/C (clocked by sys_clk_pin) and genloop[8].md5/passwd_bin2dec_str/quotient_reg[13]/D (clocked by sys_clk_pin). Large setup violations at the end of those stages might be difficult to fix during the post-placement implementation flow and could be the result of non-optimal XDC constraints or non-optimal design architecture
Related violations: <none>

TIMING-16#229 Warning
Large setup violation  
There is a large setup violation of -2.468 ns between genloop[4].md5/passwd_bin2dec_str/quotient_reg[5]/C (clocked by sys_clk_pin) and genloop[4].md5/passwd_bin2dec_str/quotient_reg[0]/D (clocked by sys_clk_pin). Large setup violations at the end of those stages might be difficult to fix during the post-placement implementation flow and could be the result of non-optimal XDC constraints or non-optimal design architecture
Related violations: <none>

TIMING-16#230 Warning
Large setup violation  
There is a large setup violation of -2.469 ns between genloop[5].md5/passwd_bin2dec_str/quotient_reg[9]/C (clocked by sys_clk_pin) and genloop[5].md5/passwd_bin2dec_str/quotient_reg[8]/D (clocked by sys_clk_pin). Large setup violations at the end of those stages might be difficult to fix during the post-placement implementation flow and could be the result of non-optimal XDC constraints or non-optimal design architecture
Related violations: <none>

TIMING-16#231 Warning
Large setup violation  
There is a large setup violation of -2.474 ns between genloop[5].md5/passwd_bin2dec_str/quotient_reg[9]/C (clocked by sys_clk_pin) and genloop[5].md5/passwd_bin2dec_str/quotient_reg[12]/D (clocked by sys_clk_pin). Large setup violations at the end of those stages might be difficult to fix during the post-placement implementation flow and could be the result of non-optimal XDC constraints or non-optimal design architecture
Related violations: <none>

TIMING-16#232 Warning
Large setup violation  
There is a large setup violation of -2.475 ns between genloop[4].md5/passwd_bin2dec_str/quotient_reg[5]/C (clocked by sys_clk_pin) and genloop[4].md5/passwd_bin2dec_str/quotient_reg[15]/D (clocked by sys_clk_pin). Large setup violations at the end of those stages might be difficult to fix during the post-placement implementation flow and could be the result of non-optimal XDC constraints or non-optimal design architecture
Related violations: <none>

TIMING-16#233 Warning
Large setup violation  
There is a large setup violation of -2.487 ns between genloop[4].md5/passwd_bin2dec_str/quotient_reg[5]/C (clocked by sys_clk_pin) and genloop[4].md5/passwd_bin2dec_str/quotient_reg[14]/D (clocked by sys_clk_pin). Large setup violations at the end of those stages might be difficult to fix during the post-placement implementation flow and could be the result of non-optimal XDC constraints or non-optimal design architecture
Related violations: <none>

TIMING-16#234 Warning
Large setup violation  
There is a large setup violation of -2.497 ns between genloop[2].md5/passwd_bin2dec_str/quotient_reg[0]/C (clocked by sys_clk_pin) and genloop[2].md5/passwd_bin2dec_str/quotient_reg[9]/D (clocked by sys_clk_pin). Large setup violations at the end of those stages might be difficult to fix during the post-placement implementation flow and could be the result of non-optimal XDC constraints or non-optimal design architecture
Related violations: <none>

TIMING-16#235 Warning
Large setup violation  
There is a large setup violation of -2.497 ns between genloop[4].md5/passwd_bin2dec_str/quotient_reg[5]/C (clocked by sys_clk_pin) and genloop[4].md5/passwd_bin2dec_str/quotient_reg[7]/D (clocked by sys_clk_pin). Large setup violations at the end of those stages might be difficult to fix during the post-placement implementation flow and could be the result of non-optimal XDC constraints or non-optimal design architecture
Related violations: <none>

TIMING-16#236 Warning
Large setup violation  
There is a large setup violation of -2.499 ns between genloop[2].md5/passwd_bin2dec_str/quotient_reg[0]/C (clocked by sys_clk_pin) and genloop[2].md5/passwd_bin2dec_str/quotient_reg[7]/D (clocked by sys_clk_pin). Large setup violations at the end of those stages might be difficult to fix during the post-placement implementation flow and could be the result of non-optimal XDC constraints or non-optimal design architecture
Related violations: <none>

TIMING-16#237 Warning
Large setup violation  
There is a large setup violation of -2.501 ns between genloop[8].md5/passwd_bin2dec_str/quotient_reg[9]/C (clocked by sys_clk_pin) and genloop[8].md5/passwd_bin2dec_str/quotient_reg[10]/D (clocked by sys_clk_pin). Large setup violations at the end of those stages might be difficult to fix during the post-placement implementation flow and could be the result of non-optimal XDC constraints or non-optimal design architecture
Related violations: <none>

TIMING-16#238 Warning
Large setup violation  
There is a large setup violation of -2.504 ns between genloop[4].md5/passwd_bin2dec_str/quotient_reg[5]/C (clocked by sys_clk_pin) and genloop[4].md5/passwd_bin2dec_str/quotient_reg[4]/D (clocked by sys_clk_pin). Large setup violations at the end of those stages might be difficult to fix during the post-placement implementation flow and could be the result of non-optimal XDC constraints or non-optimal design architecture
Related violations: <none>

TIMING-16#239 Warning
Large setup violation  
There is a large setup violation of -2.507 ns between genloop[8].md5/passwd_bin2dec_str/quotient_reg[9]/C (clocked by sys_clk_pin) and genloop[8].md5/passwd_bin2dec_str/quotient_reg[3]/D (clocked by sys_clk_pin). Large setup violations at the end of those stages might be difficult to fix during the post-placement implementation flow and could be the result of non-optimal XDC constraints or non-optimal design architecture
Related violations: <none>

TIMING-16#240 Warning
Large setup violation  
There is a large setup violation of -2.508 ns between genloop[4].md5/passwd_bin2dec_str/quotient_reg[5]/C (clocked by sys_clk_pin) and genloop[4].md5/passwd_bin2dec_str/quotient_reg[2]/D (clocked by sys_clk_pin). Large setup violations at the end of those stages might be difficult to fix during the post-placement implementation flow and could be the result of non-optimal XDC constraints or non-optimal design architecture
Related violations: <none>

TIMING-16#241 Warning
Large setup violation  
There is a large setup violation of -2.510 ns between genloop[4].md5/passwd_bin2dec_str/quotient_reg[5]/C (clocked by sys_clk_pin) and genloop[4].md5/passwd_bin2dec_str/quotient_reg[22]/D (clocked by sys_clk_pin). Large setup violations at the end of those stages might be difficult to fix during the post-placement implementation flow and could be the result of non-optimal XDC constraints or non-optimal design architecture
Related violations: <none>

TIMING-16#242 Warning
Large setup violation  
There is a large setup violation of -2.511 ns between genloop[5].md5/passwd_bin2dec_str/quotient_reg[9]/C (clocked by sys_clk_pin) and genloop[5].md5/passwd_bin2dec_str/quotient_reg[4]/D (clocked by sys_clk_pin). Large setup violations at the end of those stages might be difficult to fix during the post-placement implementation flow and could be the result of non-optimal XDC constraints or non-optimal design architecture
Related violations: <none>

TIMING-16#243 Warning
Large setup violation  
There is a large setup violation of -2.514 ns between genloop[5].md5/passwd_bin2dec_str/quotient_reg[9]/C (clocked by sys_clk_pin) and genloop[5].md5/passwd_bin2dec_str/quotient_reg[1]/D (clocked by sys_clk_pin). Large setup violations at the end of those stages might be difficult to fix during the post-placement implementation flow and could be the result of non-optimal XDC constraints or non-optimal design architecture
Related violations: <none>

TIMING-16#244 Warning
Large setup violation  
There is a large setup violation of -2.514 ns between genloop[8].md5/passwd_bin2dec_str/quotient_reg[9]/C (clocked by sys_clk_pin) and genloop[8].md5/passwd_bin2dec_str/quotient_reg[1]/D (clocked by sys_clk_pin). Large setup violations at the end of those stages might be difficult to fix during the post-placement implementation flow and could be the result of non-optimal XDC constraints or non-optimal design architecture
Related violations: <none>

TIMING-16#245 Warning
Large setup violation  
There is a large setup violation of -2.515 ns between genloop[4].md5/passwd_bin2dec_str/quotient_reg[5]/C (clocked by sys_clk_pin) and genloop[4].md5/passwd_bin2dec_str/quotient_reg[18]/D (clocked by sys_clk_pin). Large setup violations at the end of those stages might be difficult to fix during the post-placement implementation flow and could be the result of non-optimal XDC constraints or non-optimal design architecture
Related violations: <none>

TIMING-16#246 Warning
Large setup violation  
There is a large setup violation of -2.516 ns between genloop[4].md5/passwd_bin2dec_str/quotient_reg[5]/C (clocked by sys_clk_pin) and genloop[4].md5/passwd_bin2dec_str/quotient_reg[3]/D (clocked by sys_clk_pin). Large setup violations at the end of those stages might be difficult to fix during the post-placement implementation flow and could be the result of non-optimal XDC constraints or non-optimal design architecture
Related violations: <none>

TIMING-16#247 Warning
Large setup violation  
There is a large setup violation of -2.517 ns between genloop[4].md5/passwd_bin2dec_str/quotient_reg[5]/C (clocked by sys_clk_pin) and genloop[4].md5/passwd_bin2dec_str/quotient_reg[1]/D (clocked by sys_clk_pin). Large setup violations at the end of those stages might be difficult to fix during the post-placement implementation flow and could be the result of non-optimal XDC constraints or non-optimal design architecture
Related violations: <none>

TIMING-16#248 Warning
Large setup violation  
There is a large setup violation of -2.519 ns between genloop[2].md5/passwd_bin2dec_str/quotient_reg[0]/C (clocked by sys_clk_pin) and genloop[2].md5/passwd_bin2dec_str/quotient_reg[5]/D (clocked by sys_clk_pin). Large setup violations at the end of those stages might be difficult to fix during the post-placement implementation flow and could be the result of non-optimal XDC constraints or non-optimal design architecture
Related violations: <none>

TIMING-16#249 Warning
Large setup violation  
There is a large setup violation of -2.521 ns between genloop[4].md5/passwd_bin2dec_str/quotient_reg[5]/C (clocked by sys_clk_pin) and genloop[4].md5/passwd_bin2dec_str/quotient_reg[12]/D (clocked by sys_clk_pin). Large setup violations at the end of those stages might be difficult to fix during the post-placement implementation flow and could be the result of non-optimal XDC constraints or non-optimal design architecture
Related violations: <none>

TIMING-16#250 Warning
Large setup violation  
There is a large setup violation of -2.523 ns between genloop[4].md5/passwd_bin2dec_str/quotient_reg[5]/C (clocked by sys_clk_pin) and genloop[4].md5/passwd_bin2dec_str/quotient_reg[5]/D (clocked by sys_clk_pin). Large setup violations at the end of those stages might be difficult to fix during the post-placement implementation flow and could be the result of non-optimal XDC constraints or non-optimal design architecture
Related violations: <none>

TIMING-16#251 Warning
Large setup violation  
There is a large setup violation of -2.530 ns between genloop[2].md5/passwd_bin2dec_str/quotient_reg[9]/C (clocked by sys_clk_pin) and genloop[2].md5/passwd_bin2dec_str/quotient_reg[13]/D (clocked by sys_clk_pin). Large setup violations at the end of those stages might be difficult to fix during the post-placement implementation flow and could be the result of non-optimal XDC constraints or non-optimal design architecture
Related violations: <none>

TIMING-16#252 Warning
Large setup violation  
There is a large setup violation of -2.530 ns between genloop[4].md5/passwd_bin2dec_str/quotient_reg[5]/C (clocked by sys_clk_pin) and genloop[4].md5/passwd_bin2dec_str/quotient_reg[9]/D (clocked by sys_clk_pin). Large setup violations at the end of those stages might be difficult to fix during the post-placement implementation flow and could be the result of non-optimal XDC constraints or non-optimal design architecture
Related violations: <none>

TIMING-16#253 Warning
Large setup violation  
There is a large setup violation of -2.531 ns between genloop[5].md5/passwd_bin2dec_str/quotient_reg[9]/C (clocked by sys_clk_pin) and genloop[5].md5/passwd_bin2dec_str/quotient_reg[16]/D (clocked by sys_clk_pin). Large setup violations at the end of those stages might be difficult to fix during the post-placement implementation flow and could be the result of non-optimal XDC constraints or non-optimal design architecture
Related violations: <none>

TIMING-16#254 Warning
Large setup violation  
There is a large setup violation of -2.535 ns between genloop[5].md5/passwd_bin2dec_str/quotient_reg[9]/C (clocked by sys_clk_pin) and genloop[5].md5/passwd_bin2dec_str/quotient_reg[15]/D (clocked by sys_clk_pin). Large setup violations at the end of those stages might be difficult to fix during the post-placement implementation flow and could be the result of non-optimal XDC constraints or non-optimal design architecture
Related violations: <none>

TIMING-16#255 Warning
Large setup violation  
There is a large setup violation of -2.537 ns between genloop[4].md5/passwd_bin2dec_str/quotient_reg[5]/C (clocked by sys_clk_pin) and genloop[4].md5/passwd_bin2dec_str/quotient_reg[6]/D (clocked by sys_clk_pin). Large setup violations at the end of those stages might be difficult to fix during the post-placement implementation flow and could be the result of non-optimal XDC constraints or non-optimal design architecture
Related violations: <none>

TIMING-16#256 Warning
Large setup violation  
There is a large setup violation of -2.541 ns between genloop[5].md5/passwd_bin2dec_str/quotient_reg[9]/C (clocked by sys_clk_pin) and genloop[5].md5/passwd_bin2dec_str/quotient_reg[10]/D (clocked by sys_clk_pin). Large setup violations at the end of those stages might be difficult to fix during the post-placement implementation flow and could be the result of non-optimal XDC constraints or non-optimal design architecture
Related violations: <none>

TIMING-16#257 Warning
Large setup violation  
There is a large setup violation of -2.551 ns between genloop[2].md5/passwd_bin2dec_str/quotient_reg[0]/C (clocked by sys_clk_pin) and genloop[2].md5/passwd_bin2dec_str/quotient_reg[8]/D (clocked by sys_clk_pin). Large setup violations at the end of those stages might be difficult to fix during the post-placement implementation flow and could be the result of non-optimal XDC constraints or non-optimal design architecture
Related violations: <none>

TIMING-16#258 Warning
Large setup violation  
There is a large setup violation of -2.551 ns between genloop[5].md5/passwd_bin2dec_str/quotient_reg[9]/C (clocked by sys_clk_pin) and genloop[5].md5/passwd_bin2dec_str/quotient_reg[6]/D (clocked by sys_clk_pin). Large setup violations at the end of those stages might be difficult to fix during the post-placement implementation flow and could be the result of non-optimal XDC constraints or non-optimal design architecture
Related violations: <none>

TIMING-16#259 Warning
Large setup violation  
There is a large setup violation of -2.555 ns between genloop[5].md5/passwd_bin2dec_str/quotient_reg[9]/C (clocked by sys_clk_pin) and genloop[5].md5/passwd_bin2dec_str/quotient_reg[7]/D (clocked by sys_clk_pin). Large setup violations at the end of those stages might be difficult to fix during the post-placement implementation flow and could be the result of non-optimal XDC constraints or non-optimal design architecture
Related violations: <none>

TIMING-16#260 Warning
Large setup violation  
There is a large setup violation of -2.556 ns between genloop[5].md5/passwd_bin2dec_str/quotient_reg[9]/C (clocked by sys_clk_pin) and genloop[5].md5/passwd_bin2dec_str/quotient_reg[0]/D (clocked by sys_clk_pin). Large setup violations at the end of those stages might be difficult to fix during the post-placement implementation flow and could be the result of non-optimal XDC constraints or non-optimal design architecture
Related violations: <none>

TIMING-16#261 Warning
Large setup violation  
There is a large setup violation of -2.608 ns between genloop[2].md5/passwd_bin2dec_str/quotient_reg[9]/C (clocked by sys_clk_pin) and genloop[2].md5/passwd_bin2dec_str/quotient_reg[1]/D (clocked by sys_clk_pin). Large setup violations at the end of those stages might be difficult to fix during the post-placement implementation flow and could be the result of non-optimal XDC constraints or non-optimal design architecture
Related violations: <none>

TIMING-16#262 Warning
Large setup violation  
There is a large setup violation of -2.619 ns between genloop[2].md5/passwd_bin2dec_str/quotient_reg[9]/C (clocked by sys_clk_pin) and genloop[2].md5/passwd_bin2dec_str/quotient_reg[6]/D (clocked by sys_clk_pin). Large setup violations at the end of those stages might be difficult to fix during the post-placement implementation flow and could be the result of non-optimal XDC constraints or non-optimal design architecture
Related violations: <none>

TIMING-16#263 Warning
Large setup violation  
There is a large setup violation of -2.623 ns between genloop[2].md5/passwd_bin2dec_str/quotient_reg[9]/C (clocked by sys_clk_pin) and genloop[2].md5/passwd_bin2dec_str/quotient_reg[4]/D (clocked by sys_clk_pin). Large setup violations at the end of those stages might be difficult to fix during the post-placement implementation flow and could be the result of non-optimal XDC constraints or non-optimal design architecture
Related violations: <none>

TIMING-16#264 Warning
Large setup violation  
There is a large setup violation of -2.628 ns between genloop[2].md5/passwd_bin2dec_str/quotient_reg[9]/C (clocked by sys_clk_pin) and genloop[2].md5/passwd_bin2dec_str/quotient_reg[0]/D (clocked by sys_clk_pin). Large setup violations at the end of those stages might be difficult to fix during the post-placement implementation flow and could be the result of non-optimal XDC constraints or non-optimal design architecture
Related violations: <none>

TIMING-18#1 Warning
Missing input or output delay  
An input delay is missing on reset_n relative to the rising and/or falling clock edge(s) of sys_clk_pin.
Related violations: <none>

TIMING-18#2 Warning
Missing input or output delay  
An input delay is missing on usr_btn[0] relative to the rising and/or falling clock edge(s) of sys_clk_pin.
Related violations: <none>

TIMING-18#3 Warning
Missing input or output delay  
An input delay is missing on usr_btn[1] relative to the rising and/or falling clock edge(s) of sys_clk_pin.
Related violations: <none>

TIMING-18#4 Warning
Missing input or output delay  
An input delay is missing on usr_btn[2] relative to the rising and/or falling clock edge(s) of sys_clk_pin.
Related violations: <none>

TIMING-18#5 Warning
Missing input or output delay  
An input delay is missing on usr_btn[3] relative to the rising and/or falling clock edge(s) of sys_clk_pin.
Related violations: <none>

TIMING-18#6 Warning
Missing input or output delay  
An output delay is missing on LCD_D[0] relative to the rising and/or falling clock edge(s) of sys_clk_pin.
Related violations: <none>

TIMING-18#7 Warning
Missing input or output delay  
An output delay is missing on LCD_D[1] relative to the rising and/or falling clock edge(s) of sys_clk_pin.
Related violations: <none>

TIMING-18#8 Warning
Missing input or output delay  
An output delay is missing on LCD_D[2] relative to the rising and/or falling clock edge(s) of sys_clk_pin.
Related violations: <none>

TIMING-18#9 Warning
Missing input or output delay  
An output delay is missing on LCD_D[3] relative to the rising and/or falling clock edge(s) of sys_clk_pin.
Related violations: <none>

TIMING-18#10 Warning
Missing input or output delay  
An output delay is missing on LCD_E relative to the rising and/or falling clock edge(s) of sys_clk_pin.
Related violations: <none>

TIMING-18#11 Warning
Missing input or output delay  
An output delay is missing on LCD_RS relative to the rising and/or falling clock edge(s) of sys_clk_pin.
Related violations: <none>

TIMING-18#12 Warning
Missing input or output delay  
An output delay is missing on LCD_RW relative to the rising and/or falling clock edge(s) of sys_clk_pin.
Related violations: <none>


