Copyright 1986-2022 Xilinx, Inc. All Rights Reserved. Copyright 2022-2025 Advanced Micro Devices, Inc. All Rights Reserved.
------------------------------------------------------------------------------------------------------------------------------------------------------------------------------------------------------------------------
| Tool Version : Vivado v.2025.1.1 (win64) Build 6233196 Thu Sep 11 21:27:30 MDT 2025
| Date         : Mon Jan  5 11:40:01 2026
| Host         : kaiden running 64-bit major release  (build 9200)
| Command      : report_timing_summary -max_paths 10 -routable_nets -report_unconstrained -file lab8_timing_summary_routed.rpt -pb lab8_timing_summary_routed.pb -rpx lab8_timing_summary_routed.rpx -warn_on_violation
| Design       : lab8
| Device       : 7z020-clg484
| Speed File   : -1  PRODUCTION 1.12 2019-11-22
| Design State : Routed
------------------------------------------------------------------------------------------------------------------------------------------------------------------------------------------------------------------------

Timing Summary Report

------------------------------------------------------------------------------------------------
| Timer Settings
| --------------
------------------------------------------------------------------------------------------------

  Enable Multi Corner Analysis               :  Yes
  Enable Pessimism Removal                   :  Yes
  Pessimism Removal Resolution               :  Nearest Common Node
  Enable Input Delay Default Clock           :  No
  Enable Preset / Clear Arcs                 :  No
  Disable Flight Delays                      :  No
  Ignore I/O Paths                           :  No
  Timing Early Launch at Borrowing Latches   :  No
  Borrow Time for Max Delay Exceptions       :  Yes
  Merge Timing Exceptions                    :  Yes
  Inter-SLR Compensation                     :  Conservative

  Corner  Analyze    Analyze    
  Name    Max Paths  Min Paths  
  ------  ---------  ---------  
  Slow    Yes        Yes        
  Fast    Yes        Yes        


------------------------------------------------------------------------------------------------
| Report Methodology
| ------------------
------------------------------------------------------------------------------------------------

Rule       Severity  Description                    Violations  
---------  --------  -----------------------------  ----------  
TIMING-16  Warning   Large setup violation          264         
TIMING-18  Warning   Missing input or output delay  12          

Note: This report is based on the most recent report_methodology run and may not be up-to-date. Run report_methodology on the current design for the latest report.



check_timing report

Table of Contents
-----------------
1. checking no_clock (0)
2. checking constant_clock (0)
3. checking pulse_width_clock (0)
4. checking unconstrained_internal_endpoints (0)
5. checking no_input_delay (2)
6. checking no_output_delay (7)
7. checking multiple_clock (0)
8. checking generated_clocks (0)
9. checking loops (0)
10. checking partial_input_delay (0)
11. checking partial_output_delay (0)
12. checking latch_loops (0)

1. checking no_clock (0)
------------------------
 There are 0 register/latch pins with no clock.


2. checking constant_clock (0)
------------------------------
 There are 0 register/latch pins with constant_clock.


3. checking pulse_width_clock (0)
---------------------------------
 There are 0 register/latch pins which need pulse_width check


4. checking unconstrained_internal_endpoints (0)
------------------------------------------------
 There are 0 pins that are not constrained for maximum delay.

 There are 0 pins that are not constrained for maximum delay due to constant clock.


5. checking no_input_delay (2)
------------------------------
 There are 2 input ports with no input delay specified. (HIGH)

 There are 0 input ports with no input delay but user has a false path constraint.


6. checking no_output_delay (7)
-------------------------------
 There are 7 ports with no output delay specified. (HIGH)

 There are 0 ports with no output delay but user has a false path constraint

 There are 0 ports with no output delay but with a timing clock defined on it or propagating through it


7. checking multiple_clock (0)
------------------------------
 There are 0 register/latch pins with multiple clocks.


8. checking generated_clocks (0)
--------------------------------
 There are 0 generated clocks that are not connected to a clock source.


9. checking loops (0)
---------------------
 There are 0 combinational loops in the design.


10. checking partial_input_delay (0)
------------------------------------
 There are 0 input ports with partial input delay specified.


11. checking partial_output_delay (0)
-------------------------------------
 There are 0 ports with partial output delay specified.


12. checking latch_loops (0)
----------------------------
 There are 0 combinational latch loops in the design through latch input



------------------------------------------------------------------------------------------------
| Design Timing Summary
| ---------------------
------------------------------------------------------------------------------------------------

    WNS(ns)      TNS(ns)  TNS Failing Endpoints  TNS Total Endpoints      WHS(ns)      THS(ns)  THS Failing Endpoints  THS Total Endpoints     WPWS(ns)     TPWS(ns)  TPWS Failing Endpoints  TPWS Total Endpoints  
    -------      -------  ---------------------  -------------------      -------      -------  ---------------------  -------------------     --------     --------  ----------------------  --------------------  
     -2.628     -578.812                    301                14270        0.035        0.000                      0                14270        4.020        0.000                       0                  7353  


Timing constraints are not met.


------------------------------------------------------------------------------------------------
| Clock Summary
| -------------
------------------------------------------------------------------------------------------------

Clock        Waveform(ns)       Period(ns)      Frequency(MHz)
-----        ------------       ----------      --------------
sys_clk_pin  {0.000 5.000}      10.000          100.000         


------------------------------------------------------------------------------------------------
| Intra Clock Table
| -----------------
------------------------------------------------------------------------------------------------

Clock             WNS(ns)      TNS(ns)  TNS Failing Endpoints  TNS Total Endpoints      WHS(ns)      THS(ns)  THS Failing Endpoints  THS Total Endpoints     WPWS(ns)     TPWS(ns)  TPWS Failing Endpoints  TPWS Total Endpoints  
-----             -------      -------  ---------------------  -------------------      -------      -------  ---------------------  -------------------     --------     --------  ----------------------  --------------------  
sys_clk_pin        -2.628     -578.812                    301                14270        0.035        0.000                      0                14270        4.020        0.000                       0                  7353  


------------------------------------------------------------------------------------------------
| Inter Clock Table
| -----------------
------------------------------------------------------------------------------------------------

From Clock    To Clock          WNS(ns)      TNS(ns)  TNS Failing Endpoints  TNS Total Endpoints      WHS(ns)      THS(ns)  THS Failing Endpoints  THS Total Endpoints  
----------    --------          -------      -------  ---------------------  -------------------      -------      -------  ---------------------  -------------------  


------------------------------------------------------------------------------------------------
| Other Path Groups Table
| -----------------------
------------------------------------------------------------------------------------------------

Path Group    From Clock    To Clock          WNS(ns)      TNS(ns)  TNS Failing Endpoints  TNS Total Endpoints      WHS(ns)      THS(ns)  THS Failing Endpoints  THS Total Endpoints  
----------    ----------    --------          -------      -------  ---------------------  -------------------      -------      -------  ---------------------  -------------------  


------------------------------------------------------------------------------------------------
| User Ignored Path Table
| -----------------------
------------------------------------------------------------------------------------------------

Path Group    From Clock    To Clock    
----------    ----------    --------    


------------------------------------------------------------------------------------------------
| Unconstrained Path Table
| ------------------------
------------------------------------------------------------------------------------------------

Path Group    From Clock    To Clock    
----------    ----------    --------    
(none)                                    
(none)        sys_clk_pin                 
(none)                      sys_clk_pin   


------------------------------------------------------------------------------------------------
| Timing Details
| --------------
------------------------------------------------------------------------------------------------


---------------------------------------------------------------------------------------------------
From Clock:  sys_clk_pin
  To Clock:  sys_clk_pin

Setup :          301  Failing Endpoints,  Worst Slack       -2.628ns,  Total Violation     -578.812ns
Hold  :            0  Failing Endpoints,  Worst Slack        0.035ns,  Total Violation        0.000ns
PW    :            0  Failing Endpoints,  Worst Slack        4.020ns,  Total Violation        0.000ns
---------------------------------------------------------------------------------------------------


Max Delay Paths
--------------------------------------------------------------------------------------
Slack (VIOLATED) :        -2.628ns  (required time - arrival time)
  Source:                 genloop[2].md5/passwd_bin2dec_str/quotient_reg[9]/C
                            (rising edge-triggered cell FDRE clocked by sys_clk_pin  {rise@0.000ns fall@5.000ns period=10.000ns})
  Destination:            genloop[2].md5/passwd_bin2dec_str/quotient_reg[0]/D
                            (rising edge-triggered cell FDRE clocked by sys_clk_pin  {rise@0.000ns fall@5.000ns period=10.000ns})
  Path Group:             sys_clk_pin
  Path Type:              Setup (Max at Slow Process Corner)
  Requirement:            10.000ns  (sys_clk_pin rise@10.000ns - sys_clk_pin rise@0.000ns)
  Data Path Delay:        12.672ns  (logic 5.627ns (44.403%)  route 7.045ns (55.597%))
  Logic Levels:           19  (CARRY4=12 LUT2=1 LUT3=3 LUT4=1 LUT5=1 LUT6=1)
  Clock Path Skew:        -0.001ns (DCD - SCD + CPR)
    Destination Clock Delay (DCD):    5.089ns = ( 15.089 - 10.000 ) 
    Source Clock Delay      (SCD):    5.484ns
    Clock Pessimism Removal (CPR):    0.394ns
  Clock Uncertainty:      0.035ns  ((TSJ^2 + TIJ^2)^1/2 + DJ) / 2 + PE
    Total System Jitter     (TSJ):    0.071ns
    Total Input Jitter      (TIJ):    0.000ns
    Discrete Jitter          (DJ):    0.000ns
    Phase Error              (PE):    0.000ns

    Location             Delay type                Incr(ns)  Path(ns)    Netlist Resource(s)
  -------------------------------------------------------------------    -------------------
                         (clock sys_clk_pin rise edge)
                                                      0.000     0.000 r  
    Y9                                                0.000     0.000 r  clk (IN)
                         net (fo=0)                   0.000     0.000    clk
    Y9                   IBUF (Prop_ibuf_I_O)         1.490     1.490 r  clk_IBUF_inst/O
                         net (fo=1, routed)           2.171     3.661    clk_IBUF
    BUFGCTRL_X0Y0        BUFG (Prop_bufg_I_O)         0.101     3.762 r  clk_IBUF_BUFG_inst/O
                         net (fo=7352, routed)        1.722     5.484    genloop[2].md5/passwd_bin2dec_str/clk_IBUF_BUFG
    SLICE_X88Y88         FDRE                                         r  genloop[2].md5/passwd_bin2dec_str/quotient_reg[9]/C
  -------------------------------------------------------------------    -------------------
    SLICE_X88Y88         FDRE (Prop_fdre_C_Q)         0.456     5.940 r  genloop[2].md5/passwd_bin2dec_str/quotient_reg[9]/Q
                         net (fo=53, routed)          1.118     7.059    genloop[2].md5/passwd_bin2dec_str/quotient[9]
    SLICE_X86Y95         LUT3 (Prop_lut3_I1_O)        0.124     7.183 r  genloop[2].md5/passwd_bin2dec_str/quotient[12]_i_37__1/O
                         net (fo=3, routed)           0.697     7.880    genloop[2].md5/passwd_bin2dec_str/quotient[12]_i_37__1_n_0
    SLICE_X89Y89         CARRY4 (Prop_carry4_DI[0]_CO[3])
                                                      0.526     8.406 r  genloop[2].md5/passwd_bin2dec_str/quotient_reg[0]_i_22__1/CO[3]
                         net (fo=1, routed)           0.000     8.406    genloop[2].md5/passwd_bin2dec_str/quotient_reg[0]_i_22__1_n_0
    SLICE_X89Y90         CARRY4 (Prop_carry4_CI_CO[3])
                                                      0.114     8.520 r  genloop[2].md5/passwd_bin2dec_str/quotient_reg[4]_i_12__1/CO[3]
                         net (fo=1, routed)           0.000     8.520    genloop[2].md5/passwd_bin2dec_str/quotient_reg[4]_i_12__1_n_0
    SLICE_X89Y91         CARRY4 (Prop_carry4_CI_O[0])
                                                      0.222     8.742 r  genloop[2].md5/passwd_bin2dec_str/quotient_reg[8]_i_12__1/O[0]
                         net (fo=3, routed)           0.971     9.713    genloop[2].md5/passwd_bin2dec_str/quotient_reg[8]_i_12__1_n_7
    SLICE_X86Y97         LUT3 (Prop_lut3_I0_O)        0.299    10.012 r  genloop[2].md5/passwd_bin2dec_str/quotient[4]_i_11__1/O
                         net (fo=2, routed)           0.422    10.434    genloop[2].md5/passwd_bin2dec_str/quotient[4]_i_11__1_n_0
    SLICE_X87Y98         LUT5 (Prop_lut5_I1_O)        0.124    10.558 r  genloop[2].md5/passwd_bin2dec_str/quotient[4]_i_3__1/O
                         net (fo=2, routed)           0.916    11.474    genloop[2].md5/passwd_bin2dec_str/quotient[4]_i_3__1_n_0
    SLICE_X90Y93         CARRY4 (Prop_carry4_DI[3]_CO[3])
                                                      0.396    11.870 r  genloop[2].md5/passwd_bin2dec_str/quotient_reg[4]_i_2__1/CO[3]
                         net (fo=1, routed)           0.000    11.870    genloop[2].md5/passwd_bin2dec_str/quotient_reg[4]_i_2__1_n_0
    SLICE_X90Y94         CARRY4 (Prop_carry4_CI_CO[3])
                                                      0.117    11.987 r  genloop[2].md5/passwd_bin2dec_str/quotient_reg[8]_i_2__1/CO[3]
                         net (fo=1, routed)           0.000    11.987    genloop[2].md5/passwd_bin2dec_str/quotient_reg[8]_i_2__1_n_0
    SLICE_X90Y95         CARRY4 (Prop_carry4_CI_CO[3])
                                                      0.117    12.104 r  genloop[2].md5/passwd_bin2dec_str/quotient_reg[12]_i_2__1/CO[3]
                         net (fo=1, routed)           0.000    12.104    genloop[2].md5/passwd_bin2dec_str/quotient_reg[12]_i_2__1_n_0
    SLICE_X90Y96         CARRY4 (Prop_carry4_CI_O[1])
                                                      0.323    12.427 r  genloop[2].md5/passwd_bin2dec_str/quotient_reg[16]_i_2__1/O[1]
                         net (fo=5, routed)           0.681    13.108    genloop[2].md5/passwd_bin2dec_str/quotient_reg[16]_i_2__1_n_6
    SLICE_X89Y97         LUT2 (Prop_lut2_I0_O)        0.306    13.414 r  genloop[2].md5/passwd_bin2dec_str/quotient[23]_i_71__1/O
                         net (fo=1, routed)           0.000    13.414    genloop[2].md5/passwd_bin2dec_str/quotient[23]_i_71__1_n_0
    SLICE_X89Y97         CARRY4 (Prop_carry4_S[1]_CO[3])
                                                      0.550    13.964 r  genloop[2].md5/passwd_bin2dec_str/quotient_reg[23]_i_54__1/CO[3]
                         net (fo=1, routed)           0.000    13.964    genloop[2].md5/passwd_bin2dec_str/quotient_reg[23]_i_54__1_n_0
    SLICE_X89Y98         CARRY4 (Prop_carry4_CI_CO[3])
                                                      0.114    14.078 r  genloop[2].md5/passwd_bin2dec_str/quotient_reg[23]_i_41__1/CO[3]
                         net (fo=1, routed)           0.000    14.078    genloop[2].md5/passwd_bin2dec_str/quotient_reg[23]_i_41__1_n_0
    SLICE_X89Y99         CARRY4 (Prop_carry4_CI_O[0])
                                                      0.222    14.300 r  genloop[2].md5/passwd_bin2dec_str/quotient_reg[23]_i_20__1/O[0]
                         net (fo=3, routed)           0.918    15.219    genloop[2].md5/passwd_bin2dec_str/quotient_reg[23]_i_20__1_n_7
    SLICE_X88Y95         LUT4 (Prop_lut4_I1_O)        0.299    15.518 r  genloop[2].md5/passwd_bin2dec_str/quotient[23]_i_39__1/O
                         net (fo=1, routed)           0.000    15.518    genloop[2].md5/passwd_bin2dec_str/quotient[23]_i_39__1_n_0
    SLICE_X88Y95         CARRY4 (Prop_carry4_S[1]_CO[3])
                                                      0.550    16.068 r  genloop[2].md5/passwd_bin2dec_str/quotient_reg[23]_i_17__1/CO[3]
                         net (fo=1, routed)           0.000    16.068    genloop[2].md5/passwd_bin2dec_str/quotient_reg[23]_i_17__1_n_0
    SLICE_X88Y96         CARRY4 (Prop_carry4_CI_CO[0])
                                                      0.271    16.339 r  genloop[2].md5/passwd_bin2dec_str/quotient_reg[23]_i_10__1/CO[0]
                         net (fo=3, routed)           0.322    16.660    genloop[2].md5/passwd_bin2dec_str/quotient_reg[23]_i_10__1_n_3
    SLICE_X88Y97         LUT3 (Prop_lut3_I0_O)        0.373    17.033 r  genloop[2].md5/passwd_bin2dec_str/quotient[23]_i_3__1/O
                         net (fo=22, routed)          0.999    18.033    genloop[2].md5/passwd_bin2dec_str/quotient[23]_i_3__1_n_0
    SLICE_X92Y89         LUT6 (Prop_lut6_I2_O)        0.124    18.157 r  genloop[2].md5/passwd_bin2dec_str/quotient[0]_i_1__1/O
                         net (fo=1, routed)           0.000    18.157    genloop[2].md5/passwd_bin2dec_str/quotient[0]_i_1__1_n_0
    SLICE_X92Y89         FDRE                                         r  genloop[2].md5/passwd_bin2dec_str/quotient_reg[0]/D
  -------------------------------------------------------------------    -------------------

                         (clock sys_clk_pin rise edge)
                                                     10.000    10.000 r  
    Y9                                                0.000    10.000 r  clk (IN)
                         net (fo=0)                   0.000    10.000    clk
    Y9                   IBUF (Prop_ibuf_I_O)         1.420    11.420 r  clk_IBUF_inst/O
                         net (fo=1, routed)           1.972    13.392    clk_IBUF
    BUFGCTRL_X0Y0        BUFG (Prop_bufg_I_O)         0.091    13.483 r  clk_IBUF_BUFG_inst/O
                         net (fo=7352, routed)        1.607    15.089    genloop[2].md5/passwd_bin2dec_str/clk_IBUF_BUFG
    SLICE_X92Y89         FDRE                                         r  genloop[2].md5/passwd_bin2dec_str/quotient_reg[0]/C
                         clock pessimism              0.394    15.483    
                         clock uncertainty           -0.035    15.448    
    SLICE_X92Y89         FDRE (Setup_fdre_C_D)        0.081    15.529    genloop[2].md5/passwd_bin2dec_str/quotient_reg[0]
  -------------------------------------------------------------------
                         required time                         15.529    
                         arrival time                         -18.157    
  -------------------------------------------------------------------
                         slack                                 -2.628    

Slack (VIOLATED) :        -2.623ns  (required time - arrival time)
  Source:                 genloop[2].md5/passwd_bin2dec_str/quotient_reg[9]/C
                            (rising edge-triggered cell FDRE clocked by sys_clk_pin  {rise@0.000ns fall@5.000ns period=10.000ns})
  Destination:            genloop[2].md5/passwd_bin2dec_str/quotient_reg[4]/D
                            (rising edge-triggered cell FDRE clocked by sys_clk_pin  {rise@0.000ns fall@5.000ns period=10.000ns})
  Path Group:             sys_clk_pin
  Path Type:              Setup (Max at Slow Process Corner)
  Requirement:            10.000ns  (sys_clk_pin rise@10.000ns - sys_clk_pin rise@0.000ns)
  Data Path Delay:        12.615ns  (logic 5.627ns (44.604%)  route 6.988ns (55.396%))
  Logic Levels:           19  (CARRY4=12 LUT2=1 LUT3=3 LUT4=1 LUT5=1 LUT6=1)
  Clock Path Skew:        -0.004ns (DCD - SCD + CPR)
    Destination Clock Delay (DCD):    5.086ns = ( 15.086 - 10.000 ) 
    Source Clock Delay      (SCD):    5.484ns
    Clock Pessimism Removal (CPR):    0.394ns
  Clock Uncertainty:      0.035ns  ((TSJ^2 + TIJ^2)^1/2 + DJ) / 2 + PE
    Total System Jitter     (TSJ):    0.071ns
    Total Input Jitter      (TIJ):    0.000ns
    Discrete Jitter          (DJ):    0.000ns
    Phase Error              (PE):    0.000ns

    Location             Delay type                Incr(ns)  Path(ns)    Netlist Resource(s)
  -------------------------------------------------------------------    -------------------
                         (clock sys_clk_pin rise edge)
                                                      0.000     0.000 r  
    Y9                                                0.000     0.000 r  clk (IN)
                         net (fo=0)                   0.000     0.000    clk
    Y9                   IBUF (Prop_ibuf_I_O)         1.490     1.490 r  clk_IBUF_inst/O
                         net (fo=1, routed)           2.171     3.661    clk_IBUF
    BUFGCTRL_X0Y0        BUFG (Prop_bufg_I_O)         0.101     3.762 r  clk_IBUF_BUFG_inst/O
                         net (fo=7352, routed)        1.722     5.484    genloop[2].md5/passwd_bin2dec_str/clk_IBUF_BUFG
    SLICE_X88Y88         FDRE                                         r  genloop[2].md5/passwd_bin2dec_str/quotient_reg[9]/C
  -------------------------------------------------------------------    -------------------
    SLICE_X88Y88         FDRE (Prop_fdre_C_Q)         0.456     5.940 r  genloop[2].md5/passwd_bin2dec_str/quotient_reg[9]/Q
                         net (fo=53, routed)          1.118     7.059    genloop[2].md5/passwd_bin2dec_str/quotient[9]
    SLICE_X86Y95         LUT3 (Prop_lut3_I1_O)        0.124     7.183 r  genloop[2].md5/passwd_bin2dec_str/quotient[12]_i_37__1/O
                         net (fo=3, routed)           0.697     7.880    genloop[2].md5/passwd_bin2dec_str/quotient[12]_i_37__1_n_0
    SLICE_X89Y89         CARRY4 (Prop_carry4_DI[0]_CO[3])
                                                      0.526     8.406 r  genloop[2].md5/passwd_bin2dec_str/quotient_reg[0]_i_22__1/CO[3]
                         net (fo=1, routed)           0.000     8.406    genloop[2].md5/passwd_bin2dec_str/quotient_reg[0]_i_22__1_n_0
    SLICE_X89Y90         CARRY4 (Prop_carry4_CI_CO[3])
                                                      0.114     8.520 r  genloop[2].md5/passwd_bin2dec_str/quotient_reg[4]_i_12__1/CO[3]
                         net (fo=1, routed)           0.000     8.520    genloop[2].md5/passwd_bin2dec_str/quotient_reg[4]_i_12__1_n_0
    SLICE_X89Y91         CARRY4 (Prop_carry4_CI_O[0])
                                                      0.222     8.742 r  genloop[2].md5/passwd_bin2dec_str/quotient_reg[8]_i_12__1/O[0]
                         net (fo=3, routed)           0.971     9.713    genloop[2].md5/passwd_bin2dec_str/quotient_reg[8]_i_12__1_n_7
    SLICE_X86Y97         LUT3 (Prop_lut3_I0_O)        0.299    10.012 r  genloop[2].md5/passwd_bin2dec_str/quotient[4]_i_11__1/O
                         net (fo=2, routed)           0.422    10.434    genloop[2].md5/passwd_bin2dec_str/quotient[4]_i_11__1_n_0
    SLICE_X87Y98         LUT5 (Prop_lut5_I1_O)        0.124    10.558 r  genloop[2].md5/passwd_bin2dec_str/quotient[4]_i_3__1/O
                         net (fo=2, routed)           0.916    11.474    genloop[2].md5/passwd_bin2dec_str/quotient[4]_i_3__1_n_0
    SLICE_X90Y93         CARRY4 (Prop_carry4_DI[3]_CO[3])
                                                      0.396    11.870 r  genloop[2].md5/passwd_bin2dec_str/quotient_reg[4]_i_2__1/CO[3]
                         net (fo=1, routed)           0.000    11.870    genloop[2].md5/passwd_bin2dec_str/quotient_reg[4]_i_2__1_n_0
    SLICE_X90Y94         CARRY4 (Prop_carry4_CI_CO[3])
                                                      0.117    11.987 r  genloop[2].md5/passwd_bin2dec_str/quotient_reg[8]_i_2__1/CO[3]
                         net (fo=1, routed)           0.000    11.987    genloop[2].md5/passwd_bin2dec_str/quotient_reg[8]_i_2__1_n_0
    SLICE_X90Y95         CARRY4 (Prop_carry4_CI_CO[3])
                                                      0.117    12.104 r  genloop[2].md5/passwd_bin2dec_str/quotient_reg[12]_i_2__1/CO[3]
                         net (fo=1, routed)           0.000    12.104    genloop[2].md5/passwd_bin2dec_str/quotient_reg[12]_i_2__1_n_0
    SLICE_X90Y96         CARRY4 (Prop_carry4_CI_O[1])
                                                      0.323    12.427 r  genloop[2].md5/passwd_bin2dec_str/quotient_reg[16]_i_2__1/O[1]
                         net (fo=5, routed)           0.681    13.108    genloop[2].md5/passwd_bin2dec_str/quotient_reg[16]_i_2__1_n_6
    SLICE_X89Y97         LUT2 (Prop_lut2_I0_O)        0.306    13.414 r  genloop[2].md5/passwd_bin2dec_str/quotient[23]_i_71__1/O
                         net (fo=1, routed)           0.000    13.414    genloop[2].md5/passwd_bin2dec_str/quotient[23]_i_71__1_n_0
    SLICE_X89Y97         CARRY4 (Prop_carry4_S[1]_CO[3])
                                                      0.550    13.964 r  genloop[2].md5/passwd_bin2dec_str/quotient_reg[23]_i_54__1/CO[3]
                         net (fo=1, routed)           0.000    13.964    genloop[2].md5/passwd_bin2dec_str/quotient_reg[23]_i_54__1_n_0
    SLICE_X89Y98         CARRY4 (Prop_carry4_CI_CO[3])
                                                      0.114    14.078 r  genloop[2].md5/passwd_bin2dec_str/quotient_reg[23]_i_41__1/CO[3]
                         net (fo=1, routed)           0.000    14.078    genloop[2].md5/passwd_bin2dec_str/quotient_reg[23]_i_41__1_n_0
    SLICE_X89Y99         CARRY4 (Prop_carry4_CI_O[0])
                                                      0.222    14.300 r  genloop[2].md5/passwd_bin2dec_str/quotient_reg[23]_i_20__1/O[0]
                         net (fo=3, routed)           0.918    15.219    genloop[2].md5/passwd_bin2dec_str/quotient_reg[23]_i_20__1_n_7
    SLICE_X88Y95         LUT4 (Prop_lut4_I1_O)        0.299    15.518 r  genloop[2].md5/passwd_bin2dec_str/quotient[23]_i_39__1/O
                         net (fo=1, routed)           0.000    15.518    genloop[2].md5/passwd_bin2dec_str/quotient[23]_i_39__1_n_0
    SLICE_X88Y95         CARRY4 (Prop_carry4_S[1]_CO[3])
                                                      0.550    16.068 r  genloop[2].md5/passwd_bin2dec_str/quotient_reg[23]_i_17__1/CO[3]
                         net (fo=1, routed)           0.000    16.068    genloop[2].md5/passwd_bin2dec_str/quotient_reg[23]_i_17__1_n_0
    SLICE_X88Y96         CARRY4 (Prop_carry4_CI_CO[0])
                                                      0.271    16.339 r  genloop[2].md5/passwd_bin2dec_str/quotient_reg[23]_i_10__1/CO[0]
                         net (fo=3, routed)           0.322    16.660    genloop[2].md5/passwd_bin2dec_str/quotient_reg[23]_i_10__1_n_3
    SLICE_X88Y97         LUT3 (Prop_lut3_I0_O)        0.373    17.033 r  genloop[2].md5/passwd_bin2dec_str/quotient[23]_i_3__1/O
                         net (fo=22, routed)          0.942    17.976    genloop[2].md5/passwd_bin2dec_str/quotient[23]_i_3__1_n_0
    SLICE_X93Y86         LUT6 (Prop_lut6_I2_O)        0.124    18.100 r  genloop[2].md5/passwd_bin2dec_str/quotient[4]_i_1__1/O
                         net (fo=1, routed)           0.000    18.100    genloop[2].md5/passwd_bin2dec_str/quotient[4]_i_1__1_n_0
    SLICE_X93Y86         FDRE                                         r  genloop[2].md5/passwd_bin2dec_str/quotient_reg[4]/D
  -------------------------------------------------------------------    -------------------

                         (clock sys_clk_pin rise edge)
                                                     10.000    10.000 r  
    Y9                                                0.000    10.000 r  clk (IN)
                         net (fo=0)                   0.000    10.000    clk
    Y9                   IBUF (Prop_ibuf_I_O)         1.420    11.420 r  clk_IBUF_inst/O
                         net (fo=1, routed)           1.972    13.392    clk_IBUF
    BUFGCTRL_X0Y0        BUFG (Prop_bufg_I_O)         0.091    13.483 r  clk_IBUF_BUFG_inst/O
                         net (fo=7352, routed)        1.604    15.086    genloop[2].md5/passwd_bin2dec_str/clk_IBUF_BUFG
    SLICE_X93Y86         FDRE                                         r  genloop[2].md5/passwd_bin2dec_str/quotient_reg[4]/C
                         clock pessimism              0.394    15.480    
                         clock uncertainty           -0.035    15.445    
    SLICE_X93Y86         FDRE (Setup_fdre_C_D)        0.032    15.477    genloop[2].md5/passwd_bin2dec_str/quotient_reg[4]
  -------------------------------------------------------------------
                         required time                         15.477    
                         arrival time                         -18.100    
  -------------------------------------------------------------------
                         slack                                 -2.623    

Slack (VIOLATED) :        -2.619ns  (required time - arrival time)
  Source:                 genloop[2].md5/passwd_bin2dec_str/quotient_reg[9]/C
                            (rising edge-triggered cell FDRE clocked by sys_clk_pin  {rise@0.000ns fall@5.000ns period=10.000ns})
  Destination:            genloop[2].md5/passwd_bin2dec_str/quotient_reg[6]/D
                            (rising edge-triggered cell FDRE clocked by sys_clk_pin  {rise@0.000ns fall@5.000ns period=10.000ns})
  Path Group:             sys_clk_pin
  Path Type:              Setup (Max at Slow Process Corner)
  Requirement:            10.000ns  (sys_clk_pin rise@10.000ns - sys_clk_pin rise@0.000ns)
  Data Path Delay:        12.610ns  (logic 5.627ns (44.622%)  route 6.983ns (55.378%))
  Logic Levels:           19  (CARRY4=12 LUT2=1 LUT3=3 LUT4=1 LUT5=1 LUT6=1)
  Clock Path Skew:        -0.004ns (DCD - SCD + CPR)
    Destination Clock Delay (DCD):    5.086ns = ( 15.086 - 10.000 ) 
    Source Clock Delay      (SCD):    5.484ns
    Clock Pessimism Removal (CPR):    0.394ns
  Clock Uncertainty:      0.035ns  ((TSJ^2 + TIJ^2)^1/2 + DJ) / 2 + PE
    Total System Jitter     (TSJ):    0.071ns
    Total Input Jitter      (TIJ):    0.000ns
    Discrete Jitter          (DJ):    0.000ns
    Phase Error              (PE):    0.000ns

    Location             Delay type                Incr(ns)  Path(ns)    Netlist Resource(s)
  -------------------------------------------------------------------    -------------------
                         (clock sys_clk_pin rise edge)
                                                      0.000     0.000 r  
    Y9                                                0.000     0.000 r  clk (IN)
                         net (fo=0)                   0.000     0.000    clk
    Y9                   IBUF (Prop_ibuf_I_O)         1.490     1.490 r  clk_IBUF_inst/O
                         net (fo=1, routed)           2.171     3.661    clk_IBUF
    BUFGCTRL_X0Y0        BUFG (Prop_bufg_I_O)         0.101     3.762 r  clk_IBUF_BUFG_inst/O
                         net (fo=7352, routed)        1.722     5.484    genloop[2].md5/passwd_bin2dec_str/clk_IBUF_BUFG
    SLICE_X88Y88         FDRE                                         r  genloop[2].md5/passwd_bin2dec_str/quotient_reg[9]/C
  -------------------------------------------------------------------    -------------------
    SLICE_X88Y88         FDRE (Prop_fdre_C_Q)         0.456     5.940 r  genloop[2].md5/passwd_bin2dec_str/quotient_reg[9]/Q
                         net (fo=53, routed)          1.118     7.059    genloop[2].md5/passwd_bin2dec_str/quotient[9]
    SLICE_X86Y95         LUT3 (Prop_lut3_I1_O)        0.124     7.183 r  genloop[2].md5/passwd_bin2dec_str/quotient[12]_i_37__1/O
                         net (fo=3, routed)           0.697     7.880    genloop[2].md5/passwd_bin2dec_str/quotient[12]_i_37__1_n_0
    SLICE_X89Y89         CARRY4 (Prop_carry4_DI[0]_CO[3])
                                                      0.526     8.406 r  genloop[2].md5/passwd_bin2dec_str/quotient_reg[0]_i_22__1/CO[3]
                         net (fo=1, routed)           0.000     8.406    genloop[2].md5/passwd_bin2dec_str/quotient_reg[0]_i_22__1_n_0
    SLICE_X89Y90         CARRY4 (Prop_carry4_CI_CO[3])
                                                      0.114     8.520 r  genloop[2].md5/passwd_bin2dec_str/quotient_reg[4]_i_12__1/CO[3]
                         net (fo=1, routed)           0.000     8.520    genloop[2].md5/passwd_bin2dec_str/quotient_reg[4]_i_12__1_n_0
    SLICE_X89Y91         CARRY4 (Prop_carry4_CI_O[0])
                                                      0.222     8.742 r  genloop[2].md5/passwd_bin2dec_str/quotient_reg[8]_i_12__1/O[0]
                         net (fo=3, routed)           0.971     9.713    genloop[2].md5/passwd_bin2dec_str/quotient_reg[8]_i_12__1_n_7
    SLICE_X86Y97         LUT3 (Prop_lut3_I0_O)        0.299    10.012 r  genloop[2].md5/passwd_bin2dec_str/quotient[4]_i_11__1/O
                         net (fo=2, routed)           0.422    10.434    genloop[2].md5/passwd_bin2dec_str/quotient[4]_i_11__1_n_0
    SLICE_X87Y98         LUT5 (Prop_lut5_I1_O)        0.124    10.558 r  genloop[2].md5/passwd_bin2dec_str/quotient[4]_i_3__1/O
                         net (fo=2, routed)           0.916    11.474    genloop[2].md5/passwd_bin2dec_str/quotient[4]_i_3__1_n_0
    SLICE_X90Y93         CARRY4 (Prop_carry4_DI[3]_CO[3])
                                                      0.396    11.870 r  genloop[2].md5/passwd_bin2dec_str/quotient_reg[4]_i_2__1/CO[3]
                         net (fo=1, routed)           0.000    11.870    genloop[2].md5/passwd_bin2dec_str/quotient_reg[4]_i_2__1_n_0
    SLICE_X90Y94         CARRY4 (Prop_carry4_CI_CO[3])
                                                      0.117    11.987 r  genloop[2].md5/passwd_bin2dec_str/quotient_reg[8]_i_2__1/CO[3]
                         net (fo=1, routed)           0.000    11.987    genloop[2].md5/passwd_bin2dec_str/quotient_reg[8]_i_2__1_n_0
    SLICE_X90Y95         CARRY4 (Prop_carry4_CI_CO[3])
                                                      0.117    12.104 r  genloop[2].md5/passwd_bin2dec_str/quotient_reg[12]_i_2__1/CO[3]
                         net (fo=1, routed)           0.000    12.104    genloop[2].md5/passwd_bin2dec_str/quotient_reg[12]_i_2__1_n_0
    SLICE_X90Y96         CARRY4 (Prop_carry4_CI_O[1])
                                                      0.323    12.427 r  genloop[2].md5/passwd_bin2dec_str/quotient_reg[16]_i_2__1/O[1]
                         net (fo=5, routed)           0.681    13.108    genloop[2].md5/passwd_bin2dec_str/quotient_reg[16]_i_2__1_n_6
    SLICE_X89Y97         LUT2 (Prop_lut2_I0_O)        0.306    13.414 r  genloop[2].md5/passwd_bin2dec_str/quotient[23]_i_71__1/O
                         net (fo=1, routed)           0.000    13.414    genloop[2].md5/passwd_bin2dec_str/quotient[23]_i_71__1_n_0
    SLICE_X89Y97         CARRY4 (Prop_carry4_S[1]_CO[3])
                                                      0.550    13.964 r  genloop[2].md5/passwd_bin2dec_str/quotient_reg[23]_i_54__1/CO[3]
                         net (fo=1, routed)           0.000    13.964    genloop[2].md5/passwd_bin2dec_str/quotient_reg[23]_i_54__1_n_0
    SLICE_X89Y98         CARRY4 (Prop_carry4_CI_CO[3])
                                                      0.114    14.078 r  genloop[2].md5/passwd_bin2dec_str/quotient_reg[23]_i_41__1/CO[3]
                         net (fo=1, routed)           0.000    14.078    genloop[2].md5/passwd_bin2dec_str/quotient_reg[23]_i_41__1_n_0
    SLICE_X89Y99         CARRY4 (Prop_carry4_CI_O[0])
                                                      0.222    14.300 r  genloop[2].md5/passwd_bin2dec_str/quotient_reg[23]_i_20__1/O[0]
                         net (fo=3, routed)           0.918    15.219    genloop[2].md5/passwd_bin2dec_str/quotient_reg[23]_i_20__1_n_7
    SLICE_X88Y95         LUT4 (Prop_lut4_I1_O)        0.299    15.518 r  genloop[2].md5/passwd_bin2dec_str/quotient[23]_i_39__1/O
                         net (fo=1, routed)           0.000    15.518    genloop[2].md5/passwd_bin2dec_str/quotient[23]_i_39__1_n_0
    SLICE_X88Y95         CARRY4 (Prop_carry4_S[1]_CO[3])
                                                      0.550    16.068 r  genloop[2].md5/passwd_bin2dec_str/quotient_reg[23]_i_17__1/CO[3]
                         net (fo=1, routed)           0.000    16.068    genloop[2].md5/passwd_bin2dec_str/quotient_reg[23]_i_17__1_n_0
    SLICE_X88Y96         CARRY4 (Prop_carry4_CI_CO[0])
                                                      0.271    16.339 r  genloop[2].md5/passwd_bin2dec_str/quotient_reg[23]_i_10__1/CO[0]
                         net (fo=3, routed)           0.322    16.660    genloop[2].md5/passwd_bin2dec_str/quotient_reg[23]_i_10__1_n_3
    SLICE_X88Y97         LUT3 (Prop_lut3_I0_O)        0.373    17.033 r  genloop[2].md5/passwd_bin2dec_str/quotient[23]_i_3__1/O
                         net (fo=22, routed)          0.937    17.971    genloop[2].md5/passwd_bin2dec_str/quotient[23]_i_3__1_n_0
    SLICE_X93Y86         LUT6 (Prop_lut6_I2_O)        0.124    18.095 r  genloop[2].md5/passwd_bin2dec_str/quotient[6]_i_1__1/O
                         net (fo=1, routed)           0.000    18.095    genloop[2].md5/passwd_bin2dec_str/quotient[6]_i_1__1_n_0
    SLICE_X93Y86         FDRE                                         r  genloop[2].md5/passwd_bin2dec_str/quotient_reg[6]/D
  -------------------------------------------------------------------    -------------------

                         (clock sys_clk_pin rise edge)
                                                     10.000    10.000 r  
    Y9                                                0.000    10.000 r  clk (IN)
                         net (fo=0)                   0.000    10.000    clk
    Y9                   IBUF (Prop_ibuf_I_O)         1.420    11.420 r  clk_IBUF_inst/O
                         net (fo=1, routed)           1.972    13.392    clk_IBUF
    BUFGCTRL_X0Y0        BUFG (Prop_bufg_I_O)         0.091    13.483 r  clk_IBUF_BUFG_inst/O
                         net (fo=7352, routed)        1.604    15.086    genloop[2].md5/passwd_bin2dec_str/clk_IBUF_BUFG
    SLICE_X93Y86         FDRE                                         r  genloop[2].md5/passwd_bin2dec_str/quotient_reg[6]/C
                         clock pessimism              0.394    15.480    
                         clock uncertainty           -0.035    15.445    
    SLICE_X93Y86         FDRE (Setup_fdre_C_D)        0.031    15.476    genloop[2].md5/passwd_bin2dec_str/quotient_reg[6]
  -------------------------------------------------------------------
                         required time                         15.476    
                         arrival time                         -18.095    
  -------------------------------------------------------------------
                         slack                                 -2.619    

Slack (VIOLATED) :        -2.608ns  (required time - arrival time)
  Source:                 genloop[2].md5/passwd_bin2dec_str/quotient_reg[9]/C
                            (rising edge-triggered cell FDRE clocked by sys_clk_pin  {rise@0.000ns fall@5.000ns period=10.000ns})
  Destination:            genloop[2].md5/passwd_bin2dec_str/quotient_reg[1]/D
                            (rising edge-triggered cell FDRE clocked by sys_clk_pin  {rise@0.000ns fall@5.000ns period=10.000ns})
  Path Group:             sys_clk_pin
  Path Type:              Setup (Max at Slow Process Corner)
  Requirement:            10.000ns  (sys_clk_pin rise@10.000ns - sys_clk_pin rise@0.000ns)
  Data Path Delay:        12.602ns  (logic 5.627ns (44.650%)  route 6.975ns (55.350%))
  Logic Levels:           19  (CARRY4=12 LUT2=1 LUT3=3 LUT4=1 LUT5=1 LUT6=1)
  Clock Path Skew:        -0.002ns (DCD - SCD + CPR)
    Destination Clock Delay (DCD):    5.088ns = ( 15.088 - 10.000 ) 
    Source Clock Delay      (SCD):    5.484ns
    Clock Pessimism Removal (CPR):    0.394ns
  Clock Uncertainty:      0.035ns  ((TSJ^2 + TIJ^2)^1/2 + DJ) / 2 + PE
    Total System Jitter     (TSJ):    0.071ns
    Total Input Jitter      (TIJ):    0.000ns
    Discrete Jitter          (DJ):    0.000ns
    Phase Error              (PE):    0.000ns

    Location             Delay type                Incr(ns)  Path(ns)    Netlist Resource(s)
  -------------------------------------------------------------------    -------------------
                         (clock sys_clk_pin rise edge)
                                                      0.000     0.000 r  
    Y9                                                0.000     0.000 r  clk (IN)
                         net (fo=0)                   0.000     0.000    clk
    Y9                   IBUF (Prop_ibuf_I_O)         1.490     1.490 r  clk_IBUF_inst/O
                         net (fo=1, routed)           2.171     3.661    clk_IBUF
    BUFGCTRL_X0Y0        BUFG (Prop_bufg_I_O)         0.101     3.762 r  clk_IBUF_BUFG_inst/O
                         net (fo=7352, routed)        1.722     5.484    genloop[2].md5/passwd_bin2dec_str/clk_IBUF_BUFG
    SLICE_X88Y88         FDRE                                         r  genloop[2].md5/passwd_bin2dec_str/quotient_reg[9]/C
  -------------------------------------------------------------------    -------------------
    SLICE_X88Y88         FDRE (Prop_fdre_C_Q)         0.456     5.940 r  genloop[2].md5/passwd_bin2dec_str/quotient_reg[9]/Q
                         net (fo=53, routed)          1.118     7.059    genloop[2].md5/passwd_bin2dec_str/quotient[9]
    SLICE_X86Y95         LUT3 (Prop_lut3_I1_O)        0.124     7.183 r  genloop[2].md5/passwd_bin2dec_str/quotient[12]_i_37__1/O
                         net (fo=3, routed)           0.697     7.880    genloop[2].md5/passwd_bin2dec_str/quotient[12]_i_37__1_n_0
    SLICE_X89Y89         CARRY4 (Prop_carry4_DI[0]_CO[3])
                                                      0.526     8.406 r  genloop[2].md5/passwd_bin2dec_str/quotient_reg[0]_i_22__1/CO[3]
                         net (fo=1, routed)           0.000     8.406    genloop[2].md5/passwd_bin2dec_str/quotient_reg[0]_i_22__1_n_0
    SLICE_X89Y90         CARRY4 (Prop_carry4_CI_CO[3])
                                                      0.114     8.520 r  genloop[2].md5/passwd_bin2dec_str/quotient_reg[4]_i_12__1/CO[3]
                         net (fo=1, routed)           0.000     8.520    genloop[2].md5/passwd_bin2dec_str/quotient_reg[4]_i_12__1_n_0
    SLICE_X89Y91         CARRY4 (Prop_carry4_CI_O[0])
                                                      0.222     8.742 r  genloop[2].md5/passwd_bin2dec_str/quotient_reg[8]_i_12__1/O[0]
                         net (fo=3, routed)           0.971     9.713    genloop[2].md5/passwd_bin2dec_str/quotient_reg[8]_i_12__1_n_7
    SLICE_X86Y97         LUT3 (Prop_lut3_I0_O)        0.299    10.012 r  genloop[2].md5/passwd_bin2dec_str/quotient[4]_i_11__1/O
                         net (fo=2, routed)           0.422    10.434    genloop[2].md5/passwd_bin2dec_str/quotient[4]_i_11__1_n_0
    SLICE_X87Y98         LUT5 (Prop_lut5_I1_O)        0.124    10.558 r  genloop[2].md5/passwd_bin2dec_str/quotient[4]_i_3__1/O
                         net (fo=2, routed)           0.916    11.474    genloop[2].md5/passwd_bin2dec_str/quotient[4]_i_3__1_n_0
    SLICE_X90Y93         CARRY4 (Prop_carry4_DI[3]_CO[3])
                                                      0.396    11.870 r  genloop[2].md5/passwd_bin2dec_str/quotient_reg[4]_i_2__1/CO[3]
                         net (fo=1, routed)           0.000    11.870    genloop[2].md5/passwd_bin2dec_str/quotient_reg[4]_i_2__1_n_0
    SLICE_X90Y94         CARRY4 (Prop_carry4_CI_CO[3])
                                                      0.117    11.987 r  genloop[2].md5/passwd_bin2dec_str/quotient_reg[8]_i_2__1/CO[3]
                         net (fo=1, routed)           0.000    11.987    genloop[2].md5/passwd_bin2dec_str/quotient_reg[8]_i_2__1_n_0
    SLICE_X90Y95         CARRY4 (Prop_carry4_CI_CO[3])
                                                      0.117    12.104 r  genloop[2].md5/passwd_bin2dec_str/quotient_reg[12]_i_2__1/CO[3]
                         net (fo=1, routed)           0.000    12.104    genloop[2].md5/passwd_bin2dec_str/quotient_reg[12]_i_2__1_n_0
    SLICE_X90Y96         CARRY4 (Prop_carry4_CI_O[1])
                                                      0.323    12.427 r  genloop[2].md5/passwd_bin2dec_str/quotient_reg[16]_i_2__1/O[1]
                         net (fo=5, routed)           0.681    13.108    genloop[2].md5/passwd_bin2dec_str/quotient_reg[16]_i_2__1_n_6
    SLICE_X89Y97         LUT2 (Prop_lut2_I0_O)        0.306    13.414 r  genloop[2].md5/passwd_bin2dec_str/quotient[23]_i_71__1/O
                         net (fo=1, routed)           0.000    13.414    genloop[2].md5/passwd_bin2dec_str/quotient[23]_i_71__1_n_0
    SLICE_X89Y97         CARRY4 (Prop_carry4_S[1]_CO[3])
                                                      0.550    13.964 r  genloop[2].md5/passwd_bin2dec_str/quotient_reg[23]_i_54__1/CO[3]
                         net (fo=1, routed)           0.000    13.964    genloop[2].md5/passwd_bin2dec_str/quotient_reg[23]_i_54__1_n_0
    SLICE_X89Y98         CARRY4 (Prop_carry4_CI_CO[3])
                                                      0.114    14.078 r  genloop[2].md5/passwd_bin2dec_str/quotient_reg[23]_i_41__1/CO[3]
                         net (fo=1, routed)           0.000    14.078    genloop[2].md5/passwd_bin2dec_str/quotient_reg[23]_i_41__1_n_0
    SLICE_X89Y99         CARRY4 (Prop_carry4_CI_O[0])
                                                      0.222    14.300 r  genloop[2].md5/passwd_bin2dec_str/quotient_reg[23]_i_20__1/O[0]
                         net (fo=3, routed)           0.918    15.219    genloop[2].md5/passwd_bin2dec_str/quotient_reg[23]_i_20__1_n_7
    SLICE_X88Y95         LUT4 (Prop_lut4_I1_O)        0.299    15.518 r  genloop[2].md5/passwd_bin2dec_str/quotient[23]_i_39__1/O
                         net (fo=1, routed)           0.000    15.518    genloop[2].md5/passwd_bin2dec_str/quotient[23]_i_39__1_n_0
    SLICE_X88Y95         CARRY4 (Prop_carry4_S[1]_CO[3])
                                                      0.550    16.068 r  genloop[2].md5/passwd_bin2dec_str/quotient_reg[23]_i_17__1/CO[3]
                         net (fo=1, routed)           0.000    16.068    genloop[2].md5/passwd_bin2dec_str/quotient_reg[23]_i_17__1_n_0
    SLICE_X88Y96         CARRY4 (Prop_carry4_CI_CO[0])
                                                      0.271    16.339 r  genloop[2].md5/passwd_bin2dec_str/quotient_reg[23]_i_10__1/CO[0]
                         net (fo=3, routed)           0.322    16.660    genloop[2].md5/passwd_bin2dec_str/quotient_reg[23]_i_10__1_n_3
    SLICE_X88Y97         LUT3 (Prop_lut3_I0_O)        0.373    17.033 r  genloop[2].md5/passwd_bin2dec_str/quotient[23]_i_3__1/O
                         net (fo=22, routed)          0.929    17.963    genloop[2].md5/passwd_bin2dec_str/quotient[23]_i_3__1_n_0
    SLICE_X93Y88         LUT6 (Prop_lut6_I2_O)        0.124    18.087 r  genloop[2].md5/passwd_bin2dec_str/quotient[1]_i_1__1/O
                         net (fo=1, routed)           0.000    18.087    genloop[2].md5/passwd_bin2dec_str/quotient[1]_i_1__1_n_0
    SLICE_X93Y88         FDRE                                         r  genloop[2].md5/passwd_bin2dec_str/quotient_reg[1]/D
  -------------------------------------------------------------------    -------------------

                         (clock sys_clk_pin rise edge)
                                                     10.000    10.000 r  
    Y9                                                0.000    10.000 r  clk (IN)
                         net (fo=0)                   0.000    10.000    clk
    Y9                   IBUF (Prop_ibuf_I_O)         1.420    11.420 r  clk_IBUF_inst/O
                         net (fo=1, routed)           1.972    13.392    clk_IBUF
    BUFGCTRL_X0Y0        BUFG (Prop_bufg_I_O)         0.091    13.483 r  clk_IBUF_BUFG_inst/O
                         net (fo=7352, routed)        1.606    15.088    genloop[2].md5/passwd_bin2dec_str/clk_IBUF_BUFG
    SLICE_X93Y88         FDRE                                         r  genloop[2].md5/passwd_bin2dec_str/quotient_reg[1]/C
                         clock pessimism              0.394    15.482    
                         clock uncertainty           -0.035    15.447    
    SLICE_X93Y88         FDRE (Setup_fdre_C_D)        0.032    15.479    genloop[2].md5/passwd_bin2dec_str/quotient_reg[1]
  -------------------------------------------------------------------
                         required time                         15.479    
                         arrival time                         -18.087    
  -------------------------------------------------------------------
                         slack                                 -2.608    

Slack (VIOLATED) :        -2.556ns  (required time - arrival time)
  Source:                 genloop[5].md5/passwd_bin2dec_str/quotient_reg[9]/C
                            (rising edge-triggered cell FDRE clocked by sys_clk_pin  {rise@0.000ns fall@5.000ns period=10.000ns})
  Destination:            genloop[5].md5/passwd_bin2dec_str/quotient_reg[0]/D
                            (rising edge-triggered cell FDRE clocked by sys_clk_pin  {rise@0.000ns fall@5.000ns period=10.000ns})
  Path Group:             sys_clk_pin
  Path Type:              Setup (Max at Slow Process Corner)
  Requirement:            10.000ns  (sys_clk_pin rise@10.000ns - sys_clk_pin rise@0.000ns)
  Data Path Delay:        12.524ns  (logic 5.518ns (44.060%)  route 7.006ns (55.940%))
  Logic Levels:           18  (CARRY4=11 LUT2=1 LUT3=2 LUT4=1 LUT6=3)
  Clock Path Skew:        -0.026ns (DCD - SCD + CPR)
    Destination Clock Delay (DCD):    4.962ns = ( 14.962 - 10.000 ) 
    Source Clock Delay      (SCD):    5.416ns
    Clock Pessimism Removal (CPR):    0.428ns
  Clock Uncertainty:      0.035ns  ((TSJ^2 + TIJ^2)^1/2 + DJ) / 2 + PE
    Total System Jitter     (TSJ):    0.071ns
    Total Input Jitter      (TIJ):    0.000ns
    Discrete Jitter          (DJ):    0.000ns
    Phase Error              (PE):    0.000ns

    Location             Delay type                Incr(ns)  Path(ns)    Netlist Resource(s)
  -------------------------------------------------------------------    -------------------
                         (clock sys_clk_pin rise edge)
                                                      0.000     0.000 r  
    Y9                                                0.000     0.000 r  clk (IN)
                         net (fo=0)                   0.000     0.000    clk
    Y9                   IBUF (Prop_ibuf_I_O)         1.490     1.490 r  clk_IBUF_inst/O
                         net (fo=1, routed)           2.171     3.661    clk_IBUF
    BUFGCTRL_X0Y0        BUFG (Prop_bufg_I_O)         0.101     3.762 r  clk_IBUF_BUFG_inst/O
                         net (fo=7352, routed)        1.654     5.416    genloop[5].md5/passwd_bin2dec_str/clk_IBUF_BUFG
    SLICE_X33Y58         FDRE                                         r  genloop[5].md5/passwd_bin2dec_str/quotient_reg[9]/C
  -------------------------------------------------------------------    -------------------
    SLICE_X33Y58         FDRE (Prop_fdre_C_Q)         0.456     5.872 r  genloop[5].md5/passwd_bin2dec_str/quotient_reg[9]/Q
                         net (fo=54, routed)          1.222     7.095    genloop[5].md5/passwd_bin2dec_str/quotient[9]
    SLICE_X37Y64         LUT3 (Prop_lut3_I1_O)        0.124     7.219 r  genloop[5].md5/passwd_bin2dec_str/quotient[12]_i_37__4/O
                         net (fo=3, routed)           0.684     7.903    genloop[5].md5/passwd_bin2dec_str/quotient[12]_i_37__4_n_0
    SLICE_X32Y61         CARRY4 (Prop_carry4_DI[0]_CO[3])
                                                      0.550     8.453 r  genloop[5].md5/passwd_bin2dec_str/quotient_reg[0]_i_22__4/CO[3]
                         net (fo=1, routed)           0.000     8.453    genloop[5].md5/passwd_bin2dec_str/quotient_reg[0]_i_22__4_n_0
    SLICE_X32Y62         CARRY4 (Prop_carry4_CI_CO[3])
                                                      0.117     8.570 r  genloop[5].md5/passwd_bin2dec_str/quotient_reg[4]_i_12__4/CO[3]
                         net (fo=1, routed)           0.000     8.570    genloop[5].md5/passwd_bin2dec_str/quotient_reg[4]_i_12__4_n_0
    SLICE_X32Y63         CARRY4 (Prop_carry4_CI_CO[3])
                                                      0.117     8.687 r  genloop[5].md5/passwd_bin2dec_str/quotient_reg[8]_i_12__4/CO[3]
                         net (fo=1, routed)           0.000     8.687    genloop[5].md5/passwd_bin2dec_str/quotient_reg[8]_i_12__4_n_0
    SLICE_X32Y64         CARRY4 (Prop_carry4_CI_CO[3])
                                                      0.117     8.804 r  genloop[5].md5/passwd_bin2dec_str/quotient_reg[12]_i_12__4/CO[3]
                         net (fo=1, routed)           0.000     8.804    genloop[5].md5/passwd_bin2dec_str/quotient_reg[12]_i_12__4_n_0
    SLICE_X32Y65         CARRY4 (Prop_carry4_CI_CO[2])
                                                      0.229     9.033 r  genloop[5].md5/passwd_bin2dec_str/quotient_reg[23]_i_15__4/CO[2]
                         net (fo=25, routed)          1.261    10.294    genloop[5].md5/passwd_bin2dec_str/quotient_reg[23]_i_15__4_n_1
    SLICE_X36Y66         LUT6 (Prop_lut6_I3_O)        0.310    10.604 r  genloop[5].md5/passwd_bin2dec_str/quotient[16]_i_4__4/O
                         net (fo=2, routed)           0.954    11.558    genloop[5].md5/passwd_bin2dec_str/quotient[16]_i_4__4_n_0
    SLICE_X30Y65         LUT6 (Prop_lut6_I0_O)        0.124    11.682 r  genloop[5].md5/passwd_bin2dec_str/quotient[16]_i_8__4/O
                         net (fo=1, routed)           0.000    11.682    genloop[5].md5/passwd_bin2dec_str/quotient[16]_i_8__4_n_0
    SLICE_X30Y65         CARRY4 (Prop_carry4_S[2]_CO[3])
                                                      0.380    12.062 r  genloop[5].md5/passwd_bin2dec_str/quotient_reg[16]_i_2__4/CO[3]
                         net (fo=1, routed)           0.000    12.062    genloop[5].md5/passwd_bin2dec_str/quotient_reg[16]_i_2__4_n_0
    SLICE_X30Y66         CARRY4 (Prop_carry4_CI_O[1])
                                                      0.323    12.385 r  genloop[5].md5/passwd_bin2dec_str/quotient_reg[20]_i_2__4/O[1]
                         net (fo=5, routed)           0.616    13.001    genloop[5].md5/passwd_bin2dec_str/quotient_reg[20]_i_2__4_n_6
    SLICE_X26Y65         LUT2 (Prop_lut2_I0_O)        0.306    13.307 r  genloop[5].md5/passwd_bin2dec_str/quotient[23]_i_57__4/O
                         net (fo=1, routed)           0.000    13.307    genloop[5].md5/passwd_bin2dec_str/quotient[23]_i_57__4_n_0
    SLICE_X26Y65         CARRY4 (Prop_carry4_S[1]_CO[3])
                                                      0.533    13.840 r  genloop[5].md5/passwd_bin2dec_str/quotient_reg[23]_i_41__4/CO[3]
                         net (fo=1, routed)           0.000    13.840    genloop[5].md5/passwd_bin2dec_str/quotient_reg[23]_i_41__4_n_0
    SLICE_X26Y66         CARRY4 (Prop_carry4_CI_O[0])
                                                      0.219    14.059 r  genloop[5].md5/passwd_bin2dec_str/quotient_reg[23]_i_20__4/O[0]
                         net (fo=3, routed)           0.880    14.939    genloop[5].md5/passwd_bin2dec_str/quotient_reg[23]_i_20__4_n_7
    SLICE_X29Y69         LUT4 (Prop_lut4_I1_O)        0.295    15.234 r  genloop[5].md5/passwd_bin2dec_str/quotient[23]_i_39__4/O
                         net (fo=1, routed)           0.000    15.234    genloop[5].md5/passwd_bin2dec_str/quotient[23]_i_39__4_n_0
    SLICE_X29Y69         CARRY4 (Prop_carry4_S[1]_CO[3])
                                                      0.550    15.784 r  genloop[5].md5/passwd_bin2dec_str/quotient_reg[23]_i_17__4/CO[3]
                         net (fo=1, routed)           0.000    15.784    genloop[5].md5/passwd_bin2dec_str/quotient_reg[23]_i_17__4_n_0
    SLICE_X29Y70         CARRY4 (Prop_carry4_CI_CO[0])
                                                      0.271    16.055 r  genloop[5].md5/passwd_bin2dec_str/quotient_reg[23]_i_10__4/CO[0]
                         net (fo=5, routed)           0.480    16.535    genloop[5].md5/passwd_bin2dec_str/quotient_reg[23]_i_10__4_n_3
    SLICE_X30Y68         LUT3 (Prop_lut3_I0_O)        0.373    16.908 r  genloop[5].md5/passwd_bin2dec_str/quotient[23]_i_3__4/O
                         net (fo=20, routed)          0.908    17.816    genloop[5].md5/passwd_bin2dec_str/quotient[23]_i_3__4_n_0
    SLICE_X33Y59         LUT6 (Prop_lut6_I2_O)        0.124    17.940 r  genloop[5].md5/passwd_bin2dec_str/quotient[0]_i_1__4/O
                         net (fo=1, routed)           0.000    17.940    genloop[5].md5/passwd_bin2dec_str/quotient[0]_i_1__4_n_0
    SLICE_X33Y59         FDRE                                         r  genloop[5].md5/passwd_bin2dec_str/quotient_reg[0]/D
  -------------------------------------------------------------------    -------------------

                         (clock sys_clk_pin rise edge)
                                                     10.000    10.000 r  
    Y9                                                0.000    10.000 r  clk (IN)
                         net (fo=0)                   0.000    10.000    clk
    Y9                   IBUF (Prop_ibuf_I_O)         1.420    11.420 r  clk_IBUF_inst/O
                         net (fo=1, routed)           1.972    13.392    clk_IBUF
    BUFGCTRL_X0Y0        BUFG (Prop_bufg_I_O)         0.091    13.483 r  clk_IBUF_BUFG_inst/O
                         net (fo=7352, routed)        1.480    14.962    genloop[5].md5/passwd_bin2dec_str/clk_IBUF_BUFG
    SLICE_X33Y59         FDRE                                         r  genloop[5].md5/passwd_bin2dec_str/quotient_reg[0]/C
                         clock pessimism              0.428    15.390    
                         clock uncertainty           -0.035    15.355    
    SLICE_X33Y59         FDRE (Setup_fdre_C_D)        0.029    15.384    genloop[5].md5/passwd_bin2dec_str/quotient_reg[0]
  -------------------------------------------------------------------
                         required time                         15.384    
                         arrival time                         -17.940    
  -------------------------------------------------------------------
                         slack                                 -2.556    

Slack (VIOLATED) :        -2.555ns  (required time - arrival time)
  Source:                 genloop[5].md5/passwd_bin2dec_str/quotient_reg[9]/C
                            (rising edge-triggered cell FDRE clocked by sys_clk_pin  {rise@0.000ns fall@5.000ns period=10.000ns})
  Destination:            genloop[5].md5/passwd_bin2dec_str/quotient_reg[7]/D
                            (rising edge-triggered cell FDRE clocked by sys_clk_pin  {rise@0.000ns fall@5.000ns period=10.000ns})
  Path Group:             sys_clk_pin
  Path Type:              Setup (Max at Slow Process Corner)
  Requirement:            10.000ns  (sys_clk_pin rise@10.000ns - sys_clk_pin rise@0.000ns)
  Data Path Delay:        12.524ns  (logic 5.518ns (44.060%)  route 7.006ns (55.940%))
  Logic Levels:           18  (CARRY4=11 LUT2=1 LUT3=2 LUT4=1 LUT6=3)
  Clock Path Skew:        -0.025ns (DCD - SCD + CPR)
    Destination Clock Delay (DCD):    4.963ns = ( 14.963 - 10.000 ) 
    Source Clock Delay      (SCD):    5.416ns
    Clock Pessimism Removal (CPR):    0.428ns
  Clock Uncertainty:      0.035ns  ((TSJ^2 + TIJ^2)^1/2 + DJ) / 2 + PE
    Total System Jitter     (TSJ):    0.071ns
    Total Input Jitter      (TIJ):    0.000ns
    Discrete Jitter          (DJ):    0.000ns
    Phase Error              (PE):    0.000ns

    Location             Delay type                Incr(ns)  Path(ns)    Netlist Resource(s)
  -------------------------------------------------------------------    -------------------
                         (clock sys_clk_pin rise edge)
                                                      0.000     0.000 r  
    Y9                                                0.000     0.000 r  clk (IN)
                         net (fo=0)                   0.000     0.000    clk
    Y9                   IBUF (Prop_ibuf_I_O)         1.490     1.490 r  clk_IBUF_inst/O
                         net (fo=1, routed)           2.171     3.661    clk_IBUF
    BUFGCTRL_X0Y0        BUFG (Prop_bufg_I_O)         0.101     3.762 r  clk_IBUF_BUFG_inst/O
                         net (fo=7352, routed)        1.654     5.416    genloop[5].md5/passwd_bin2dec_str/clk_IBUF_BUFG
    SLICE_X33Y58         FDRE                                         r  genloop[5].md5/passwd_bin2dec_str/quotient_reg[9]/C
  -------------------------------------------------------------------    -------------------
    SLICE_X33Y58         FDRE (Prop_fdre_C_Q)         0.456     5.872 r  genloop[5].md5/passwd_bin2dec_str/quotient_reg[9]/Q
                         net (fo=54, routed)          1.222     7.095    genloop[5].md5/passwd_bin2dec_str/quotient[9]
    SLICE_X37Y64         LUT3 (Prop_lut3_I1_O)        0.124     7.219 r  genloop[5].md5/passwd_bin2dec_str/quotient[12]_i_37__4/O
                         net (fo=3, routed)           0.684     7.903    genloop[5].md5/passwd_bin2dec_str/quotient[12]_i_37__4_n_0
    SLICE_X32Y61         CARRY4 (Prop_carry4_DI[0]_CO[3])
                                                      0.550     8.453 r  genloop[5].md5/passwd_bin2dec_str/quotient_reg[0]_i_22__4/CO[3]
                         net (fo=1, routed)           0.000     8.453    genloop[5].md5/passwd_bin2dec_str/quotient_reg[0]_i_22__4_n_0
    SLICE_X32Y62         CARRY4 (Prop_carry4_CI_CO[3])
                                                      0.117     8.570 r  genloop[5].md5/passwd_bin2dec_str/quotient_reg[4]_i_12__4/CO[3]
                         net (fo=1, routed)           0.000     8.570    genloop[5].md5/passwd_bin2dec_str/quotient_reg[4]_i_12__4_n_0
    SLICE_X32Y63         CARRY4 (Prop_carry4_CI_CO[3])
                                                      0.117     8.687 r  genloop[5].md5/passwd_bin2dec_str/quotient_reg[8]_i_12__4/CO[3]
                         net (fo=1, routed)           0.000     8.687    genloop[5].md5/passwd_bin2dec_str/quotient_reg[8]_i_12__4_n_0
    SLICE_X32Y64         CARRY4 (Prop_carry4_CI_CO[3])
                                                      0.117     8.804 r  genloop[5].md5/passwd_bin2dec_str/quotient_reg[12]_i_12__4/CO[3]
                         net (fo=1, routed)           0.000     8.804    genloop[5].md5/passwd_bin2dec_str/quotient_reg[12]_i_12__4_n_0
    SLICE_X32Y65         CARRY4 (Prop_carry4_CI_CO[2])
                                                      0.229     9.033 r  genloop[5].md5/passwd_bin2dec_str/quotient_reg[23]_i_15__4/CO[2]
                         net (fo=25, routed)          1.261    10.294    genloop[5].md5/passwd_bin2dec_str/quotient_reg[23]_i_15__4_n_1
    SLICE_X36Y66         LUT6 (Prop_lut6_I3_O)        0.310    10.604 r  genloop[5].md5/passwd_bin2dec_str/quotient[16]_i_4__4/O
                         net (fo=2, routed)           0.954    11.558    genloop[5].md5/passwd_bin2dec_str/quotient[16]_i_4__4_n_0
    SLICE_X30Y65         LUT6 (Prop_lut6_I0_O)        0.124    11.682 r  genloop[5].md5/passwd_bin2dec_str/quotient[16]_i_8__4/O
                         net (fo=1, routed)           0.000    11.682    genloop[5].md5/passwd_bin2dec_str/quotient[16]_i_8__4_n_0
    SLICE_X30Y65         CARRY4 (Prop_carry4_S[2]_CO[3])
                                                      0.380    12.062 r  genloop[5].md5/passwd_bin2dec_str/quotient_reg[16]_i_2__4/CO[3]
                         net (fo=1, routed)           0.000    12.062    genloop[5].md5/passwd_bin2dec_str/quotient_reg[16]_i_2__4_n_0
    SLICE_X30Y66         CARRY4 (Prop_carry4_CI_O[1])
                                                      0.323    12.385 r  genloop[5].md5/passwd_bin2dec_str/quotient_reg[20]_i_2__4/O[1]
                         net (fo=5, routed)           0.616    13.001    genloop[5].md5/passwd_bin2dec_str/quotient_reg[20]_i_2__4_n_6
    SLICE_X26Y65         LUT2 (Prop_lut2_I0_O)        0.306    13.307 r  genloop[5].md5/passwd_bin2dec_str/quotient[23]_i_57__4/O
                         net (fo=1, routed)           0.000    13.307    genloop[5].md5/passwd_bin2dec_str/quotient[23]_i_57__4_n_0
    SLICE_X26Y65         CARRY4 (Prop_carry4_S[1]_CO[3])
                                                      0.533    13.840 r  genloop[5].md5/passwd_bin2dec_str/quotient_reg[23]_i_41__4/CO[3]
                         net (fo=1, routed)           0.000    13.840    genloop[5].md5/passwd_bin2dec_str/quotient_reg[23]_i_41__4_n_0
    SLICE_X26Y66         CARRY4 (Prop_carry4_CI_O[0])
                                                      0.219    14.059 r  genloop[5].md5/passwd_bin2dec_str/quotient_reg[23]_i_20__4/O[0]
                         net (fo=3, routed)           0.880    14.939    genloop[5].md5/passwd_bin2dec_str/quotient_reg[23]_i_20__4_n_7
    SLICE_X29Y69         LUT4 (Prop_lut4_I1_O)        0.295    15.234 r  genloop[5].md5/passwd_bin2dec_str/quotient[23]_i_39__4/O
                         net (fo=1, routed)           0.000    15.234    genloop[5].md5/passwd_bin2dec_str/quotient[23]_i_39__4_n_0
    SLICE_X29Y69         CARRY4 (Prop_carry4_S[1]_CO[3])
                                                      0.550    15.784 r  genloop[5].md5/passwd_bin2dec_str/quotient_reg[23]_i_17__4/CO[3]
                         net (fo=1, routed)           0.000    15.784    genloop[5].md5/passwd_bin2dec_str/quotient_reg[23]_i_17__4_n_0
    SLICE_X29Y70         CARRY4 (Prop_carry4_CI_CO[0])
                                                      0.271    16.055 r  genloop[5].md5/passwd_bin2dec_str/quotient_reg[23]_i_10__4/CO[0]
                         net (fo=5, routed)           0.480    16.535    genloop[5].md5/passwd_bin2dec_str/quotient_reg[23]_i_10__4_n_3
    SLICE_X30Y68         LUT3 (Prop_lut3_I0_O)        0.373    16.908 r  genloop[5].md5/passwd_bin2dec_str/quotient[23]_i_3__4/O
                         net (fo=20, routed)          0.908    17.816    genloop[5].md5/passwd_bin2dec_str/quotient[23]_i_3__4_n_0
    SLICE_X33Y57         LUT6 (Prop_lut6_I2_O)        0.124    17.940 r  genloop[5].md5/passwd_bin2dec_str/quotient[7]_i_1__4/O
                         net (fo=1, routed)           0.000    17.940    genloop[5].md5/passwd_bin2dec_str/quotient[7]_i_1__4_n_0
    SLICE_X33Y57         FDRE                                         r  genloop[5].md5/passwd_bin2dec_str/quotient_reg[7]/D
  -------------------------------------------------------------------    -------------------

                         (clock sys_clk_pin rise edge)
                                                     10.000    10.000 r  
    Y9                                                0.000    10.000 r  clk (IN)
                         net (fo=0)                   0.000    10.000    clk
    Y9                   IBUF (Prop_ibuf_I_O)         1.420    11.420 r  clk_IBUF_inst/O
                         net (fo=1, routed)           1.972    13.392    clk_IBUF
    BUFGCTRL_X0Y0        BUFG (Prop_bufg_I_O)         0.091    13.483 r  clk_IBUF_BUFG_inst/O
                         net (fo=7352, routed)        1.481    14.963    genloop[5].md5/passwd_bin2dec_str/clk_IBUF_BUFG
    SLICE_X33Y57         FDRE                                         r  genloop[5].md5/passwd_bin2dec_str/quotient_reg[7]/C
                         clock pessimism              0.428    15.391    
                         clock uncertainty           -0.035    15.356    
    SLICE_X33Y57         FDRE (Setup_fdre_C_D)        0.029    15.385    genloop[5].md5/passwd_bin2dec_str/quotient_reg[7]
  -------------------------------------------------------------------
                         required time                         15.385    
                         arrival time                         -17.940    
  -------------------------------------------------------------------
                         slack                                 -2.555    

Slack (VIOLATED) :        -2.551ns  (required time - arrival time)
  Source:                 genloop[5].md5/passwd_bin2dec_str/quotient_reg[9]/C
                            (rising edge-triggered cell FDRE clocked by sys_clk_pin  {rise@0.000ns fall@5.000ns period=10.000ns})
  Destination:            genloop[5].md5/passwd_bin2dec_str/quotient_reg[6]/D
                            (rising edge-triggered cell FDRE clocked by sys_clk_pin  {rise@0.000ns fall@5.000ns period=10.000ns})
  Path Group:             sys_clk_pin
  Path Type:              Setup (Max at Slow Process Corner)
  Requirement:            10.000ns  (sys_clk_pin rise@10.000ns - sys_clk_pin rise@0.000ns)
  Data Path Delay:        12.521ns  (logic 5.518ns (44.070%)  route 7.003ns (55.930%))
  Logic Levels:           18  (CARRY4=11 LUT2=1 LUT3=2 LUT4=1 LUT6=3)
  Clock Path Skew:        -0.026ns (DCD - SCD + CPR)
    Destination Clock Delay (DCD):    4.962ns = ( 14.962 - 10.000 ) 
    Source Clock Delay      (SCD):    5.416ns
    Clock Pessimism Removal (CPR):    0.428ns
  Clock Uncertainty:      0.035ns  ((TSJ^2 + TIJ^2)^1/2 + DJ) / 2 + PE
    Total System Jitter     (TSJ):    0.071ns
    Total Input Jitter      (TIJ):    0.000ns
    Discrete Jitter          (DJ):    0.000ns
    Phase Error              (PE):    0.000ns

    Location             Delay type                Incr(ns)  Path(ns)    Netlist Resource(s)
  -------------------------------------------------------------------    -------------------
                         (clock sys_clk_pin rise edge)
                                                      0.000     0.000 r  
    Y9                                                0.000     0.000 r  clk (IN)
                         net (fo=0)                   0.000     0.000    clk
    Y9                   IBUF (Prop_ibuf_I_O)         1.490     1.490 r  clk_IBUF_inst/O
                         net (fo=1, routed)           2.171     3.661    clk_IBUF
    BUFGCTRL_X0Y0        BUFG (Prop_bufg_I_O)         0.101     3.762 r  clk_IBUF_BUFG_inst/O
                         net (fo=7352, routed)        1.654     5.416    genloop[5].md5/passwd_bin2dec_str/clk_IBUF_BUFG
    SLICE_X33Y58         FDRE                                         r  genloop[5].md5/passwd_bin2dec_str/quotient_reg[9]/C
  -------------------------------------------------------------------    -------------------
    SLICE_X33Y58         FDRE (Prop_fdre_C_Q)         0.456     5.872 r  genloop[5].md5/passwd_bin2dec_str/quotient_reg[9]/Q
                         net (fo=54, routed)          1.222     7.095    genloop[5].md5/passwd_bin2dec_str/quotient[9]
    SLICE_X37Y64         LUT3 (Prop_lut3_I1_O)        0.124     7.219 r  genloop[5].md5/passwd_bin2dec_str/quotient[12]_i_37__4/O
                         net (fo=3, routed)           0.684     7.903    genloop[5].md5/passwd_bin2dec_str/quotient[12]_i_37__4_n_0
    SLICE_X32Y61         CARRY4 (Prop_carry4_DI[0]_CO[3])
                                                      0.550     8.453 r  genloop[5].md5/passwd_bin2dec_str/quotient_reg[0]_i_22__4/CO[3]
                         net (fo=1, routed)           0.000     8.453    genloop[5].md5/passwd_bin2dec_str/quotient_reg[0]_i_22__4_n_0
    SLICE_X32Y62         CARRY4 (Prop_carry4_CI_CO[3])
                                                      0.117     8.570 r  genloop[5].md5/passwd_bin2dec_str/quotient_reg[4]_i_12__4/CO[3]
                         net (fo=1, routed)           0.000     8.570    genloop[5].md5/passwd_bin2dec_str/quotient_reg[4]_i_12__4_n_0
    SLICE_X32Y63         CARRY4 (Prop_carry4_CI_CO[3])
                                                      0.117     8.687 r  genloop[5].md5/passwd_bin2dec_str/quotient_reg[8]_i_12__4/CO[3]
                         net (fo=1, routed)           0.000     8.687    genloop[5].md5/passwd_bin2dec_str/quotient_reg[8]_i_12__4_n_0
    SLICE_X32Y64         CARRY4 (Prop_carry4_CI_CO[3])
                                                      0.117     8.804 r  genloop[5].md5/passwd_bin2dec_str/quotient_reg[12]_i_12__4/CO[3]
                         net (fo=1, routed)           0.000     8.804    genloop[5].md5/passwd_bin2dec_str/quotient_reg[12]_i_12__4_n_0
    SLICE_X32Y65         CARRY4 (Prop_carry4_CI_CO[2])
                                                      0.229     9.033 r  genloop[5].md5/passwd_bin2dec_str/quotient_reg[23]_i_15__4/CO[2]
                         net (fo=25, routed)          1.261    10.294    genloop[5].md5/passwd_bin2dec_str/quotient_reg[23]_i_15__4_n_1
    SLICE_X36Y66         LUT6 (Prop_lut6_I3_O)        0.310    10.604 r  genloop[5].md5/passwd_bin2dec_str/quotient[16]_i_4__4/O
                         net (fo=2, routed)           0.954    11.558    genloop[5].md5/passwd_bin2dec_str/quotient[16]_i_4__4_n_0
    SLICE_X30Y65         LUT6 (Prop_lut6_I0_O)        0.124    11.682 r  genloop[5].md5/passwd_bin2dec_str/quotient[16]_i_8__4/O
                         net (fo=1, routed)           0.000    11.682    genloop[5].md5/passwd_bin2dec_str/quotient[16]_i_8__4_n_0
    SLICE_X30Y65         CARRY4 (Prop_carry4_S[2]_CO[3])
                                                      0.380    12.062 r  genloop[5].md5/passwd_bin2dec_str/quotient_reg[16]_i_2__4/CO[3]
                         net (fo=1, routed)           0.000    12.062    genloop[5].md5/passwd_bin2dec_str/quotient_reg[16]_i_2__4_n_0
    SLICE_X30Y66         CARRY4 (Prop_carry4_CI_O[1])
                                                      0.323    12.385 r  genloop[5].md5/passwd_bin2dec_str/quotient_reg[20]_i_2__4/O[1]
                         net (fo=5, routed)           0.616    13.001    genloop[5].md5/passwd_bin2dec_str/quotient_reg[20]_i_2__4_n_6
    SLICE_X26Y65         LUT2 (Prop_lut2_I0_O)        0.306    13.307 r  genloop[5].md5/passwd_bin2dec_str/quotient[23]_i_57__4/O
                         net (fo=1, routed)           0.000    13.307    genloop[5].md5/passwd_bin2dec_str/quotient[23]_i_57__4_n_0
    SLICE_X26Y65         CARRY4 (Prop_carry4_S[1]_CO[3])
                                                      0.533    13.840 r  genloop[5].md5/passwd_bin2dec_str/quotient_reg[23]_i_41__4/CO[3]
                         net (fo=1, routed)           0.000    13.840    genloop[5].md5/passwd_bin2dec_str/quotient_reg[23]_i_41__4_n_0
    SLICE_X26Y66         CARRY4 (Prop_carry4_CI_O[0])
                                                      0.219    14.059 r  genloop[5].md5/passwd_bin2dec_str/quotient_reg[23]_i_20__4/O[0]
                         net (fo=3, routed)           0.880    14.939    genloop[5].md5/passwd_bin2dec_str/quotient_reg[23]_i_20__4_n_7
    SLICE_X29Y69         LUT4 (Prop_lut4_I1_O)        0.295    15.234 r  genloop[5].md5/passwd_bin2dec_str/quotient[23]_i_39__4/O
                         net (fo=1, routed)           0.000    15.234    genloop[5].md5/passwd_bin2dec_str/quotient[23]_i_39__4_n_0
    SLICE_X29Y69         CARRY4 (Prop_carry4_S[1]_CO[3])
                                                      0.550    15.784 r  genloop[5].md5/passwd_bin2dec_str/quotient_reg[23]_i_17__4/CO[3]
                         net (fo=1, routed)           0.000    15.784    genloop[5].md5/passwd_bin2dec_str/quotient_reg[23]_i_17__4_n_0
    SLICE_X29Y70         CARRY4 (Prop_carry4_CI_CO[0])
                                                      0.271    16.055 r  genloop[5].md5/passwd_bin2dec_str/quotient_reg[23]_i_10__4/CO[0]
                         net (fo=5, routed)           0.480    16.535    genloop[5].md5/passwd_bin2dec_str/quotient_reg[23]_i_10__4_n_3
    SLICE_X30Y68         LUT3 (Prop_lut3_I0_O)        0.373    16.908 r  genloop[5].md5/passwd_bin2dec_str/quotient[23]_i_3__4/O
                         net (fo=20, routed)          0.905    17.813    genloop[5].md5/passwd_bin2dec_str/quotient[23]_i_3__4_n_0
    SLICE_X33Y59         LUT6 (Prop_lut6_I2_O)        0.124    17.937 r  genloop[5].md5/passwd_bin2dec_str/quotient[6]_i_1__4/O
                         net (fo=1, routed)           0.000    17.937    genloop[5].md5/passwd_bin2dec_str/quotient[6]_i_1__4_n_0
    SLICE_X33Y59         FDRE                                         r  genloop[5].md5/passwd_bin2dec_str/quotient_reg[6]/D
  -------------------------------------------------------------------    -------------------

                         (clock sys_clk_pin rise edge)
                                                     10.000    10.000 r  
    Y9                                                0.000    10.000 r  clk (IN)
                         net (fo=0)                   0.000    10.000    clk
    Y9                   IBUF (Prop_ibuf_I_O)         1.420    11.420 r  clk_IBUF_inst/O
                         net (fo=1, routed)           1.972    13.392    clk_IBUF
    BUFGCTRL_X0Y0        BUFG (Prop_bufg_I_O)         0.091    13.483 r  clk_IBUF_BUFG_inst/O
                         net (fo=7352, routed)        1.480    14.962    genloop[5].md5/passwd_bin2dec_str/clk_IBUF_BUFG
    SLICE_X33Y59         FDRE                                         r  genloop[5].md5/passwd_bin2dec_str/quotient_reg[6]/C
                         clock pessimism              0.428    15.390    
                         clock uncertainty           -0.035    15.355    
    SLICE_X33Y59         FDRE (Setup_fdre_C_D)        0.031    15.386    genloop[5].md5/passwd_bin2dec_str/quotient_reg[6]
  -------------------------------------------------------------------
                         required time                         15.386    
                         arrival time                         -17.937    
  -------------------------------------------------------------------
                         slack                                 -2.551    

Slack (VIOLATED) :        -2.551ns  (required time - arrival time)
  Source:                 genloop[2].md5/passwd_bin2dec_str/quotient_reg[0]/C
                            (rising edge-triggered cell FDRE clocked by sys_clk_pin  {rise@0.000ns fall@5.000ns period=10.000ns})
  Destination:            genloop[2].md5/passwd_bin2dec_str/quotient_reg[8]/D
                            (rising edge-triggered cell FDRE clocked by sys_clk_pin  {rise@0.000ns fall@5.000ns period=10.000ns})
  Path Group:             sys_clk_pin
  Path Type:              Setup (Max at Slow Process Corner)
  Requirement:            10.000ns  (sys_clk_pin rise@10.000ns - sys_clk_pin rise@0.000ns)
  Data Path Delay:        12.421ns  (logic 5.903ns (47.526%)  route 6.518ns (52.474%))
  Logic Levels:           22  (CARRY4=15 LUT2=1 LUT3=2 LUT4=1 LUT5=2 LUT6=1)
  Clock Path Skew:        -0.127ns (DCD - SCD + CPR)
    Destination Clock Delay (DCD):    5.025ns = ( 15.025 - 10.000 ) 
    Source Clock Delay      (SCD):    5.546ns
    Clock Pessimism Removal (CPR):    0.394ns
  Clock Uncertainty:      0.035ns  ((TSJ^2 + TIJ^2)^1/2 + DJ) / 2 + PE
    Total System Jitter     (TSJ):    0.071ns
    Total Input Jitter      (TIJ):    0.000ns
    Discrete Jitter          (DJ):    0.000ns
    Phase Error              (PE):    0.000ns

    Location             Delay type                Incr(ns)  Path(ns)    Netlist Resource(s)
  -------------------------------------------------------------------    -------------------
                         (clock sys_clk_pin rise edge)
                                                      0.000     0.000 r  
    Y9                                                0.000     0.000 r  clk (IN)
                         net (fo=0)                   0.000     0.000    clk
    Y9                   IBUF (Prop_ibuf_I_O)         1.490     1.490 r  clk_IBUF_inst/O
                         net (fo=1, routed)           2.171     3.661    clk_IBUF
    BUFGCTRL_X0Y0        BUFG (Prop_bufg_I_O)         0.101     3.762 r  clk_IBUF_BUFG_inst/O
                         net (fo=7352, routed)        1.784     5.546    genloop[2].md5/passwd_bin2dec_str/clk_IBUF_BUFG
    SLICE_X92Y89         FDRE                                         r  genloop[2].md5/passwd_bin2dec_str/quotient_reg[0]/C
  -------------------------------------------------------------------    -------------------
    SLICE_X92Y89         FDRE (Prop_fdre_C_Q)         0.518     6.064 r  genloop[2].md5/passwd_bin2dec_str/quotient_reg[0]/Q
                         net (fo=71, routed)          1.472     7.536    genloop[2].md5/passwd_bin2dec_str/quotient[0]
    SLICE_X89Y86         LUT5 (Prop_lut5_I0_O)        0.124     7.660 r  genloop[2].md5/passwd_bin2dec_str/remainder[0]_i_93__2/O
                         net (fo=1, routed)           0.000     7.660    genloop[2].md5/passwd_bin2dec_str/remainder[0]_i_93__2_n_0
    SLICE_X89Y86         CARRY4 (Prop_carry4_S[2]_CO[3])
                                                      0.398     8.058 r  genloop[2].md5/passwd_bin2dec_str/remainder_reg[0]_i_43__1/CO[3]
                         net (fo=1, routed)           0.000     8.058    genloop[2].md5/passwd_bin2dec_str/remainder_reg[0]_i_43__1_n_0
    SLICE_X89Y87         CARRY4 (Prop_carry4_CI_CO[3])
                                                      0.114     8.172 r  genloop[2].md5/passwd_bin2dec_str/quotient_reg[0]_i_77__1/CO[3]
                         net (fo=1, routed)           0.000     8.172    genloop[2].md5/passwd_bin2dec_str/quotient_reg[0]_i_77__1_n_0
    SLICE_X89Y88         CARRY4 (Prop_carry4_CI_CO[3])
                                                      0.114     8.286 r  genloop[2].md5/passwd_bin2dec_str/quotient_reg[0]_i_39__1/CO[3]
                         net (fo=1, routed)           0.000     8.286    genloop[2].md5/passwd_bin2dec_str/quotient_reg[0]_i_39__1_n_0
    SLICE_X89Y89         CARRY4 (Prop_carry4_CI_CO[3])
                                                      0.114     8.400 r  genloop[2].md5/passwd_bin2dec_str/quotient_reg[0]_i_22__1/CO[3]
                         net (fo=1, routed)           0.000     8.400    genloop[2].md5/passwd_bin2dec_str/quotient_reg[0]_i_22__1_n_0
    SLICE_X89Y90         CARRY4 (Prop_carry4_CI_CO[3])
                                                      0.114     8.514 r  genloop[2].md5/passwd_bin2dec_str/quotient_reg[4]_i_12__1/CO[3]
                         net (fo=1, routed)           0.000     8.514    genloop[2].md5/passwd_bin2dec_str/quotient_reg[4]_i_12__1_n_0
    SLICE_X89Y91         CARRY4 (Prop_carry4_CI_O[0])
                                                      0.222     8.736 r  genloop[2].md5/passwd_bin2dec_str/quotient_reg[8]_i_12__1/O[0]
                         net (fo=3, routed)           0.971     9.707    genloop[2].md5/passwd_bin2dec_str/quotient_reg[8]_i_12__1_n_7
    SLICE_X86Y97         LUT3 (Prop_lut3_I0_O)        0.299    10.006 r  genloop[2].md5/passwd_bin2dec_str/quotient[4]_i_11__1/O
                         net (fo=2, routed)           0.422    10.428    genloop[2].md5/passwd_bin2dec_str/quotient[4]_i_11__1_n_0
    SLICE_X87Y98         LUT5 (Prop_lut5_I1_O)        0.124    10.552 r  genloop[2].md5/passwd_bin2dec_str/quotient[4]_i_3__1/O
                         net (fo=2, routed)           0.916    11.468    genloop[2].md5/passwd_bin2dec_str/quotient[4]_i_3__1_n_0
    SLICE_X90Y93         CARRY4 (Prop_carry4_DI[3]_CO[3])
                                                      0.396    11.864 r  genloop[2].md5/passwd_bin2dec_str/quotient_reg[4]_i_2__1/CO[3]
                         net (fo=1, routed)           0.000    11.864    genloop[2].md5/passwd_bin2dec_str/quotient_reg[4]_i_2__1_n_0
    SLICE_X90Y94         CARRY4 (Prop_carry4_CI_CO[3])
                                                      0.117    11.981 r  genloop[2].md5/passwd_bin2dec_str/quotient_reg[8]_i_2__1/CO[3]
                         net (fo=1, routed)           0.000    11.981    genloop[2].md5/passwd_bin2dec_str/quotient_reg[8]_i_2__1_n_0
    SLICE_X90Y95         CARRY4 (Prop_carry4_CI_CO[3])
                                                      0.117    12.098 r  genloop[2].md5/passwd_bin2dec_str/quotient_reg[12]_i_2__1/CO[3]
                         net (fo=1, routed)           0.000    12.098    genloop[2].md5/passwd_bin2dec_str/quotient_reg[12]_i_2__1_n_0
    SLICE_X90Y96         CARRY4 (Prop_carry4_CI_O[1])
                                                      0.323    12.421 r  genloop[2].md5/passwd_bin2dec_str/quotient_reg[16]_i_2__1/O[1]
                         net (fo=5, routed)           0.681    13.103    genloop[2].md5/passwd_bin2dec_str/quotient_reg[16]_i_2__1_n_6
    SLICE_X89Y97         LUT2 (Prop_lut2_I0_O)        0.306    13.409 r  genloop[2].md5/passwd_bin2dec_str/quotient[23]_i_71__1/O
                         net (fo=1, routed)           0.000    13.409    genloop[2].md5/passwd_bin2dec_str/quotient[23]_i_71__1_n_0
    SLICE_X89Y97         CARRY4 (Prop_carry4_S[1]_CO[3])
                                                      0.550    13.959 r  genloop[2].md5/passwd_bin2dec_str/quotient_reg[23]_i_54__1/CO[3]
                         net (fo=1, routed)           0.000    13.959    genloop[2].md5/passwd_bin2dec_str/quotient_reg[23]_i_54__1_n_0
    SLICE_X89Y98         CARRY4 (Prop_carry4_CI_CO[3])
                                                      0.114    14.073 r  genloop[2].md5/passwd_bin2dec_str/quotient_reg[23]_i_41__1/CO[3]
                         net (fo=1, routed)           0.000    14.073    genloop[2].md5/passwd_bin2dec_str/quotient_reg[23]_i_41__1_n_0
    SLICE_X89Y99         CARRY4 (Prop_carry4_CI_O[0])
                                                      0.222    14.295 r  genloop[2].md5/passwd_bin2dec_str/quotient_reg[23]_i_20__1/O[0]
                         net (fo=3, routed)           0.918    15.213    genloop[2].md5/passwd_bin2dec_str/quotient_reg[23]_i_20__1_n_7
    SLICE_X88Y95         LUT4 (Prop_lut4_I1_O)        0.299    15.512 r  genloop[2].md5/passwd_bin2dec_str/quotient[23]_i_39__1/O
                         net (fo=1, routed)           0.000    15.512    genloop[2].md5/passwd_bin2dec_str/quotient[23]_i_39__1_n_0
    SLICE_X88Y95         CARRY4 (Prop_carry4_S[1]_CO[3])
                                                      0.550    16.062 r  genloop[2].md5/passwd_bin2dec_str/quotient_reg[23]_i_17__1/CO[3]
                         net (fo=1, routed)           0.000    16.062    genloop[2].md5/passwd_bin2dec_str/quotient_reg[23]_i_17__1_n_0
    SLICE_X88Y96         CARRY4 (Prop_carry4_CI_CO[0])
                                                      0.271    16.333 r  genloop[2].md5/passwd_bin2dec_str/quotient_reg[23]_i_10__1/CO[0]
                         net (fo=3, routed)           0.322    16.655    genloop[2].md5/passwd_bin2dec_str/quotient_reg[23]_i_10__1_n_3
    SLICE_X88Y97         LUT3 (Prop_lut3_I0_O)        0.373    17.028 r  genloop[2].md5/passwd_bin2dec_str/quotient[23]_i_3__1/O
                         net (fo=22, routed)          0.815    17.843    genloop[2].md5/passwd_bin2dec_str/quotient[23]_i_3__1_n_0
    SLICE_X88Y84         LUT6 (Prop_lut6_I2_O)        0.124    17.967 r  genloop[2].md5/passwd_bin2dec_str/quotient[8]_i_1__1/O
                         net (fo=1, routed)           0.000    17.967    genloop[2].md5/passwd_bin2dec_str/quotient[8]_i_1__1_n_0
    SLICE_X88Y84         FDRE                                         r  genloop[2].md5/passwd_bin2dec_str/quotient_reg[8]/D
  -------------------------------------------------------------------    -------------------

                         (clock sys_clk_pin rise edge)
                                                     10.000    10.000 r  
    Y9                                                0.000    10.000 r  clk (IN)
                         net (fo=0)                   0.000    10.000    clk
    Y9                   IBUF (Prop_ibuf_I_O)         1.420    11.420 r  clk_IBUF_inst/O
                         net (fo=1, routed)           1.972    13.392    clk_IBUF
    BUFGCTRL_X0Y0        BUFG (Prop_bufg_I_O)         0.091    13.483 r  clk_IBUF_BUFG_inst/O
                         net (fo=7352, routed)        1.543    15.025    genloop[2].md5/passwd_bin2dec_str/clk_IBUF_BUFG
    SLICE_X88Y84         FDRE                                         r  genloop[2].md5/passwd_bin2dec_str/quotient_reg[8]/C
                         clock pessimism              0.394    15.419    
                         clock uncertainty           -0.035    15.384    
    SLICE_X88Y84         FDRE (Setup_fdre_C_D)        0.032    15.416    genloop[2].md5/passwd_bin2dec_str/quotient_reg[8]
  -------------------------------------------------------------------
                         required time                         15.416    
                         arrival time                         -17.967    
  -------------------------------------------------------------------
                         slack                                 -2.551    

Slack (VIOLATED) :        -2.541ns  (required time - arrival time)
  Source:                 genloop[5].md5/passwd_bin2dec_str/quotient_reg[9]/C
                            (rising edge-triggered cell FDRE clocked by sys_clk_pin  {rise@0.000ns fall@5.000ns period=10.000ns})
  Destination:            genloop[5].md5/passwd_bin2dec_str/quotient_reg[10]/D
                            (rising edge-triggered cell FDRE clocked by sys_clk_pin  {rise@0.000ns fall@5.000ns period=10.000ns})
  Path Group:             sys_clk_pin
  Path Type:              Setup (Max at Slow Process Corner)
  Requirement:            10.000ns  (sys_clk_pin rise@10.000ns - sys_clk_pin rise@0.000ns)
  Data Path Delay:        12.521ns  (logic 5.518ns (44.071%)  route 7.003ns (55.929%))
  Logic Levels:           18  (CARRY4=11 LUT2=1 LUT3=2 LUT4=1 LUT6=3)
  Clock Path Skew:        -0.014ns (DCD - SCD + CPR)
    Destination Clock Delay (DCD):    5.008ns = ( 15.008 - 10.000 ) 
    Source Clock Delay      (SCD):    5.416ns
    Clock Pessimism Removal (CPR):    0.394ns
  Clock Uncertainty:      0.035ns  ((TSJ^2 + TIJ^2)^1/2 + DJ) / 2 + PE
    Total System Jitter     (TSJ):    0.071ns
    Total Input Jitter      (TIJ):    0.000ns
    Discrete Jitter          (DJ):    0.000ns
    Phase Error              (PE):    0.000ns

    Location             Delay type                Incr(ns)  Path(ns)    Netlist Resource(s)
  -------------------------------------------------------------------    -------------------
                         (clock sys_clk_pin rise edge)
                                                      0.000     0.000 r  
    Y9                                                0.000     0.000 r  clk (IN)
                         net (fo=0)                   0.000     0.000    clk
    Y9                   IBUF (Prop_ibuf_I_O)         1.490     1.490 r  clk_IBUF_inst/O
                         net (fo=1, routed)           2.171     3.661    clk_IBUF
    BUFGCTRL_X0Y0        BUFG (Prop_bufg_I_O)         0.101     3.762 r  clk_IBUF_BUFG_inst/O
                         net (fo=7352, routed)        1.654     5.416    genloop[5].md5/passwd_bin2dec_str/clk_IBUF_BUFG
    SLICE_X33Y58         FDRE                                         r  genloop[5].md5/passwd_bin2dec_str/quotient_reg[9]/C
  -------------------------------------------------------------------    -------------------
    SLICE_X33Y58         FDRE (Prop_fdre_C_Q)         0.456     5.872 r  genloop[5].md5/passwd_bin2dec_str/quotient_reg[9]/Q
                         net (fo=54, routed)          1.222     7.095    genloop[5].md5/passwd_bin2dec_str/quotient[9]
    SLICE_X37Y64         LUT3 (Prop_lut3_I1_O)        0.124     7.219 r  genloop[5].md5/passwd_bin2dec_str/quotient[12]_i_37__4/O
                         net (fo=3, routed)           0.684     7.903    genloop[5].md5/passwd_bin2dec_str/quotient[12]_i_37__4_n_0
    SLICE_X32Y61         CARRY4 (Prop_carry4_DI[0]_CO[3])
                                                      0.550     8.453 r  genloop[5].md5/passwd_bin2dec_str/quotient_reg[0]_i_22__4/CO[3]
                         net (fo=1, routed)           0.000     8.453    genloop[5].md5/passwd_bin2dec_str/quotient_reg[0]_i_22__4_n_0
    SLICE_X32Y62         CARRY4 (Prop_carry4_CI_CO[3])
                                                      0.117     8.570 r  genloop[5].md5/passwd_bin2dec_str/quotient_reg[4]_i_12__4/CO[3]
                         net (fo=1, routed)           0.000     8.570    genloop[5].md5/passwd_bin2dec_str/quotient_reg[4]_i_12__4_n_0
    SLICE_X32Y63         CARRY4 (Prop_carry4_CI_CO[3])
                                                      0.117     8.687 r  genloop[5].md5/passwd_bin2dec_str/quotient_reg[8]_i_12__4/CO[3]
                         net (fo=1, routed)           0.000     8.687    genloop[5].md5/passwd_bin2dec_str/quotient_reg[8]_i_12__4_n_0
    SLICE_X32Y64         CARRY4 (Prop_carry4_CI_CO[3])
                                                      0.117     8.804 r  genloop[5].md5/passwd_bin2dec_str/quotient_reg[12]_i_12__4/CO[3]
                         net (fo=1, routed)           0.000     8.804    genloop[5].md5/passwd_bin2dec_str/quotient_reg[12]_i_12__4_n_0
    SLICE_X32Y65         CARRY4 (Prop_carry4_CI_CO[2])
                                                      0.229     9.033 r  genloop[5].md5/passwd_bin2dec_str/quotient_reg[23]_i_15__4/CO[2]
                         net (fo=25, routed)          1.261    10.294    genloop[5].md5/passwd_bin2dec_str/quotient_reg[23]_i_15__4_n_1
    SLICE_X36Y66         LUT6 (Prop_lut6_I3_O)        0.310    10.604 r  genloop[5].md5/passwd_bin2dec_str/quotient[16]_i_4__4/O
                         net (fo=2, routed)           0.954    11.558    genloop[5].md5/passwd_bin2dec_str/quotient[16]_i_4__4_n_0
    SLICE_X30Y65         LUT6 (Prop_lut6_I0_O)        0.124    11.682 r  genloop[5].md5/passwd_bin2dec_str/quotient[16]_i_8__4/O
                         net (fo=1, routed)           0.000    11.682    genloop[5].md5/passwd_bin2dec_str/quotient[16]_i_8__4_n_0
    SLICE_X30Y65         CARRY4 (Prop_carry4_S[2]_CO[3])
                                                      0.380    12.062 r  genloop[5].md5/passwd_bin2dec_str/quotient_reg[16]_i_2__4/CO[3]
                         net (fo=1, routed)           0.000    12.062    genloop[5].md5/passwd_bin2dec_str/quotient_reg[16]_i_2__4_n_0
    SLICE_X30Y66         CARRY4 (Prop_carry4_CI_O[1])
                                                      0.323    12.385 r  genloop[5].md5/passwd_bin2dec_str/quotient_reg[20]_i_2__4/O[1]
                         net (fo=5, routed)           0.616    13.001    genloop[5].md5/passwd_bin2dec_str/quotient_reg[20]_i_2__4_n_6
    SLICE_X26Y65         LUT2 (Prop_lut2_I0_O)        0.306    13.307 r  genloop[5].md5/passwd_bin2dec_str/quotient[23]_i_57__4/O
                         net (fo=1, routed)           0.000    13.307    genloop[5].md5/passwd_bin2dec_str/quotient[23]_i_57__4_n_0
    SLICE_X26Y65         CARRY4 (Prop_carry4_S[1]_CO[3])
                                                      0.533    13.840 r  genloop[5].md5/passwd_bin2dec_str/quotient_reg[23]_i_41__4/CO[3]
                         net (fo=1, routed)           0.000    13.840    genloop[5].md5/passwd_bin2dec_str/quotient_reg[23]_i_41__4_n_0
    SLICE_X26Y66         CARRY4 (Prop_carry4_CI_O[0])
                                                      0.219    14.059 r  genloop[5].md5/passwd_bin2dec_str/quotient_reg[23]_i_20__4/O[0]
                         net (fo=3, routed)           0.880    14.939    genloop[5].md5/passwd_bin2dec_str/quotient_reg[23]_i_20__4_n_7
    SLICE_X29Y69         LUT4 (Prop_lut4_I1_O)        0.295    15.234 r  genloop[5].md5/passwd_bin2dec_str/quotient[23]_i_39__4/O
                         net (fo=1, routed)           0.000    15.234    genloop[5].md5/passwd_bin2dec_str/quotient[23]_i_39__4_n_0
    SLICE_X29Y69         CARRY4 (Prop_carry4_S[1]_CO[3])
                                                      0.550    15.784 r  genloop[5].md5/passwd_bin2dec_str/quotient_reg[23]_i_17__4/CO[3]
                         net (fo=1, routed)           0.000    15.784    genloop[5].md5/passwd_bin2dec_str/quotient_reg[23]_i_17__4_n_0
    SLICE_X29Y70         CARRY4 (Prop_carry4_CI_CO[0])
                                                      0.271    16.055 r  genloop[5].md5/passwd_bin2dec_str/quotient_reg[23]_i_10__4/CO[0]
                         net (fo=5, routed)           0.480    16.535    genloop[5].md5/passwd_bin2dec_str/quotient_reg[23]_i_10__4_n_3
    SLICE_X30Y68         LUT3 (Prop_lut3_I0_O)        0.373    16.908 r  genloop[5].md5/passwd_bin2dec_str/quotient[23]_i_3__4/O
                         net (fo=20, routed)          0.905    17.813    genloop[5].md5/passwd_bin2dec_str/quotient[23]_i_3__4_n_0
    SLICE_X29Y60         LUT6 (Prop_lut6_I2_O)        0.124    17.937 r  genloop[5].md5/passwd_bin2dec_str/quotient[10]_i_1__4/O
                         net (fo=1, routed)           0.000    17.937    genloop[5].md5/passwd_bin2dec_str/quotient[10]_i_1__4_n_0
    SLICE_X29Y60         FDRE                                         r  genloop[5].md5/passwd_bin2dec_str/quotient_reg[10]/D
  -------------------------------------------------------------------    -------------------

                         (clock sys_clk_pin rise edge)
                                                     10.000    10.000 r  
    Y9                                                0.000    10.000 r  clk (IN)
                         net (fo=0)                   0.000    10.000    clk
    Y9                   IBUF (Prop_ibuf_I_O)         1.420    11.420 r  clk_IBUF_inst/O
                         net (fo=1, routed)           1.972    13.392    clk_IBUF
    BUFGCTRL_X0Y0        BUFG (Prop_bufg_I_O)         0.091    13.483 r  clk_IBUF_BUFG_inst/O
                         net (fo=7352, routed)        1.526    15.008    genloop[5].md5/passwd_bin2dec_str/clk_IBUF_BUFG
    SLICE_X29Y60         FDRE                                         r  genloop[5].md5/passwd_bin2dec_str/quotient_reg[10]/C
                         clock pessimism              0.394    15.402    
                         clock uncertainty           -0.035    15.367    
    SLICE_X29Y60         FDRE (Setup_fdre_C_D)        0.029    15.396    genloop[5].md5/passwd_bin2dec_str/quotient_reg[10]
  -------------------------------------------------------------------
                         required time                         15.396    
                         arrival time                         -17.937    
  -------------------------------------------------------------------
                         slack                                 -2.541    

Slack (VIOLATED) :        -2.537ns  (required time - arrival time)
  Source:                 genloop[4].md5/passwd_bin2dec_str/quotient_reg[5]/C
                            (rising edge-triggered cell FDRE clocked by sys_clk_pin  {rise@0.000ns fall@5.000ns period=10.000ns})
  Destination:            genloop[4].md5/passwd_bin2dec_str/quotient_reg[6]/D
                            (rising edge-triggered cell FDRE clocked by sys_clk_pin  {rise@0.000ns fall@5.000ns period=10.000ns})
  Path Group:             sys_clk_pin
  Path Type:              Setup (Max at Slow Process Corner)
  Requirement:            10.000ns  (sys_clk_pin rise@10.000ns - sys_clk_pin rise@0.000ns)
  Data Path Delay:        12.554ns  (logic 5.898ns (46.982%)  route 6.656ns (53.018%))
  Logic Levels:           20  (CARRY4=12 LUT2=1 LUT3=3 LUT4=1 LUT5=1 LUT6=2)
  Clock Path Skew:        -0.025ns (DCD - SCD + CPR)
    Destination Clock Delay (DCD):    5.011ns = ( 15.011 - 10.000 ) 
    Source Clock Delay      (SCD):    5.465ns
    Clock Pessimism Removal (CPR):    0.429ns
  Clock Uncertainty:      0.035ns  ((TSJ^2 + TIJ^2)^1/2 + DJ) / 2 + PE
    Total System Jitter     (TSJ):    0.071ns
    Total Input Jitter      (TIJ):    0.000ns
    Discrete Jitter          (DJ):    0.000ns
    Phase Error              (PE):    0.000ns

    Location             Delay type                Incr(ns)  Path(ns)    Netlist Resource(s)
  -------------------------------------------------------------------    -------------------
                         (clock sys_clk_pin rise edge)
                                                      0.000     0.000 r  
    Y9                                                0.000     0.000 r  clk (IN)
                         net (fo=0)                   0.000     0.000    clk
    Y9                   IBUF (Prop_ibuf_I_O)         1.490     1.490 r  clk_IBUF_inst/O
                         net (fo=1, routed)           2.171     3.661    clk_IBUF
    BUFGCTRL_X0Y0        BUFG (Prop_bufg_I_O)         0.101     3.762 r  clk_IBUF_BUFG_inst/O
                         net (fo=7352, routed)        1.703     5.465    genloop[4].md5/passwd_bin2dec_str/clk_IBUF_BUFG
    SLICE_X30Y97         FDRE                                         r  genloop[4].md5/passwd_bin2dec_str/quotient_reg[5]/C
  -------------------------------------------------------------------    -------------------
    SLICE_X30Y97         FDRE (Prop_fdre_C_Q)         0.518     5.983 f  genloop[4].md5/passwd_bin2dec_str/quotient_reg[5]/Q
                         net (fo=65, routed)          0.848     6.832    genloop[4].md5/passwd_bin2dec_str/quotient[5]
    SLICE_X30Y95         LUT3 (Prop_lut3_I0_O)        0.124     6.956 r  genloop[4].md5/passwd_bin2dec_str/quotient[0]_i_86__3/O
                         net (fo=4, routed)           0.968     7.924    genloop[4].md5/passwd_bin2dec_str/quotient[0]_i_86__3_n_0
    SLICE_X32Y99         CARRY4 (Prop_carry4_DI[2]_CO[3])
                                                      0.404     8.328 r  genloop[4].md5/passwd_bin2dec_str/quotient_reg[0]_i_40__3/CO[3]
                         net (fo=1, routed)           0.001     8.329    genloop[4].md5/passwd_bin2dec_str/quotient_reg[0]_i_40__3_n_0
    SLICE_X32Y100        CARRY4 (Prop_carry4_CI_CO[3])
                                                      0.117     8.446 r  genloop[4].md5/passwd_bin2dec_str/quotient_reg[0]_i_23__3/CO[3]
                         net (fo=1, routed)           0.000     8.446    genloop[4].md5/passwd_bin2dec_str/quotient_reg[0]_i_23__3_n_0
    SLICE_X32Y101        CARRY4 (Prop_carry4_CI_CO[3])
                                                      0.117     8.563 r  genloop[4].md5/passwd_bin2dec_str/quotient_reg[4]_i_13__3/CO[3]
                         net (fo=1, routed)           0.000     8.563    genloop[4].md5/passwd_bin2dec_str/quotient_reg[4]_i_13__3_n_0
    SLICE_X32Y102        CARRY4 (Prop_carry4_CI_O[1])
                                                      0.323     8.886 r  genloop[4].md5/passwd_bin2dec_str/quotient_reg[8]_i_13__3/O[1]
                         net (fo=3, routed)           0.888     9.774    genloop[4].md5/passwd_bin2dec_str/quotient_reg[8]_i_13__3_n_6
    SLICE_X26Y103        LUT3 (Prop_lut3_I2_O)        0.306    10.080 r  genloop[4].md5/passwd_bin2dec_str/quotient[8]_i_18__3/O
                         net (fo=2, routed)           0.861    10.940    genloop[4].md5/passwd_bin2dec_str/quotient[8]_i_18__3_n_0
    SLICE_X36Y103        LUT5 (Prop_lut5_I1_O)        0.124    11.064 r  genloop[4].md5/passwd_bin2dec_str/quotient[8]_i_6__3/O
                         net (fo=2, routed)           0.487    11.551    genloop[4].md5/passwd_bin2dec_str/quotient[8]_i_6__3_n_0
    SLICE_X34Y102        LUT6 (Prop_lut6_I0_O)        0.124    11.675 r  genloop[4].md5/passwd_bin2dec_str/quotient[8]_i_10__3/O
                         net (fo=1, routed)           0.000    11.675    genloop[4].md5/passwd_bin2dec_str/quotient[8]_i_10__3_n_0
    SLICE_X34Y102        CARRY4 (Prop_carry4_S[0]_CO[3])
                                                      0.513    12.188 r  genloop[4].md5/passwd_bin2dec_str/quotient_reg[8]_i_2__3/CO[3]
                         net (fo=1, routed)           0.000    12.188    genloop[4].md5/passwd_bin2dec_str/quotient_reg[8]_i_2__3_n_0
    SLICE_X34Y103        CARRY4 (Prop_carry4_CI_O[1])
                                                      0.323    12.511 r  genloop[4].md5/passwd_bin2dec_str/quotient_reg[12]_i_2__3/O[1]
                         net (fo=5, routed)           0.470    12.981    genloop[4].md5/passwd_bin2dec_str/quotient_reg[12]_i_2__3_n_6
    SLICE_X35Y102        LUT2 (Prop_lut2_I0_O)        0.306    13.287 r  genloop[4].md5/passwd_bin2dec_str/quotient[23]_i_85__3/O
                         net (fo=1, routed)           0.000    13.287    genloop[4].md5/passwd_bin2dec_str/quotient[23]_i_85__3_n_0
    SLICE_X35Y102        CARRY4 (Prop_carry4_S[1]_CO[3])
                                                      0.550    13.837 r  genloop[4].md5/passwd_bin2dec_str/quotient_reg[23]_i_68__3/CO[3]
                         net (fo=1, routed)           0.000    13.837    genloop[4].md5/passwd_bin2dec_str/quotient_reg[23]_i_68__3_n_0
    SLICE_X35Y103        CARRY4 (Prop_carry4_CI_O[0])
                                                      0.222    14.059 r  genloop[4].md5/passwd_bin2dec_str/quotient_reg[23]_i_54__3/O[0]
                         net (fo=3, routed)           0.818    14.877    genloop[4].md5/passwd_bin2dec_str/quotient_reg[23]_i_54__3_n_7
    SLICE_X33Y103        LUT4 (Prop_lut4_I2_O)        0.299    15.176 r  genloop[4].md5/passwd_bin2dec_str/quotient[23]_i_67__3/O
                         net (fo=1, routed)           0.000    15.176    genloop[4].md5/passwd_bin2dec_str/quotient[23]_i_67__3_n_0
    SLICE_X33Y103        CARRY4 (Prop_carry4_S[0]_CO[3])
                                                      0.532    15.708 r  genloop[4].md5/passwd_bin2dec_str/quotient_reg[23]_i_45__3/CO[3]
                         net (fo=1, routed)           0.000    15.708    genloop[4].md5/passwd_bin2dec_str/quotient_reg[23]_i_45__3_n_0
    SLICE_X33Y104        CARRY4 (Prop_carry4_CI_CO[3])
                                                      0.114    15.822 r  genloop[4].md5/passwd_bin2dec_str/quotient_reg[23]_i_32__3/CO[3]
                         net (fo=1, routed)           0.000    15.822    genloop[4].md5/passwd_bin2dec_str/quotient_reg[23]_i_32__3_n_0
    SLICE_X33Y105        CARRY4 (Prop_carry4_CI_CO[3])
                                                      0.114    15.936 r  genloop[4].md5/passwd_bin2dec_str/quotient_reg[23]_i_17__3/CO[3]
                         net (fo=1, routed)           0.000    15.936    genloop[4].md5/passwd_bin2dec_str/quotient_reg[23]_i_17__3_n_0
    SLICE_X33Y106        CARRY4 (Prop_carry4_CI_CO[0])
                                                      0.271    16.207 r  genloop[4].md5/passwd_bin2dec_str/quotient_reg[23]_i_10__3/CO[0]
                         net (fo=2, routed)           0.325    16.532    genloop[4].md5/passwd_bin2dec_str/quotient_reg[23]_i_10__3_n_3
    SLICE_X32Y107        LUT3 (Prop_lut3_I0_O)        0.373    16.905 r  genloop[4].md5/passwd_bin2dec_str/quotient[23]_i_3__3/O
                         net (fo=23, routed)          0.990    17.895    genloop[4].md5/passwd_bin2dec_str/quotient[23]_i_3__3_n_0
    SLICE_X30Y98         LUT6 (Prop_lut6_I2_O)        0.124    18.019 r  genloop[4].md5/passwd_bin2dec_str/quotient[6]_i_1__3/O
                         net (fo=1, routed)           0.000    18.019    genloop[4].md5/passwd_bin2dec_str/quotient[6]_i_1__3_n_0
    SLICE_X30Y98         FDRE                                         r  genloop[4].md5/passwd_bin2dec_str/quotient_reg[6]/D
  -------------------------------------------------------------------    -------------------

                         (clock sys_clk_pin rise edge)
                                                     10.000    10.000 r  
    Y9                                                0.000    10.000 r  clk (IN)
                         net (fo=0)                   0.000    10.000    clk
    Y9                   IBUF (Prop_ibuf_I_O)         1.420    11.420 r  clk_IBUF_inst/O
                         net (fo=1, routed)           1.972    13.392    clk_IBUF
    BUFGCTRL_X0Y0        BUFG (Prop_bufg_I_O)         0.091    13.483 r  clk_IBUF_BUFG_inst/O
                         net (fo=7352, routed)        1.529    15.011    genloop[4].md5/passwd_bin2dec_str/clk_IBUF_BUFG
    SLICE_X30Y98         FDRE                                         r  genloop[4].md5/passwd_bin2dec_str/quotient_reg[6]/C
                         clock pessimism              0.429    15.440    
                         clock uncertainty           -0.035    15.405    
    SLICE_X30Y98         FDRE (Setup_fdre_C_D)        0.077    15.482    genloop[4].md5/passwd_bin2dec_str/quotient_reg[6]
  -------------------------------------------------------------------
                         required time                         15.482    
                         arrival time                         -18.019    
  -------------------------------------------------------------------
                         slack                                 -2.537    





Min Delay Paths
--------------------------------------------------------------------------------------
Slack (MET) :             0.035ns  (arrival time - required time)
  Source:                 rkRAM/k_reg[5][30]/C
                            (rising edge-triggered cell FDSE clocked by sys_clk_pin  {rise@0.000ns fall@5.000ns period=10.000ns})
  Destination:            rkRAM/k_reg[4][30]/D
                            (rising edge-triggered cell FDSE clocked by sys_clk_pin  {rise@0.000ns fall@5.000ns period=10.000ns})
  Path Group:             sys_clk_pin
  Path Type:              Hold (Min at Fast Process Corner)
  Requirement:            0.000ns  (sys_clk_pin rise@0.000ns - sys_clk_pin rise@0.000ns)
  Data Path Delay:        0.356ns  (logic 0.141ns (39.662%)  route 0.215ns (60.338%))
  Logic Levels:           0  
  Clock Path Skew:        0.261ns (DCD - SCD - CPR)
    Destination Clock Delay (DCD):    2.103ns
    Source Clock Delay      (SCD):    1.586ns
    Clock Pessimism Removal (CPR):    0.255ns

    Location             Delay type                Incr(ns)  Path(ns)    Netlist Resource(s)
  -------------------------------------------------------------------    -------------------
                         (clock sys_clk_pin rise edge)
                                                      0.000     0.000 r  
    Y9                                                0.000     0.000 r  clk (IN)
                         net (fo=0)                   0.000     0.000    clk
    Y9                   IBUF (Prop_ibuf_I_O)         0.258     0.258 r  clk_IBUF_inst/O
                         net (fo=1, routed)           0.663     0.921    clk_IBUF
    BUFGCTRL_X0Y0        BUFG (Prop_bufg_I_O)         0.026     0.947 r  clk_IBUF_BUFG_inst/O
                         net (fo=7352, routed)        0.639     1.586    rkRAM/clk_IBUF_BUFG
    SLICE_X49Y104        FDSE                                         r  rkRAM/k_reg[5][30]/C
  -------------------------------------------------------------------    -------------------
    SLICE_X49Y104        FDSE (Prop_fdse_C_Q)         0.141     1.727 r  rkRAM/k_reg[5][30]/Q
                         net (fo=1, routed)           0.215     1.942    rkRAM/k_reg[5][30]
    SLICE_X50Y102        FDSE                                         r  rkRAM/k_reg[4][30]/D
  -------------------------------------------------------------------    -------------------

                         (clock sys_clk_pin rise edge)
                                                      0.000     0.000 r  
    Y9                                                0.000     0.000 r  clk (IN)
                         net (fo=0)                   0.000     0.000    clk
    Y9                   IBUF (Prop_ibuf_I_O)         0.446     0.446 r  clk_IBUF_inst/O
                         net (fo=1, routed)           0.719     1.165    clk_IBUF
    BUFGCTRL_X0Y0        BUFG (Prop_bufg_I_O)         0.029     1.194 r  clk_IBUF_BUFG_inst/O
                         net (fo=7352, routed)        0.909     2.103    rkRAM/clk_IBUF_BUFG
    SLICE_X50Y102        FDSE                                         r  rkRAM/k_reg[4][30]/C
                         clock pessimism             -0.255     1.848    
    SLICE_X50Y102        FDSE (Hold_fdse_C_D)         0.059     1.907    rkRAM/k_reg[4][30]
  -------------------------------------------------------------------
                         required time                         -1.907    
                         arrival time                           1.942    
  -------------------------------------------------------------------
                         slack                                  0.035    

Slack (MET) :             0.041ns  (arrival time - required time)
  Source:                 rkRAM/k_reg[44][24]/C
                            (rising edge-triggered cell FDSE clocked by sys_clk_pin  {rise@0.000ns fall@5.000ns period=10.000ns})
  Destination:            rkRAM/k_reg[40][24]_srl4___rkRAM_k_reg_r_14/D
                            (rising edge-triggered cell SRL16E clocked by sys_clk_pin  {rise@0.000ns fall@5.000ns period=10.000ns})
  Path Group:             sys_clk_pin
  Path Type:              Hold (Min at Fast Process Corner)
  Requirement:            0.000ns  (sys_clk_pin rise@0.000ns - sys_clk_pin rise@0.000ns)
  Data Path Delay:        0.257ns  (logic 0.141ns (54.785%)  route 0.116ns (45.215%))
  Logic Levels:           0  
  Clock Path Skew:        0.033ns (DCD - SCD - CPR)
    Destination Clock Delay (DCD):    2.038ns
    Source Clock Delay      (SCD):    1.524ns
    Clock Pessimism Removal (CPR):    0.481ns

    Location             Delay type                Incr(ns)  Path(ns)    Netlist Resource(s)
  -------------------------------------------------------------------    -------------------
                         (clock sys_clk_pin rise edge)
                                                      0.000     0.000 r  
    Y9                                                0.000     0.000 r  clk (IN)
                         net (fo=0)                   0.000     0.000    clk
    Y9                   IBUF (Prop_ibuf_I_O)         0.258     0.258 r  clk_IBUF_inst/O
                         net (fo=1, routed)           0.663     0.921    clk_IBUF
    BUFGCTRL_X0Y0        BUFG (Prop_bufg_I_O)         0.026     0.947 r  clk_IBUF_BUFG_inst/O
                         net (fo=7352, routed)        0.577     1.524    rkRAM/clk_IBUF_BUFG
    SLICE_X29Y92         FDSE                                         r  rkRAM/k_reg[44][24]/C
  -------------------------------------------------------------------    -------------------
    SLICE_X29Y92         FDSE (Prop_fdse_C_Q)         0.141     1.665 r  rkRAM/k_reg[44][24]/Q
                         net (fo=1, routed)           0.116     1.781    rkRAM/k_reg[44][24]
    SLICE_X26Y92         SRL16E                                       r  rkRAM/k_reg[40][24]_srl4___rkRAM_k_reg_r_14/D
  -------------------------------------------------------------------    -------------------

                         (clock sys_clk_pin rise edge)
                                                      0.000     0.000 r  
    Y9                                                0.000     0.000 r  clk (IN)
                         net (fo=0)                   0.000     0.000    clk
    Y9                   IBUF (Prop_ibuf_I_O)         0.446     0.446 r  clk_IBUF_inst/O
                         net (fo=1, routed)           0.719     1.165    clk_IBUF
    BUFGCTRL_X0Y0        BUFG (Prop_bufg_I_O)         0.029     1.194 r  clk_IBUF_BUFG_inst/O
                         net (fo=7352, routed)        0.844     2.038    rkRAM/clk_IBUF_BUFG
    SLICE_X26Y92         SRL16E                                       r  rkRAM/k_reg[40][24]_srl4___rkRAM_k_reg_r_14/CLK
                         clock pessimism             -0.481     1.557    
    SLICE_X26Y92         SRL16E (Hold_srl16e_CLK_D)
                                                      0.183     1.740    rkRAM/k_reg[40][24]_srl4___rkRAM_k_reg_r_14
  -------------------------------------------------------------------
                         required time                         -1.740    
                         arrival time                           1.781    
  -------------------------------------------------------------------
                         slack                                  0.041    

Slack (MET) :             0.042ns  (arrival time - required time)
  Source:                 rkRAM/k_reg[57][24]/C
                            (rising edge-triggered cell FDRE clocked by sys_clk_pin  {rise@0.000ns fall@5.000ns period=10.000ns})
  Destination:            rkRAM/k_reg[54][24]_srl3____rkRAM_k_reg_s_1/D
                            (rising edge-triggered cell SRL16E clocked by sys_clk_pin  {rise@0.000ns fall@5.000ns period=10.000ns})
  Path Group:             sys_clk_pin
  Path Type:              Hold (Min at Fast Process Corner)
  Requirement:            0.000ns  (sys_clk_pin rise@0.000ns - sys_clk_pin rise@0.000ns)
  Data Path Delay:        0.256ns  (logic 0.141ns (55.071%)  route 0.115ns (44.929%))
  Logic Levels:           0  
  Clock Path Skew:        0.031ns (DCD - SCD - CPR)
    Destination Clock Delay (DCD):    2.032ns
    Source Clock Delay      (SCD):    1.520ns
    Clock Pessimism Removal (CPR):    0.481ns

    Location             Delay type                Incr(ns)  Path(ns)    Netlist Resource(s)
  -------------------------------------------------------------------    -------------------
                         (clock sys_clk_pin rise edge)
                                                      0.000     0.000 r  
    Y9                                                0.000     0.000 r  clk (IN)
                         net (fo=0)                   0.000     0.000    clk
    Y9                   IBUF (Prop_ibuf_I_O)         0.258     0.258 r  clk_IBUF_inst/O
                         net (fo=1, routed)           0.663     0.921    clk_IBUF
    BUFGCTRL_X0Y0        BUFG (Prop_bufg_I_O)         0.026     0.947 r  clk_IBUF_BUFG_inst/O
                         net (fo=7352, routed)        0.573     1.520    rkRAM/clk_IBUF_BUFG
    SLICE_X29Y83         FDRE                                         r  rkRAM/k_reg[57][24]/C
  -------------------------------------------------------------------    -------------------
    SLICE_X29Y83         FDRE (Prop_fdre_C_Q)         0.141     1.661 r  rkRAM/k_reg[57][24]/Q
                         net (fo=1, routed)           0.115     1.776    rkRAM/k_reg[57][24]
    SLICE_X26Y83         SRL16E                                       r  rkRAM/k_reg[54][24]_srl3____rkRAM_k_reg_s_1/D
  -------------------------------------------------------------------    -------------------

                         (clock sys_clk_pin rise edge)
                                                      0.000     0.000 r  
    Y9                                                0.000     0.000 r  clk (IN)
                         net (fo=0)                   0.000     0.000    clk
    Y9                   IBUF (Prop_ibuf_I_O)         0.446     0.446 r  clk_IBUF_inst/O
                         net (fo=1, routed)           0.719     1.165    clk_IBUF
    BUFGCTRL_X0Y0        BUFG (Prop_bufg_I_O)         0.029     1.194 r  clk_IBUF_BUFG_inst/O
                         net (fo=7352, routed)        0.838     2.032    rkRAM/clk_IBUF_BUFG
    SLICE_X26Y83         SRL16E                                       r  rkRAM/k_reg[54][24]_srl3____rkRAM_k_reg_s_1/CLK
                         clock pessimism             -0.481     1.551    
    SLICE_X26Y83         SRL16E (Hold_srl16e_CLK_D)
                                                      0.183     1.734    rkRAM/k_reg[54][24]_srl3____rkRAM_k_reg_s_1
  -------------------------------------------------------------------
                         required time                         -1.734    
                         arrival time                           1.776    
  -------------------------------------------------------------------
                         slack                                  0.042    

Slack (MET) :             0.046ns  (arrival time - required time)
  Source:                 rkRAM/k_reg[10][16]/C
                            (rising edge-triggered cell FDSE clocked by sys_clk_pin  {rise@0.000ns fall@5.000ns period=10.000ns})
  Destination:            rkRAM/k_reg[8][16]_srl2___rkRAM_k_reg_r_12/D
                            (rising edge-triggered cell SRL16E clocked by sys_clk_pin  {rise@0.000ns fall@5.000ns period=10.000ns})
  Path Group:             sys_clk_pin
  Path Type:              Hold (Min at Fast Process Corner)
  Requirement:            0.000ns  (sys_clk_pin rise@0.000ns - sys_clk_pin rise@0.000ns)
  Data Path Delay:        0.260ns  (logic 0.141ns (54.228%)  route 0.119ns (45.773%))
  Logic Levels:           0  
  Clock Path Skew:        0.031ns (DCD - SCD - CPR)
    Destination Clock Delay (DCD):    2.034ns
    Source Clock Delay      (SCD):    1.522ns
    Clock Pessimism Removal (CPR):    0.481ns

    Location             Delay type                Incr(ns)  Path(ns)    Netlist Resource(s)
  -------------------------------------------------------------------    -------------------
                         (clock sys_clk_pin rise edge)
                                                      0.000     0.000 r  
    Y9                                                0.000     0.000 r  clk (IN)
                         net (fo=0)                   0.000     0.000    clk
    Y9                   IBUF (Prop_ibuf_I_O)         0.258     0.258 r  clk_IBUF_inst/O
                         net (fo=1, routed)           0.663     0.921    clk_IBUF
    BUFGCTRL_X0Y0        BUFG (Prop_bufg_I_O)         0.026     0.947 r  clk_IBUF_BUFG_inst/O
                         net (fo=7352, routed)        0.575     1.522    rkRAM/clk_IBUF_BUFG
    SLICE_X28Y87         FDSE                                         r  rkRAM/k_reg[10][16]/C
  -------------------------------------------------------------------    -------------------
    SLICE_X28Y87         FDSE (Prop_fdse_C_Q)         0.141     1.663 r  rkRAM/k_reg[10][16]/Q
                         net (fo=1, routed)           0.119     1.782    rkRAM/k_reg[10][16]
    SLICE_X26Y86         SRL16E                                       r  rkRAM/k_reg[8][16]_srl2___rkRAM_k_reg_r_12/D
  -------------------------------------------------------------------    -------------------

                         (clock sys_clk_pin rise edge)
                                                      0.000     0.000 r  
    Y9                                                0.000     0.000 r  clk (IN)
                         net (fo=0)                   0.000     0.000    clk
    Y9                   IBUF (Prop_ibuf_I_O)         0.446     0.446 r  clk_IBUF_inst/O
                         net (fo=1, routed)           0.719     1.165    clk_IBUF
    BUFGCTRL_X0Y0        BUFG (Prop_bufg_I_O)         0.029     1.194 r  clk_IBUF_BUFG_inst/O
                         net (fo=7352, routed)        0.840     2.034    rkRAM/clk_IBUF_BUFG
    SLICE_X26Y86         SRL16E                                       r  rkRAM/k_reg[8][16]_srl2___rkRAM_k_reg_r_12/CLK
                         clock pessimism             -0.481     1.553    
    SLICE_X26Y86         SRL16E (Hold_srl16e_CLK_D)
                                                      0.183     1.736    rkRAM/k_reg[8][16]_srl2___rkRAM_k_reg_r_12
  -------------------------------------------------------------------
                         required time                         -1.736    
                         arrival time                           1.782    
  -------------------------------------------------------------------
                         slack                                  0.046    

Slack (MET) :             0.047ns  (arrival time - required time)
  Source:                 rkRAM/k_reg[41][19]/C
                            (rising edge-triggered cell FDRE clocked by sys_clk_pin  {rise@0.000ns fall@5.000ns period=10.000ns})
  Destination:            rkRAM/k_reg[38][19]_srl3____rkRAM_k_reg_s_1/D
                            (rising edge-triggered cell SRL16E clocked by sys_clk_pin  {rise@0.000ns fall@5.000ns period=10.000ns})
  Path Group:             sys_clk_pin
  Path Type:              Hold (Min at Fast Process Corner)
  Requirement:            0.000ns  (sys_clk_pin rise@0.000ns - sys_clk_pin rise@0.000ns)
  Data Path Delay:        0.260ns  (logic 0.141ns (54.313%)  route 0.119ns (45.687%))
  Logic Levels:           0  
  Clock Path Skew:        0.030ns (DCD - SCD - CPR)
    Destination Clock Delay (DCD):    2.026ns
    Source Clock Delay      (SCD):    1.515ns
    Clock Pessimism Removal (CPR):    0.481ns

    Location             Delay type                Incr(ns)  Path(ns)    Netlist Resource(s)
  -------------------------------------------------------------------    -------------------
                         (clock sys_clk_pin rise edge)
                                                      0.000     0.000 r  
    Y9                                                0.000     0.000 r  clk (IN)
                         net (fo=0)                   0.000     0.000    clk
    Y9                   IBUF (Prop_ibuf_I_O)         0.258     0.258 r  clk_IBUF_inst/O
                         net (fo=1, routed)           0.663     0.921    clk_IBUF
    BUFGCTRL_X0Y0        BUFG (Prop_bufg_I_O)         0.026     0.947 r  clk_IBUF_BUFG_inst/O
                         net (fo=7352, routed)        0.568     1.515    rkRAM/clk_IBUF_BUFG
    SLICE_X28Y77         FDRE                                         r  rkRAM/k_reg[41][19]/C
  -------------------------------------------------------------------    -------------------
    SLICE_X28Y77         FDRE (Prop_fdre_C_Q)         0.141     1.656 r  rkRAM/k_reg[41][19]/Q
                         net (fo=1, routed)           0.119     1.775    rkRAM/k_reg[41][19]
    SLICE_X26Y77         SRL16E                                       r  rkRAM/k_reg[38][19]_srl3____rkRAM_k_reg_s_1/D
  -------------------------------------------------------------------    -------------------

                         (clock sys_clk_pin rise edge)
                                                      0.000     0.000 r  
    Y9                                                0.000     0.000 r  clk (IN)
                         net (fo=0)                   0.000     0.000    clk
    Y9                   IBUF (Prop_ibuf_I_O)         0.446     0.446 r  clk_IBUF_inst/O
                         net (fo=1, routed)           0.719     1.165    clk_IBUF
    BUFGCTRL_X0Y0        BUFG (Prop_bufg_I_O)         0.029     1.194 r  clk_IBUF_BUFG_inst/O
                         net (fo=7352, routed)        0.832     2.026    rkRAM/clk_IBUF_BUFG
    SLICE_X26Y77         SRL16E                                       r  rkRAM/k_reg[38][19]_srl3____rkRAM_k_reg_s_1/CLK
                         clock pessimism             -0.481     1.545    
    SLICE_X26Y77         SRL16E (Hold_srl16e_CLK_D)
                                                      0.183     1.728    rkRAM/k_reg[38][19]_srl3____rkRAM_k_reg_s_1
  -------------------------------------------------------------------
                         required time                         -1.728    
                         arrival time                           1.775    
  -------------------------------------------------------------------
                         slack                                  0.047    

Slack (MET) :             0.054ns  (arrival time - required time)
  Source:                 rkRAM/k_reg[51][2]/C
                            (rising edge-triggered cell FDRE clocked by sys_clk_pin  {rise@0.000ns fall@5.000ns period=10.000ns})
  Destination:            rkRAM/k_reg[49][2]_srl2____rkRAM_k_reg_s_0/D
                            (rising edge-triggered cell SRL16E clocked by sys_clk_pin  {rise@0.000ns fall@5.000ns period=10.000ns})
  Path Group:             sys_clk_pin
  Path Type:              Hold (Min at Fast Process Corner)
  Requirement:            0.000ns  (sys_clk_pin rise@0.000ns - sys_clk_pin rise@0.000ns)
  Data Path Delay:        0.254ns  (logic 0.141ns (55.511%)  route 0.113ns (44.489%))
  Logic Levels:           0  
  Clock Path Skew:        0.017ns (DCD - SCD - CPR)
    Destination Clock Delay (DCD):    2.022ns
    Source Clock Delay      (SCD):    1.507ns
    Clock Pessimism Removal (CPR):    0.498ns

    Location             Delay type                Incr(ns)  Path(ns)    Netlist Resource(s)
  -------------------------------------------------------------------    -------------------
                         (clock sys_clk_pin rise edge)
                                                      0.000     0.000 r  
    Y9                                                0.000     0.000 r  clk (IN)
                         net (fo=0)                   0.000     0.000    clk
    Y9                   IBUF (Prop_ibuf_I_O)         0.258     0.258 r  clk_IBUF_inst/O
                         net (fo=1, routed)           0.663     0.921    clk_IBUF
    BUFGCTRL_X0Y0        BUFG (Prop_bufg_I_O)         0.026     0.947 r  clk_IBUF_BUFG_inst/O
                         net (fo=7352, routed)        0.560     1.507    rkRAM/clk_IBUF_BUFG
    SLICE_X35Y53         FDRE                                         r  rkRAM/k_reg[51][2]/C
  -------------------------------------------------------------------    -------------------
    SLICE_X35Y53         FDRE (Prop_fdre_C_Q)         0.141     1.648 r  rkRAM/k_reg[51][2]/Q
                         net (fo=1, routed)           0.113     1.761    rkRAM/k_reg[51][2]
    SLICE_X34Y52         SRL16E                                       r  rkRAM/k_reg[49][2]_srl2____rkRAM_k_reg_s_0/D
  -------------------------------------------------------------------    -------------------

                         (clock sys_clk_pin rise edge)
                                                      0.000     0.000 r  
    Y9                                                0.000     0.000 r  clk (IN)
                         net (fo=0)                   0.000     0.000    clk
    Y9                   IBUF (Prop_ibuf_I_O)         0.446     0.446 r  clk_IBUF_inst/O
                         net (fo=1, routed)           0.719     1.165    clk_IBUF
    BUFGCTRL_X0Y0        BUFG (Prop_bufg_I_O)         0.029     1.194 r  clk_IBUF_BUFG_inst/O
                         net (fo=7352, routed)        0.828     2.022    rkRAM/clk_IBUF_BUFG
    SLICE_X34Y52         SRL16E                                       r  rkRAM/k_reg[49][2]_srl2____rkRAM_k_reg_s_0/CLK
                         clock pessimism             -0.498     1.524    
    SLICE_X34Y52         SRL16E (Hold_srl16e_CLK_D)
                                                      0.183     1.707    rkRAM/k_reg[49][2]_srl2____rkRAM_k_reg_s_0
  -------------------------------------------------------------------
                         required time                         -1.707    
                         arrival time                           1.761    
  -------------------------------------------------------------------
                         slack                                  0.054    

Slack (MET) :             0.055ns  (arrival time - required time)
  Source:                 rkRAM/k_reg[59][14]/C
                            (rising edge-triggered cell FDRE clocked by sys_clk_pin  {rise@0.000ns fall@5.000ns period=10.000ns})
  Destination:            rkRAM/k_reg[54][14]_srl5____rkRAM_k_reg_s_3/D
                            (rising edge-triggered cell SRL16E clocked by sys_clk_pin  {rise@0.000ns fall@5.000ns period=10.000ns})
  Path Group:             sys_clk_pin
  Path Type:              Hold (Min at Fast Process Corner)
  Requirement:            0.000ns  (sys_clk_pin rise@0.000ns - sys_clk_pin rise@0.000ns)
  Data Path Delay:        0.253ns  (logic 0.141ns (55.730%)  route 0.112ns (44.270%))
  Logic Levels:           0  
  Clock Path Skew:        0.015ns (DCD - SCD - CPR)
    Destination Clock Delay (DCD):    2.124ns
    Source Clock Delay      (SCD):    1.604ns
    Clock Pessimism Removal (CPR):    0.505ns

    Location             Delay type                Incr(ns)  Path(ns)    Netlist Resource(s)
  -------------------------------------------------------------------    -------------------
                         (clock sys_clk_pin rise edge)
                                                      0.000     0.000 r  
    Y9                                                0.000     0.000 r  clk (IN)
                         net (fo=0)                   0.000     0.000    clk
    Y9                   IBUF (Prop_ibuf_I_O)         0.258     0.258 r  clk_IBUF_inst/O
                         net (fo=1, routed)           0.663     0.921    clk_IBUF
    BUFGCTRL_X0Y0        BUFG (Prop_bufg_I_O)         0.026     0.947 r  clk_IBUF_BUFG_inst/O
                         net (fo=7352, routed)        0.657     1.604    rkRAM/clk_IBUF_BUFG
    SLICE_X27Y106        FDRE                                         r  rkRAM/k_reg[59][14]/C
  -------------------------------------------------------------------    -------------------
    SLICE_X27Y106        FDRE (Prop_fdre_C_Q)         0.141     1.745 r  rkRAM/k_reg[59][14]/Q
                         net (fo=1, routed)           0.112     1.857    rkRAM/k_reg[59][14]
    SLICE_X26Y107        SRL16E                                       r  rkRAM/k_reg[54][14]_srl5____rkRAM_k_reg_s_3/D
  -------------------------------------------------------------------    -------------------

                         (clock sys_clk_pin rise edge)
                                                      0.000     0.000 r  
    Y9                                                0.000     0.000 r  clk (IN)
                         net (fo=0)                   0.000     0.000    clk
    Y9                   IBUF (Prop_ibuf_I_O)         0.446     0.446 r  clk_IBUF_inst/O
                         net (fo=1, routed)           0.719     1.165    clk_IBUF
    BUFGCTRL_X0Y0        BUFG (Prop_bufg_I_O)         0.029     1.194 r  clk_IBUF_BUFG_inst/O
                         net (fo=7352, routed)        0.930     2.124    rkRAM/clk_IBUF_BUFG
    SLICE_X26Y107        SRL16E                                       r  rkRAM/k_reg[54][14]_srl5____rkRAM_k_reg_s_3/CLK
                         clock pessimism             -0.505     1.619    
    SLICE_X26Y107        SRL16E (Hold_srl16e_CLK_D)
                                                      0.183     1.802    rkRAM/k_reg[54][14]_srl5____rkRAM_k_reg_s_3
  -------------------------------------------------------------------
                         required time                         -1.802    
                         arrival time                           1.857    
  -------------------------------------------------------------------
                         slack                                  0.055    

Slack (MET) :             0.055ns  (arrival time - required time)
  Source:                 genloop[0].md5/c_reg[17]/C
                            (rising edge-triggered cell FDRE clocked by sys_clk_pin  {rise@0.000ns fall@5.000ns period=10.000ns})
  Destination:            genloop[0].md5/f_reg[17]/D
                            (rising edge-triggered cell FDRE clocked by sys_clk_pin  {rise@0.000ns fall@5.000ns period=10.000ns})
  Path Group:             sys_clk_pin
  Path Type:              Hold (Min at Fast Process Corner)
  Requirement:            0.000ns  (sys_clk_pin rise@0.000ns - sys_clk_pin rise@0.000ns)
  Data Path Delay:        0.328ns  (logic 0.186ns (56.664%)  route 0.142ns (43.336%))
  Logic Levels:           1  (LUT6=1)
  Clock Path Skew:        0.181ns (DCD - SCD - CPR)
    Destination Clock Delay (DCD):    2.021ns
    Source Clock Delay      (SCD):    1.588ns
    Clock Pessimism Removal (CPR):    0.252ns

    Location             Delay type                Incr(ns)  Path(ns)    Netlist Resource(s)
  -------------------------------------------------------------------    -------------------
                         (clock sys_clk_pin rise edge)
                                                      0.000     0.000 r  
    Y9                                                0.000     0.000 r  clk (IN)
                         net (fo=0)                   0.000     0.000    clk
    Y9                   IBUF (Prop_ibuf_I_O)         0.258     0.258 r  clk_IBUF_inst/O
                         net (fo=1, routed)           0.663     0.921    clk_IBUF
    BUFGCTRL_X0Y0        BUFG (Prop_bufg_I_O)         0.026     0.947 r  clk_IBUF_BUFG_inst/O
                         net (fo=7352, routed)        0.641     1.588    genloop[0].md5/clk_IBUF_BUFG
    SLICE_X47Y100        FDRE                                         r  genloop[0].md5/c_reg[17]/C
  -------------------------------------------------------------------    -------------------
    SLICE_X47Y100        FDRE (Prop_fdre_C_Q)         0.141     1.729 r  genloop[0].md5/c_reg[17]/Q
                         net (fo=3, routed)           0.142     1.872    genloop[0].md5/c_reg_n_0_[17]
    SLICE_X48Y99         LUT6 (Prop_lut6_I1_O)        0.045     1.917 r  genloop[0].md5/f[17]_i_1/O
                         net (fo=1, routed)           0.000     1.917    genloop[0].md5/f[17]
    SLICE_X48Y99         FDRE                                         r  genloop[0].md5/f_reg[17]/D
  -------------------------------------------------------------------    -------------------

                         (clock sys_clk_pin rise edge)
                                                      0.000     0.000 r  
    Y9                                                0.000     0.000 r  clk (IN)
                         net (fo=0)                   0.000     0.000    clk
    Y9                   IBUF (Prop_ibuf_I_O)         0.446     0.446 r  clk_IBUF_inst/O
                         net (fo=1, routed)           0.719     1.165    clk_IBUF
    BUFGCTRL_X0Y0        BUFG (Prop_bufg_I_O)         0.029     1.194 r  clk_IBUF_BUFG_inst/O
                         net (fo=7352, routed)        0.827     2.021    genloop[0].md5/clk_IBUF_BUFG
    SLICE_X48Y99         FDRE                                         r  genloop[0].md5/f_reg[17]/C
                         clock pessimism             -0.252     1.769    
    SLICE_X48Y99         FDRE (Hold_fdre_C_D)         0.092     1.861    genloop[0].md5/f_reg[17]
  -------------------------------------------------------------------
                         required time                         -1.861    
                         arrival time                           1.917    
  -------------------------------------------------------------------
                         slack                                  0.055    

Slack (MET) :             0.058ns  (arrival time - required time)
  Source:                 ans_reg[49]/C
                            (rising edge-triggered cell FDRE clocked by sys_clk_pin  {rise@0.000ns fall@5.000ns period=10.000ns})
  Destination:            row_A_reg[49]/D
                            (rising edge-triggered cell FDSE clocked by sys_clk_pin  {rise@0.000ns fall@5.000ns period=10.000ns})
  Path Group:             sys_clk_pin
  Path Type:              Hold (Min at Fast Process Corner)
  Requirement:            0.000ns  (sys_clk_pin rise@0.000ns - sys_clk_pin rise@0.000ns)
  Data Path Delay:        0.448ns  (logic 0.186ns (41.530%)  route 0.262ns (58.470%))
  Logic Levels:           1  (LUT6=1)
  Clock Path Skew:        0.269ns (DCD - SCD - CPR)
    Destination Clock Delay (DCD):    2.009ns
    Source Clock Delay      (SCD):    1.488ns
    Clock Pessimism Removal (CPR):    0.252ns

    Location             Delay type                Incr(ns)  Path(ns)    Netlist Resource(s)
  -------------------------------------------------------------------    -------------------
                         (clock sys_clk_pin rise edge)
                                                      0.000     0.000 r  
    Y9                                                0.000     0.000 r  clk (IN)
                         net (fo=0)                   0.000     0.000    clk
    Y9                   IBUF (Prop_ibuf_I_O)         0.258     0.258 r  clk_IBUF_inst/O
                         net (fo=1, routed)           0.663     0.921    clk_IBUF
    BUFGCTRL_X0Y0        BUFG (Prop_bufg_I_O)         0.026     0.947 r  clk_IBUF_BUFG_inst/O
                         net (fo=7352, routed)        0.541     1.488    clk_IBUF_BUFG
    SLICE_X51Y75         FDRE                                         r  ans_reg[49]/C
  -------------------------------------------------------------------    -------------------
    SLICE_X51Y75         FDRE (Prop_fdre_C_Q)         0.141     1.629 r  ans_reg[49]/Q
                         net (fo=1, routed)           0.262     1.891    timer_bin2dec_str/Q[13]
    SLICE_X46Y70         LUT6 (Prop_lut6_I1_O)        0.045     1.936 r  timer_bin2dec_str/row_A[49]_i_1/O
                         net (fo=1, routed)           0.000     1.936    timer_bin2dec_str_n_10
    SLICE_X46Y70         FDSE                                         r  row_A_reg[49]/D
  -------------------------------------------------------------------    -------------------

                         (clock sys_clk_pin rise edge)
                                                      0.000     0.000 r  
    Y9                                                0.000     0.000 r  clk (IN)
                         net (fo=0)                   0.000     0.000    clk
    Y9                   IBUF (Prop_ibuf_I_O)         0.446     0.446 r  clk_IBUF_inst/O
                         net (fo=1, routed)           0.719     1.165    clk_IBUF
    BUFGCTRL_X0Y0        BUFG (Prop_bufg_I_O)         0.029     1.194 r  clk_IBUF_BUFG_inst/O
                         net (fo=7352, routed)        0.815     2.009    clk_IBUF_BUFG
    SLICE_X46Y70         FDSE                                         r  row_A_reg[49]/C
                         clock pessimism             -0.252     1.757    
    SLICE_X46Y70         FDSE (Hold_fdse_C_D)         0.121     1.878    row_A_reg[49]
  -------------------------------------------------------------------
                         required time                         -1.878    
                         arrival time                           1.936    
  -------------------------------------------------------------------
                         slack                                  0.058    

Slack (MET) :             0.059ns  (arrival time - required time)
  Source:                 rkRAM/k_reg[42][4]/C
                            (rising edge-triggered cell FDRE clocked by sys_clk_pin  {rise@0.000ns fall@5.000ns period=10.000ns})
  Destination:            rkRAM/k_reg[41][4]/D
                            (rising edge-triggered cell FDSE clocked by sys_clk_pin  {rise@0.000ns fall@5.000ns period=10.000ns})
  Path Group:             sys_clk_pin
  Path Type:              Hold (Min at Fast Process Corner)
  Requirement:            0.000ns  (sys_clk_pin rise@0.000ns - sys_clk_pin rise@0.000ns)
  Data Path Delay:        0.393ns  (logic 0.164ns (41.682%)  route 0.229ns (58.318%))
  Logic Levels:           0  
  Clock Path Skew:        0.271ns (DCD - SCD - CPR)
    Destination Clock Delay (DCD):    2.023ns
    Source Clock Delay      (SCD):    1.505ns
    Clock Pessimism Removal (CPR):    0.247ns

    Location             Delay type                Incr(ns)  Path(ns)    Netlist Resource(s)
  -------------------------------------------------------------------    -------------------
                         (clock sys_clk_pin rise edge)
                                                      0.000     0.000 r  
    Y9                                                0.000     0.000 r  clk (IN)
                         net (fo=0)                   0.000     0.000    clk
    Y9                   IBUF (Prop_ibuf_I_O)         0.258     0.258 r  clk_IBUF_inst/O
                         net (fo=1, routed)           0.663     0.921    clk_IBUF
    BUFGCTRL_X0Y0        BUFG (Prop_bufg_I_O)         0.026     0.947 r  clk_IBUF_BUFG_inst/O
                         net (fo=7352, routed)        0.558     1.505    rkRAM/clk_IBUF_BUFG
    SLICE_X36Y53         FDRE                                         r  rkRAM/k_reg[42][4]/C
  -------------------------------------------------------------------    -------------------
    SLICE_X36Y53         FDRE (Prop_fdre_C_Q)         0.164     1.669 r  rkRAM/k_reg[42][4]/Q
                         net (fo=1, routed)           0.229     1.898    rkRAM/k_reg[42][4]
    SLICE_X34Y49         FDSE                                         r  rkRAM/k_reg[41][4]/D
  -------------------------------------------------------------------    -------------------

                         (clock sys_clk_pin rise edge)
                                                      0.000     0.000 r  
    Y9                                                0.000     0.000 r  clk (IN)
                         net (fo=0)                   0.000     0.000    clk
    Y9                   IBUF (Prop_ibuf_I_O)         0.446     0.446 r  clk_IBUF_inst/O
                         net (fo=1, routed)           0.719     1.165    clk_IBUF
    BUFGCTRL_X0Y0        BUFG (Prop_bufg_I_O)         0.029     1.194 r  clk_IBUF_BUFG_inst/O
                         net (fo=7352, routed)        0.829     2.023    rkRAM/clk_IBUF_BUFG
    SLICE_X34Y49         FDSE                                         r  rkRAM/k_reg[41][4]/C
                         clock pessimism             -0.247     1.776    
    SLICE_X34Y49         FDSE (Hold_fdse_C_D)         0.063     1.839    rkRAM/k_reg[41][4]
  -------------------------------------------------------------------
                         required time                         -1.839    
                         arrival time                           1.898    
  -------------------------------------------------------------------
                         slack                                  0.059    





Pulse Width Checks
--------------------------------------------------------------------------------------
Clock Name:         sys_clk_pin
Waveform(ns):       { 0.000 5.000 }
Period(ns):         10.000
Sources:            { clk }

Check Type        Corner  Lib Pin     Reference Pin  Required(ns)  Actual(ns)  Slack(ns)  Location       Pin
Min Period        n/a     BUFG/I      n/a            2.155         10.000      7.845      BUFGCTRL_X0Y0  clk_IBUF_BUFG_inst/I
Min Period        n/a     FDRE/C      n/a            1.000         10.000      9.000      SLICE_X52Y70   FSM_sequential_state_reg[0]/C
Min Period        n/a     FDRE/C      n/a            1.000         10.000      9.000      SLICE_X52Y70   FSM_sequential_state_reg[1]/C
Min Period        n/a     FDRE/C      n/a            1.000         10.000      9.000      SLICE_X52Y83   ans_reg[0]/C
Min Period        n/a     FDRE/C      n/a            1.000         10.000      9.000      SLICE_X49Y79   ans_reg[10]/C
Min Period        n/a     FDRE/C      n/a            1.000         10.000      9.000      SLICE_X52Y83   ans_reg[11]/C
Min Period        n/a     FDRE/C      n/a            1.000         10.000      9.000      SLICE_X52Y82   ans_reg[13]/C
Min Period        n/a     FDRE/C      n/a            1.000         10.000      9.000      SLICE_X50Y73   ans_reg[16]/C
Min Period        n/a     FDRE/C      n/a            1.000         10.000      9.000      SLICE_X49Y76   ans_reg[17]/C
Min Period        n/a     FDRE/C      n/a            1.000         10.000      9.000      SLICE_X50Y75   ans_reg[18]/C
Low Pulse Width   Slow    SRL16E/CLK  n/a            0.980         5.000       4.020      SLICE_X34Y47   rkRAM/k_reg[10][7]_srl2____rkRAM_k_reg_s_0/CLK
Low Pulse Width   Fast    SRL16E/CLK  n/a            0.980         5.000       4.020      SLICE_X34Y47   rkRAM/k_reg[10][7]_srl2____rkRAM_k_reg_s_0/CLK
Low Pulse Width   Slow    SRL16E/CLK  n/a            0.980         5.000       4.020      SLICE_X34Y47   rkRAM/k_reg[11][5]_srl2____rkRAM_k_reg_s_0/CLK
Low Pulse Width   Fast    SRL16E/CLK  n/a            0.980         5.000       4.020      SLICE_X34Y47   rkRAM/k_reg[11][5]_srl2____rkRAM_k_reg_s_0/CLK
Low Pulse Width   Slow    SRL16E/CLK  n/a            0.980         5.000       4.020      SLICE_X26Y84   rkRAM/k_reg[11][6]_srl5___rkRAM_k_reg_r_15/CLK
Low Pulse Width   Fast    SRL16E/CLK  n/a            0.980         5.000       4.020      SLICE_X26Y84   rkRAM/k_reg[11][6]_srl5___rkRAM_k_reg_r_15/CLK
Low Pulse Width   Slow    SRL16E/CLK  n/a            0.980         5.000       4.020      SLICE_X30Y56   rkRAM/k_reg[11][8]_srl4____rkRAM_k_reg_s_2/CLK
Low Pulse Width   Fast    SRL16E/CLK  n/a            0.980         5.000       4.020      SLICE_X30Y56   rkRAM/k_reg[11][8]_srl4____rkRAM_k_reg_s_2/CLK
Low Pulse Width   Slow    SRL16E/CLK  n/a            0.980         5.000       4.020      SLICE_X26Y107  rkRAM/k_reg[12][20]_srl5____rkRAM_k_reg_s_3/CLK
Low Pulse Width   Fast    SRL16E/CLK  n/a            0.980         5.000       4.020      SLICE_X26Y107  rkRAM/k_reg[12][20]_srl5____rkRAM_k_reg_s_3/CLK
High Pulse Width  Slow    SRL16E/CLK  n/a            0.980         5.000       4.020      SLICE_X34Y47   rkRAM/k_reg[10][7]_srl2____rkRAM_k_reg_s_0/CLK
High Pulse Width  Fast    SRL16E/CLK  n/a            0.980         5.000       4.020      SLICE_X34Y47   rkRAM/k_reg[10][7]_srl2____rkRAM_k_reg_s_0/CLK
High Pulse Width  Slow    SRL16E/CLK  n/a            0.980         5.000       4.020      SLICE_X34Y47   rkRAM/k_reg[11][5]_srl2____rkRAM_k_reg_s_0/CLK
High Pulse Width  Fast    SRL16E/CLK  n/a            0.980         5.000       4.020      SLICE_X34Y47   rkRAM/k_reg[11][5]_srl2____rkRAM_k_reg_s_0/CLK
High Pulse Width  Slow    SRL16E/CLK  n/a            0.980         5.000       4.020      SLICE_X26Y84   rkRAM/k_reg[11][6]_srl5___rkRAM_k_reg_r_15/CLK
High Pulse Width  Fast    SRL16E/CLK  n/a            0.980         5.000       4.020      SLICE_X26Y84   rkRAM/k_reg[11][6]_srl5___rkRAM_k_reg_r_15/CLK
High Pulse Width  Slow    SRL16E/CLK  n/a            0.980         5.000       4.020      SLICE_X30Y56   rkRAM/k_reg[11][8]_srl4____rkRAM_k_reg_s_2/CLK
High Pulse Width  Fast    SRL16E/CLK  n/a            0.980         5.000       4.020      SLICE_X30Y56   rkRAM/k_reg[11][8]_srl4____rkRAM_k_reg_s_2/CLK
High Pulse Width  Slow    SRL16E/CLK  n/a            0.980         5.000       4.020      SLICE_X26Y107  rkRAM/k_reg[12][20]_srl5____rkRAM_k_reg_s_3/CLK
High Pulse Width  Fast    SRL16E/CLK  n/a            0.980         5.000       4.020      SLICE_X26Y107  rkRAM/k_reg[12][20]_srl5____rkRAM_k_reg_s_3/CLK



--------------------------------------------------------------------------------------
Path Group:  (none)
From Clock:  
  To Clock:  

Max Delay             4 Endpoints
Min Delay             4 Endpoints
--------------------------------------------------------------------------------------


Max Delay Paths
--------------------------------------------------------------------------------------
Slack:                    inf
  Source:                 usr_btn[3]
                            (input port)
  Destination:            usr_led[3]
                            (output port)
  Path Group:             (none)
  Path Type:              Max at Slow Process Corner
  Data Path Delay:        7.519ns  (logic 5.021ns (66.768%)  route 2.499ns (33.233%))
  Logic Levels:           2  (IBUF=1 OBUF=1)

    Location             Delay type                Incr(ns)  Path(ns)    Netlist Resource(s)
  -------------------------------------------------------------------    -------------------
    N15                                               0.000     0.000 r  usr_btn[3] (IN)
                         net (fo=0)                   0.000     0.000    usr_btn[3]
    N15                  IBUF (Prop_ibuf_I_O)         1.491     1.491 r  usr_btn_IBUF[3]_inst/O
                         net (fo=8, routed)           2.499     3.990    usr_led_OBUF[3]
    U21                  OBUF (Prop_obuf_I_O)         3.530     7.519 r  usr_led_OBUF[3]_inst/O
                         net (fo=0)                   0.000     7.519    usr_led[3]
    U21                                                               r  usr_led[3] (OUT)
  -------------------------------------------------------------------    -------------------

Slack:                    inf
  Source:                 usr_btn[0]
                            (input port)
  Destination:            usr_led[0]
                            (output port)
  Path Group:             (none)
  Path Type:              Max at Slow Process Corner
  Data Path Delay:        7.129ns  (logic 4.992ns (70.024%)  route 2.137ns (29.976%))
  Logic Levels:           2  (IBUF=1 OBUF=1)

    Location             Delay type                Incr(ns)  Path(ns)    Netlist Resource(s)
  -------------------------------------------------------------------    -------------------
    T18                                               0.000     0.000 r  usr_btn[0] (IN)
                         net (fo=0)                   0.000     0.000    usr_btn[0]
    T18                  IBUF (Prop_ibuf_I_O)         1.470     1.470 r  usr_btn_IBUF[0]_inst/O
                         net (fo=1, routed)           2.137     3.606    usr_led_OBUF[0]
    T22                  OBUF (Prop_obuf_I_O)         3.522     7.129 r  usr_led_OBUF[0]_inst/O
                         net (fo=0)                   0.000     7.129    usr_led[0]
    T22                                                               r  usr_led[0] (OUT)
  -------------------------------------------------------------------    -------------------

Slack:                    inf
  Source:                 usr_btn[2]
                            (input port)
  Destination:            usr_led[2]
                            (output port)
  Path Group:             (none)
  Path Type:              Max at Slow Process Corner
  Data Path Delay:        7.000ns  (logic 5.004ns (71.485%)  route 1.996ns (28.515%))
  Logic Levels:           2  (IBUF=1 OBUF=1)

    Location             Delay type                Incr(ns)  Path(ns)    Netlist Resource(s)
  -------------------------------------------------------------------    -------------------
    R16                                               0.000     0.000 r  usr_btn[2] (IN)
                         net (fo=0)                   0.000     0.000    usr_btn[2]
    R16                  IBUF (Prop_ibuf_I_O)         1.473     1.473 r  usr_btn_IBUF[2]_inst/O
                         net (fo=1, routed)           1.996     3.469    usr_led_OBUF[2]
    U22                  OBUF (Prop_obuf_I_O)         3.531     7.000 r  usr_led_OBUF[2]_inst/O
                         net (fo=0)                   0.000     7.000    usr_led[2]
    U22                                                               r  usr_led[2] (OUT)
  -------------------------------------------------------------------    -------------------

Slack:                    inf
  Source:                 usr_btn[1]
                            (input port)
  Destination:            usr_led[1]
                            (output port)
  Path Group:             (none)
  Path Type:              Max at Slow Process Corner
  Data Path Delay:        6.969ns  (logic 4.973ns (71.359%)  route 1.996ns (28.641%))
  Logic Levels:           2  (IBUF=1 OBUF=1)

    Location             Delay type                Incr(ns)  Path(ns)    Netlist Resource(s)
  -------------------------------------------------------------------    -------------------
    R18                                               0.000     0.000 r  usr_btn[1] (IN)
                         net (fo=0)                   0.000     0.000    usr_btn[1]
    R18                  IBUF (Prop_ibuf_I_O)         1.459     1.459 r  usr_btn_IBUF[1]_inst/O
                         net (fo=1, routed)           1.996     3.455    usr_led_OBUF[1]
    T21                  OBUF (Prop_obuf_I_O)         3.514     6.969 r  usr_led_OBUF[1]_inst/O
                         net (fo=0)                   0.000     6.969    usr_led[1]
    T21                                                               r  usr_led[1] (OUT)
  -------------------------------------------------------------------    -------------------





Min Delay Paths
--------------------------------------------------------------------------------------
Slack:                    inf
  Source:                 usr_btn[1]
                            (input port)
  Destination:            usr_led[1]
                            (output port)
  Path Group:             (none)
  Path Type:              Min at Fast Process Corner
  Data Path Delay:        1.838ns  (logic 1.442ns (78.456%)  route 0.396ns (21.544%))
  Logic Levels:           2  (IBUF=1 OBUF=1)

    Location             Delay type                Incr(ns)  Path(ns)    Netlist Resource(s)
  -------------------------------------------------------------------    -------------------
    R18                                               0.000     0.000 r  usr_btn[1] (IN)
                         net (fo=0)                   0.000     0.000    usr_btn[1]
    R18                  IBUF (Prop_ibuf_I_O)         0.227     0.227 r  usr_btn_IBUF[1]_inst/O
                         net (fo=1, routed)           0.396     0.623    usr_led_OBUF[1]
    T21                  OBUF (Prop_obuf_I_O)         1.215     1.838 r  usr_led_OBUF[1]_inst/O
                         net (fo=0)                   0.000     1.838    usr_led[1]
    T21                                                               r  usr_led[1] (OUT)
  -------------------------------------------------------------------    -------------------

Slack:                    inf
  Source:                 usr_btn[2]
                            (input port)
  Destination:            usr_led[2]
                            (output port)
  Path Group:             (none)
  Path Type:              Min at Fast Process Corner
  Data Path Delay:        1.869ns  (logic 1.473ns (78.808%)  route 0.396ns (21.192%))
  Logic Levels:           2  (IBUF=1 OBUF=1)

    Location             Delay type                Incr(ns)  Path(ns)    Netlist Resource(s)
  -------------------------------------------------------------------    -------------------
    R16                                               0.000     0.000 r  usr_btn[2] (IN)
                         net (fo=0)                   0.000     0.000    usr_btn[2]
    R16                  IBUF (Prop_ibuf_I_O)         0.241     0.241 r  usr_btn_IBUF[2]_inst/O
                         net (fo=1, routed)           0.396     0.637    usr_led_OBUF[2]
    U22                  OBUF (Prop_obuf_I_O)         1.232     1.869 r  usr_led_OBUF[2]_inst/O
                         net (fo=0)                   0.000     1.869    usr_led[2]
    U22                                                               r  usr_led[2] (OUT)
  -------------------------------------------------------------------    -------------------

Slack:                    inf
  Source:                 usr_btn[0]
                            (input port)
  Destination:            usr_led[0]
                            (output port)
  Path Group:             (none)
  Path Type:              Min at Fast Process Corner
  Data Path Delay:        1.911ns  (logic 1.461ns (76.454%)  route 0.450ns (23.546%))
  Logic Levels:           2  (IBUF=1 OBUF=1)

    Location             Delay type                Incr(ns)  Path(ns)    Netlist Resource(s)
  -------------------------------------------------------------------    -------------------
    T18                                               0.000     0.000 r  usr_btn[0] (IN)
                         net (fo=0)                   0.000     0.000    usr_btn[0]
    T18                  IBUF (Prop_ibuf_I_O)         0.237     0.237 r  usr_btn_IBUF[0]_inst/O
                         net (fo=1, routed)           0.450     0.687    usr_led_OBUF[0]
    T22                  OBUF (Prop_obuf_I_O)         1.223     1.911 r  usr_led_OBUF[0]_inst/O
                         net (fo=0)                   0.000     1.911    usr_led[0]
    T22                                                               r  usr_led[0] (OUT)
  -------------------------------------------------------------------    -------------------

Slack:                    inf
  Source:                 usr_btn[3]
                            (input port)
  Destination:            usr_led[3]
                            (output port)
  Path Group:             (none)
  Path Type:              Min at Fast Process Corner
  Data Path Delay:        2.098ns  (logic 1.489ns (70.978%)  route 0.609ns (29.022%))
  Logic Levels:           2  (IBUF=1 OBUF=1)

    Location             Delay type                Incr(ns)  Path(ns)    Netlist Resource(s)
  -------------------------------------------------------------------    -------------------
    N15                                               0.000     0.000 r  usr_btn[3] (IN)
                         net (fo=0)                   0.000     0.000    usr_btn[3]
    N15                  IBUF (Prop_ibuf_I_O)         0.258     0.258 r  usr_btn_IBUF[3]_inst/O
                         net (fo=8, routed)           0.609     0.867    usr_led_OBUF[3]
    U21                  OBUF (Prop_obuf_I_O)         1.231     2.098 r  usr_led_OBUF[3]_inst/O
                         net (fo=0)                   0.000     2.098    usr_led[3]
    U21                                                               r  usr_led[3] (OUT)
  -------------------------------------------------------------------    -------------------





--------------------------------------------------------------------------------------
Path Group:  (none)
From Clock:  sys_clk_pin
  To Clock:  

Max Delay             7 Endpoints
Min Delay             7 Endpoints
--------------------------------------------------------------------------------------


Max Delay Paths
--------------------------------------------------------------------------------------
Slack:                    inf
  Source:                 lcd0/init_d_reg[1]/C
                            (rising edge-triggered cell FDRE clocked by sys_clk_pin  {rise@0.000ns fall@5.000ns period=10.000ns})
  Destination:            LCD_D[1]
                            (output port)
  Path Group:             (none)
  Path Type:              Max at Slow Process Corner
  Data Path Delay:        9.494ns  (logic 4.540ns (47.815%)  route 4.954ns (52.185%))
  Logic Levels:           2  (LUT3=1 OBUF=1)
  Clock Uncertainty:      0.025ns  ((TSJ^2 + TIJ^2)^1/2 + DJ) / 2 + PE
    Total System Jitter     (TSJ):    0.050ns
    Total Input Jitter      (TIJ):    0.000ns
    Discrete Jitter          (DJ):    0.000ns
    Phase Error              (PE):    0.000ns

    Location             Delay type                Incr(ns)  Path(ns)    Netlist Resource(s)
  -------------------------------------------------------------------    -------------------
                         (clock sys_clk_pin rise edge)
                                                      0.000     0.000 r  
    Y9                                                0.000     0.000 r  clk (IN)
                         net (fo=0)                   0.000     0.000    clk
    Y9                   IBUF (Prop_ibuf_I_O)         1.490     1.490 r  clk_IBUF_inst/O
                         net (fo=1, routed)           2.171     3.661    clk_IBUF
    BUFGCTRL_X0Y0        BUFG (Prop_bufg_I_O)         0.101     3.762 r  clk_IBUF_BUFG_inst/O
                         net (fo=7352, routed)        1.655     5.417    lcd0/clk_IBUF_BUFG
    SLICE_X47Y51         FDRE                                         r  lcd0/init_d_reg[1]/C
  -------------------------------------------------------------------    -------------------
    SLICE_X47Y51         FDRE (Prop_fdre_C_Q)         0.419     5.836 r  lcd0/init_d_reg[1]/Q
                         net (fo=1, routed)           1.118     6.954    lcd0/init_d[1]
    SLICE_X46Y51         LUT3 (Prop_lut3_I2_O)        0.322     7.276 r  lcd0/LCD_D_OBUF[1]_inst_i_1/O
                         net (fo=1, routed)           3.837    11.113    LCD_D_OBUF[1]
    Y10                  OBUF (Prop_obuf_I_O)         3.799    14.911 r  LCD_D_OBUF[1]_inst/O
                         net (fo=0)                   0.000    14.911    LCD_D[1]
    Y10                                                               r  LCD_D[1] (OUT)
  -------------------------------------------------------------------    -------------------

Slack:                    inf
  Source:                 lcd0/lcd_initialized_reg/C
                            (rising edge-triggered cell FDRE clocked by sys_clk_pin  {rise@0.000ns fall@5.000ns period=10.000ns})
  Destination:            LCD_RW
                            (output port)
  Path Group:             (none)
  Path Type:              Max at Slow Process Corner
  Data Path Delay:        9.155ns  (logic 4.532ns (49.504%)  route 4.623ns (50.496%))
  Logic Levels:           2  (LUT3=1 OBUF=1)
  Clock Uncertainty:      0.025ns  ((TSJ^2 + TIJ^2)^1/2 + DJ) / 2 + PE
    Total System Jitter     (TSJ):    0.050ns
    Total Input Jitter      (TIJ):    0.000ns
    Discrete Jitter          (DJ):    0.000ns
    Phase Error              (PE):    0.000ns

    Location             Delay type                Incr(ns)  Path(ns)    Netlist Resource(s)
  -------------------------------------------------------------------    -------------------
                         (clock sys_clk_pin rise edge)
                                                      0.000     0.000 r  
    Y9                                                0.000     0.000 r  clk (IN)
                         net (fo=0)                   0.000     0.000    clk
    Y9                   IBUF (Prop_ibuf_I_O)         1.490     1.490 r  clk_IBUF_inst/O
                         net (fo=1, routed)           2.171     3.661    clk_IBUF
    BUFGCTRL_X0Y0        BUFG (Prop_bufg_I_O)         0.101     3.762 r  clk_IBUF_BUFG_inst/O
                         net (fo=7352, routed)        1.654     5.416    lcd0/clk_IBUF_BUFG
    SLICE_X46Y53         FDRE                                         r  lcd0/lcd_initialized_reg/C
  -------------------------------------------------------------------    -------------------
    SLICE_X46Y53         FDRE (Prop_fdre_C_Q)         0.518     5.934 r  lcd0/lcd_initialized_reg/Q
                         net (fo=44, routed)          1.194     7.128    lcd0/lcd_initialized_reg_n_0
    SLICE_X46Y50         LUT3 (Prop_lut3_I1_O)        0.150     7.278 r  lcd0/LCD_RW_OBUF_inst_i_1/O
                         net (fo=1, routed)           3.429    10.707    LCD_RW_OBUF
    W11                  OBUF (Prop_obuf_I_O)         3.864    14.571 r  LCD_RW_OBUF_inst/O
                         net (fo=0)                   0.000    14.571    LCD_RW
    W11                                                               r  LCD_RW (OUT)
  -------------------------------------------------------------------    -------------------

Slack:                    inf
  Source:                 lcd0/lcd_initialized_reg/C
                            (rising edge-triggered cell FDRE clocked by sys_clk_pin  {rise@0.000ns fall@5.000ns period=10.000ns})
  Destination:            LCD_RS
                            (output port)
  Path Group:             (none)
  Path Type:              Max at Slow Process Corner
  Data Path Delay:        8.994ns  (logic 4.368ns (48.572%)  route 4.625ns (51.428%))
  Logic Levels:           2  (LUT2=1 OBUF=1)
  Clock Uncertainty:      0.025ns  ((TSJ^2 + TIJ^2)^1/2 + DJ) / 2 + PE
    Total System Jitter     (TSJ):    0.050ns
    Total Input Jitter      (TIJ):    0.000ns
    Discrete Jitter          (DJ):    0.000ns
    Phase Error              (PE):    0.000ns

    Location             Delay type                Incr(ns)  Path(ns)    Netlist Resource(s)
  -------------------------------------------------------------------    -------------------
                         (clock sys_clk_pin rise edge)
                                                      0.000     0.000 r  
    Y9                                                0.000     0.000 r  clk (IN)
                         net (fo=0)                   0.000     0.000    clk
    Y9                   IBUF (Prop_ibuf_I_O)         1.490     1.490 r  clk_IBUF_inst/O
                         net (fo=1, routed)           2.171     3.661    clk_IBUF
    BUFGCTRL_X0Y0        BUFG (Prop_bufg_I_O)         0.101     3.762 r  clk_IBUF_BUFG_inst/O
                         net (fo=7352, routed)        1.654     5.416    lcd0/clk_IBUF_BUFG
    SLICE_X46Y53         FDRE                                         r  lcd0/lcd_initialized_reg/C
  -------------------------------------------------------------------    -------------------
    SLICE_X46Y53         FDRE (Prop_fdre_C_Q)         0.518     5.934 r  lcd0/lcd_initialized_reg/Q
                         net (fo=44, routed)          1.194     7.128    lcd0/lcd_initialized_reg_n_0
    SLICE_X46Y50         LUT2 (Prop_lut2_I0_O)        0.124     7.252 r  lcd0/LCD_RS_OBUF_inst_i_1/O
                         net (fo=1, routed)           3.431    10.684    LCD_RS_OBUF
    W12                  OBUF (Prop_obuf_I_O)         3.726    14.410 r  LCD_RS_OBUF_inst/O
                         net (fo=0)                   0.000    14.410    LCD_RS
    W12                                                               r  LCD_RS (OUT)
  -------------------------------------------------------------------    -------------------

Slack:                    inf
  Source:                 lcd0/init_d_reg[3]/C
                            (rising edge-triggered cell FDRE clocked by sys_clk_pin  {rise@0.000ns fall@5.000ns period=10.000ns})
  Destination:            LCD_D[3]
                            (output port)
  Path Group:             (none)
  Path Type:              Max at Slow Process Corner
  Data Path Delay:        8.898ns  (logic 4.572ns (51.384%)  route 4.326ns (48.616%))
  Logic Levels:           2  (LUT3=1 OBUF=1)
  Clock Uncertainty:      0.025ns  ((TSJ^2 + TIJ^2)^1/2 + DJ) / 2 + PE
    Total System Jitter     (TSJ):    0.050ns
    Total Input Jitter      (TIJ):    0.000ns
    Discrete Jitter          (DJ):    0.000ns
    Phase Error              (PE):    0.000ns

    Location             Delay type                Incr(ns)  Path(ns)    Netlist Resource(s)
  -------------------------------------------------------------------    -------------------
                         (clock sys_clk_pin rise edge)
                                                      0.000     0.000 r  
    Y9                                                0.000     0.000 r  clk (IN)
                         net (fo=0)                   0.000     0.000    clk
    Y9                   IBUF (Prop_ibuf_I_O)         1.490     1.490 r  clk_IBUF_inst/O
                         net (fo=1, routed)           2.171     3.661    clk_IBUF
    BUFGCTRL_X0Y0        BUFG (Prop_bufg_I_O)         0.101     3.762 r  clk_IBUF_BUFG_inst/O
                         net (fo=7352, routed)        1.655     5.417    lcd0/clk_IBUF_BUFG
    SLICE_X47Y52         FDRE                                         r  lcd0/init_d_reg[3]/C
  -------------------------------------------------------------------    -------------------
    SLICE_X47Y52         FDRE (Prop_fdre_C_Q)         0.419     5.836 r  lcd0/init_d_reg[3]/Q
                         net (fo=1, routed)           0.824     6.660    lcd0/init_d[3]
    SLICE_X46Y51         LUT3 (Prop_lut3_I2_O)        0.327     6.987 r  lcd0/LCD_D_OBUF[3]_inst_i_1/O
                         net (fo=1, routed)           3.502    10.489    LCD_D_OBUF[3]
    Y11                  OBUF (Prop_obuf_I_O)         3.826    14.315 r  LCD_D_OBUF[3]_inst/O
                         net (fo=0)                   0.000    14.315    LCD_D[3]
    Y11                                                               r  LCD_D[3] (OUT)
  -------------------------------------------------------------------    -------------------

Slack:                    inf
  Source:                 lcd0/text_e_reg/C
                            (rising edge-triggered cell FDRE clocked by sys_clk_pin  {rise@0.000ns fall@5.000ns period=10.000ns})
  Destination:            LCD_E
                            (output port)
  Path Group:             (none)
  Path Type:              Max at Slow Process Corner
  Data Path Delay:        8.709ns  (logic 4.327ns (49.681%)  route 4.382ns (50.319%))
  Logic Levels:           2  (LUT3=1 OBUF=1)
  Clock Uncertainty:      0.025ns  ((TSJ^2 + TIJ^2)^1/2 + DJ) / 2 + PE
    Total System Jitter     (TSJ):    0.050ns
    Total Input Jitter      (TIJ):    0.000ns
    Discrete Jitter          (DJ):    0.000ns
    Phase Error              (PE):    0.000ns

    Location             Delay type                Incr(ns)  Path(ns)    Netlist Resource(s)
  -------------------------------------------------------------------    -------------------
                         (clock sys_clk_pin rise edge)
                                                      0.000     0.000 r  
    Y9                                                0.000     0.000 r  clk (IN)
                         net (fo=0)                   0.000     0.000    clk
    Y9                   IBUF (Prop_ibuf_I_O)         1.490     1.490 r  clk_IBUF_inst/O
                         net (fo=1, routed)           2.171     3.661    clk_IBUF
    BUFGCTRL_X0Y0        BUFG (Prop_bufg_I_O)         0.101     3.762 r  clk_IBUF_BUFG_inst/O
                         net (fo=7352, routed)        1.654     5.416    lcd0/clk_IBUF_BUFG
    SLICE_X46Y54         FDRE                                         r  lcd0/text_e_reg/C
  -------------------------------------------------------------------    -------------------
    SLICE_X46Y54         FDRE (Prop_fdre_C_Q)         0.478     5.894 r  lcd0/text_e_reg/Q
                         net (fo=1, routed)           0.974     6.869    lcd0/text_e
    SLICE_X46Y52         LUT3 (Prop_lut3_I0_O)        0.295     7.164 r  lcd0/LCD_E_OBUF_inst_i_1/O
                         net (fo=1, routed)           3.408    10.572    LCD_E_OBUF
    V10                  OBUF (Prop_obuf_I_O)         3.554    14.125 r  LCD_E_OBUF_inst/O
                         net (fo=0)                   0.000    14.125    LCD_E
    V10                                                               r  LCD_E (OUT)
  -------------------------------------------------------------------    -------------------

Slack:                    inf
  Source:                 lcd0/text_d_reg[2]/C
                            (rising edge-triggered cell FDRE clocked by sys_clk_pin  {rise@0.000ns fall@5.000ns period=10.000ns})
  Destination:            LCD_D[2]
                            (output port)
  Path Group:             (none)
  Path Type:              Max at Slow Process Corner
  Data Path Delay:        8.675ns  (logic 4.257ns (49.077%)  route 4.418ns (50.923%))
  Logic Levels:           2  (LUT3=1 OBUF=1)
  Clock Uncertainty:      0.025ns  ((TSJ^2 + TIJ^2)^1/2 + DJ) / 2 + PE
    Total System Jitter     (TSJ):    0.050ns
    Total Input Jitter      (TIJ):    0.000ns
    Discrete Jitter          (DJ):    0.000ns
    Phase Error              (PE):    0.000ns

    Location             Delay type                Incr(ns)  Path(ns)    Netlist Resource(s)
  -------------------------------------------------------------------    -------------------
                         (clock sys_clk_pin rise edge)
                                                      0.000     0.000 r  
    Y9                                                0.000     0.000 r  clk (IN)
                         net (fo=0)                   0.000     0.000    clk
    Y9                   IBUF (Prop_ibuf_I_O)         1.490     1.490 r  clk_IBUF_inst/O
                         net (fo=1, routed)           2.171     3.661    clk_IBUF
    BUFGCTRL_X0Y0        BUFG (Prop_bufg_I_O)         0.101     3.762 r  clk_IBUF_BUFG_inst/O
                         net (fo=7352, routed)        1.655     5.417    lcd0/clk_IBUF_BUFG
    SLICE_X46Y51         FDRE                                         r  lcd0/text_d_reg[2]/C
  -------------------------------------------------------------------    -------------------
    SLICE_X46Y51         FDRE (Prop_fdre_C_Q)         0.518     5.935 r  lcd0/text_d_reg[2]/Q
                         net (fo=1, routed)           0.638     6.574    lcd0/text_d[2]
    SLICE_X46Y51         LUT3 (Prop_lut3_I0_O)        0.124     6.698 r  lcd0/LCD_D_OBUF[2]_inst_i_1/O
                         net (fo=1, routed)           3.779    10.477    LCD_D_OBUF[2]
    AA11                 OBUF (Prop_obuf_I_O)         3.615    14.092 r  LCD_D_OBUF[2]_inst/O
                         net (fo=0)                   0.000    14.092    LCD_D[2]
    AA11                                                              r  LCD_D[2] (OUT)
  -------------------------------------------------------------------    -------------------

Slack:                    inf
  Source:                 lcd0/lcd_initialized_reg/C
                            (rising edge-triggered cell FDRE clocked by sys_clk_pin  {rise@0.000ns fall@5.000ns period=10.000ns})
  Destination:            LCD_D[0]
                            (output port)
  Path Group:             (none)
  Path Type:              Max at Slow Process Corner
  Data Path Delay:        8.644ns  (logic 4.219ns (48.813%)  route 4.425ns (51.187%))
  Logic Levels:           2  (LUT3=1 OBUF=1)
  Clock Uncertainty:      0.025ns  ((TSJ^2 + TIJ^2)^1/2 + DJ) / 2 + PE
    Total System Jitter     (TSJ):    0.050ns
    Total Input Jitter      (TIJ):    0.000ns
    Discrete Jitter          (DJ):    0.000ns
    Phase Error              (PE):    0.000ns

    Location             Delay type                Incr(ns)  Path(ns)    Netlist Resource(s)
  -------------------------------------------------------------------    -------------------
                         (clock sys_clk_pin rise edge)
                                                      0.000     0.000 r  
    Y9                                                0.000     0.000 r  clk (IN)
                         net (fo=0)                   0.000     0.000    clk
    Y9                   IBUF (Prop_ibuf_I_O)         1.490     1.490 r  clk_IBUF_inst/O
                         net (fo=1, routed)           2.171     3.661    clk_IBUF
    BUFGCTRL_X0Y0        BUFG (Prop_bufg_I_O)         0.101     3.762 r  clk_IBUF_BUFG_inst/O
                         net (fo=7352, routed)        1.654     5.416    lcd0/clk_IBUF_BUFG
    SLICE_X46Y53         FDRE                                         r  lcd0/lcd_initialized_reg/C
  -------------------------------------------------------------------    -------------------
    SLICE_X46Y53         FDRE (Prop_fdre_C_Q)         0.518     5.934 r  lcd0/lcd_initialized_reg/Q
                         net (fo=44, routed)          0.948     6.882    lcd0/lcd_initialized_reg_n_0
    SLICE_X46Y51         LUT3 (Prop_lut3_I1_O)        0.124     7.006 r  lcd0/LCD_D_OBUF[0]_inst_i_1/O
                         net (fo=1, routed)           3.477    10.483    LCD_D_OBUF[0]
    AA9                  OBUF (Prop_obuf_I_O)         3.577    14.060 r  LCD_D_OBUF[0]_inst/O
                         net (fo=0)                   0.000    14.060    LCD_D[0]
    AA9                                                               r  LCD_D[0] (OUT)
  -------------------------------------------------------------------    -------------------





Min Delay Paths
--------------------------------------------------------------------------------------
Slack:                    inf
  Source:                 lcd0/text_d_reg[0]/C
                            (rising edge-triggered cell FDRE clocked by sys_clk_pin  {rise@0.000ns fall@5.000ns period=10.000ns})
  Destination:            LCD_D[0]
                            (output port)
  Path Group:             (none)
  Path Type:              Min at Fast Process Corner
  Data Path Delay:        2.794ns  (logic 1.487ns (53.222%)  route 1.307ns (46.778%))
  Logic Levels:           2  (LUT3=1 OBUF=1)
  Clock Uncertainty:      0.025ns  ((TSJ^2 + TIJ^2)^1/2 + DJ) / 2 + PE
    Total System Jitter     (TSJ):    0.050ns
    Total Input Jitter      (TIJ):    0.000ns
    Discrete Jitter          (DJ):    0.000ns
    Phase Error              (PE):    0.000ns

    Location             Delay type                Incr(ns)  Path(ns)    Netlist Resource(s)
  -------------------------------------------------------------------    -------------------
                         (clock sys_clk_pin rise edge)
                                                      0.000     0.000 r  
    Y9                                                0.000     0.000 r  clk (IN)
                         net (fo=0)                   0.000     0.000    clk
    Y9                   IBUF (Prop_ibuf_I_O)         0.258     0.258 r  clk_IBUF_inst/O
                         net (fo=1, routed)           0.663     0.921    clk_IBUF
    BUFGCTRL_X0Y0        BUFG (Prop_bufg_I_O)         0.026     0.947 r  clk_IBUF_BUFG_inst/O
                         net (fo=7352, routed)        0.559     1.506    lcd0/clk_IBUF_BUFG
    SLICE_X46Y51         FDRE                                         r  lcd0/text_d_reg[0]/C
  -------------------------------------------------------------------    -------------------
    SLICE_X46Y51         FDRE (Prop_fdre_C_Q)         0.164     1.670 r  lcd0/text_d_reg[0]/Q
                         net (fo=1, routed)           0.163     1.833    lcd0/text_d[0]
    SLICE_X46Y51         LUT3 (Prop_lut3_I0_O)        0.045     1.878 r  lcd0/LCD_D_OBUF[0]_inst_i_1/O
                         net (fo=1, routed)           1.144     3.022    LCD_D_OBUF[0]
    AA9                  OBUF (Prop_obuf_I_O)         1.278     4.300 r  LCD_D_OBUF[0]_inst/O
                         net (fo=0)                   0.000     4.300    LCD_D[0]
    AA9                                                               r  LCD_D[0] (OUT)
  -------------------------------------------------------------------    -------------------

Slack:                    inf
  Source:                 lcd0/lcd_initialized_reg/C
                            (rising edge-triggered cell FDRE clocked by sys_clk_pin  {rise@0.000ns fall@5.000ns period=10.000ns})
  Destination:            LCD_E
                            (output port)
  Path Group:             (none)
  Path Type:              Min at Fast Process Corner
  Data Path Delay:        2.834ns  (logic 1.463ns (51.628%)  route 1.371ns (48.372%))
  Logic Levels:           2  (LUT3=1 OBUF=1)
  Clock Uncertainty:      0.025ns  ((TSJ^2 + TIJ^2)^1/2 + DJ) / 2 + PE
    Total System Jitter     (TSJ):    0.050ns
    Total Input Jitter      (TIJ):    0.000ns
    Discrete Jitter          (DJ):    0.000ns
    Phase Error              (PE):    0.000ns

    Location             Delay type                Incr(ns)  Path(ns)    Netlist Resource(s)
  -------------------------------------------------------------------    -------------------
                         (clock sys_clk_pin rise edge)
                                                      0.000     0.000 r  
    Y9                                                0.000     0.000 r  clk (IN)
                         net (fo=0)                   0.000     0.000    clk
    Y9                   IBUF (Prop_ibuf_I_O)         0.258     0.258 r  clk_IBUF_inst/O
                         net (fo=1, routed)           0.663     0.921    clk_IBUF
    BUFGCTRL_X0Y0        BUFG (Prop_bufg_I_O)         0.026     0.947 r  clk_IBUF_BUFG_inst/O
                         net (fo=7352, routed)        0.558     1.505    lcd0/clk_IBUF_BUFG
    SLICE_X46Y53         FDRE                                         r  lcd0/lcd_initialized_reg/C
  -------------------------------------------------------------------    -------------------
    SLICE_X46Y53         FDRE (Prop_fdre_C_Q)         0.164     1.669 r  lcd0/lcd_initialized_reg/Q
                         net (fo=44, routed)          0.175     1.844    lcd0/lcd_initialized_reg_n_0
    SLICE_X46Y52         LUT3 (Prop_lut3_I1_O)        0.045     1.889 r  lcd0/LCD_E_OBUF_inst_i_1/O
                         net (fo=1, routed)           1.196     3.085    LCD_E_OBUF
    V10                  OBUF (Prop_obuf_I_O)         1.254     4.339 r  LCD_E_OBUF_inst/O
                         net (fo=0)                   0.000     4.339    LCD_E
    V10                                                               r  LCD_E (OUT)
  -------------------------------------------------------------------    -------------------

Slack:                    inf
  Source:                 lcd0/init_rw_reg/C
                            (rising edge-triggered cell FDSE clocked by sys_clk_pin  {rise@0.000ns fall@5.000ns period=10.000ns})
  Destination:            LCD_RW
                            (output port)
  Path Group:             (none)
  Path Type:              Min at Fast Process Corner
  Data Path Delay:        3.011ns  (logic 1.632ns (54.208%)  route 1.379ns (45.792%))
  Logic Levels:           2  (LUT3=1 OBUF=1)
  Clock Uncertainty:      0.025ns  ((TSJ^2 + TIJ^2)^1/2 + DJ) / 2 + PE
    Total System Jitter     (TSJ):    0.050ns
    Total Input Jitter      (TIJ):    0.000ns
    Discrete Jitter          (DJ):    0.000ns
    Phase Error              (PE):    0.000ns

    Location             Delay type                Incr(ns)  Path(ns)    Netlist Resource(s)
  -------------------------------------------------------------------    -------------------
                         (clock sys_clk_pin rise edge)
                                                      0.000     0.000 r  
    Y9                                                0.000     0.000 r  clk (IN)
                         net (fo=0)                   0.000     0.000    clk
    Y9                   IBUF (Prop_ibuf_I_O)         0.258     0.258 r  clk_IBUF_inst/O
                         net (fo=1, routed)           0.663     0.921    clk_IBUF
    BUFGCTRL_X0Y0        BUFG (Prop_bufg_I_O)         0.026     0.947 r  clk_IBUF_BUFG_inst/O
                         net (fo=7352, routed)        0.559     1.506    lcd0/clk_IBUF_BUFG
    SLICE_X46Y50         FDSE                                         r  lcd0/init_rw_reg/C
  -------------------------------------------------------------------    -------------------
    SLICE_X46Y50         FDSE (Prop_fdse_C_Q)         0.164     1.670 r  lcd0/init_rw_reg/Q
                         net (fo=1, routed)           0.163     1.833    lcd0/init_rw
    SLICE_X46Y50         LUT3 (Prop_lut3_I2_O)        0.043     1.876 r  lcd0/LCD_RW_OBUF_inst_i_1/O
                         net (fo=1, routed)           1.216     3.092    LCD_RW_OBUF
    W11                  OBUF (Prop_obuf_I_O)         1.425     4.517 r  LCD_RW_OBUF_inst/O
                         net (fo=0)                   0.000     4.517    LCD_RW
    W11                                                               r  LCD_RW (OUT)
  -------------------------------------------------------------------    -------------------

Slack:                    inf
  Source:                 lcd0/lcd_initialized_reg/C
                            (rising edge-triggered cell FDRE clocked by sys_clk_pin  {rise@0.000ns fall@5.000ns period=10.000ns})
  Destination:            LCD_D[3]
                            (output port)
  Path Group:             (none)
  Path Type:              Min at Fast Process Corner
  Data Path Delay:        3.021ns  (logic 1.587ns (52.547%)  route 1.433ns (47.453%))
  Logic Levels:           2  (LUT3=1 OBUF=1)
  Clock Uncertainty:      0.025ns  ((TSJ^2 + TIJ^2)^1/2 + DJ) / 2 + PE
    Total System Jitter     (TSJ):    0.050ns
    Total Input Jitter      (TIJ):    0.000ns
    Discrete Jitter          (DJ):    0.000ns
    Phase Error              (PE):    0.000ns

    Location             Delay type                Incr(ns)  Path(ns)    Netlist Resource(s)
  -------------------------------------------------------------------    -------------------
                         (clock sys_clk_pin rise edge)
                                                      0.000     0.000 r  
    Y9                                                0.000     0.000 r  clk (IN)
                         net (fo=0)                   0.000     0.000    clk
    Y9                   IBUF (Prop_ibuf_I_O)         0.258     0.258 r  clk_IBUF_inst/O
                         net (fo=1, routed)           0.663     0.921    clk_IBUF
    BUFGCTRL_X0Y0        BUFG (Prop_bufg_I_O)         0.026     0.947 r  clk_IBUF_BUFG_inst/O
                         net (fo=7352, routed)        0.558     1.505    lcd0/clk_IBUF_BUFG
    SLICE_X46Y53         FDRE                                         r  lcd0/lcd_initialized_reg/C
  -------------------------------------------------------------------    -------------------
    SLICE_X46Y53         FDRE (Prop_fdre_C_Q)         0.164     1.669 r  lcd0/lcd_initialized_reg/Q
                         net (fo=44, routed)          0.241     1.910    lcd0/lcd_initialized_reg_n_0
    SLICE_X46Y51         LUT3 (Prop_lut3_I1_O)        0.048     1.958 r  lcd0/LCD_D_OBUF[3]_inst_i_1/O
                         net (fo=1, routed)           1.192     3.150    LCD_D_OBUF[3]
    Y11                  OBUF (Prop_obuf_I_O)         1.375     4.526 r  LCD_D_OBUF[3]_inst/O
                         net (fo=0)                   0.000     4.526    LCD_D[3]
    Y11                                                               r  LCD_D[3] (OUT)
  -------------------------------------------------------------------    -------------------

Slack:                    inf
  Source:                 lcd0/init_d_reg[2]/C
                            (rising edge-triggered cell FDRE clocked by sys_clk_pin  {rise@0.000ns fall@5.000ns period=10.000ns})
  Destination:            LCD_D[2]
                            (output port)
  Path Group:             (none)
  Path Type:              Min at Fast Process Corner
  Data Path Delay:        3.063ns  (logic 1.542ns (50.328%)  route 1.521ns (49.672%))
  Logic Levels:           2  (LUT3=1 OBUF=1)
  Clock Uncertainty:      0.025ns  ((TSJ^2 + TIJ^2)^1/2 + DJ) / 2 + PE
    Total System Jitter     (TSJ):    0.050ns
    Total Input Jitter      (TIJ):    0.000ns
    Discrete Jitter          (DJ):    0.000ns
    Phase Error              (PE):    0.000ns

    Location             Delay type                Incr(ns)  Path(ns)    Netlist Resource(s)
  -------------------------------------------------------------------    -------------------
                         (clock sys_clk_pin rise edge)
                                                      0.000     0.000 r  
    Y9                                                0.000     0.000 r  clk (IN)
                         net (fo=0)                   0.000     0.000    clk
    Y9                   IBUF (Prop_ibuf_I_O)         0.258     0.258 r  clk_IBUF_inst/O
                         net (fo=1, routed)           0.663     0.921    clk_IBUF
    BUFGCTRL_X0Y0        BUFG (Prop_bufg_I_O)         0.026     0.947 r  clk_IBUF_BUFG_inst/O
                         net (fo=7352, routed)        0.559     1.506    lcd0/clk_IBUF_BUFG
    SLICE_X47Y51         FDRE                                         r  lcd0/init_d_reg[2]/C
  -------------------------------------------------------------------    -------------------
    SLICE_X47Y51         FDRE (Prop_fdre_C_Q)         0.128     1.634 r  lcd0/init_d_reg[2]/Q
                         net (fo=1, routed)           0.166     1.800    lcd0/init_d[2]
    SLICE_X46Y51         LUT3 (Prop_lut3_I2_O)        0.098     1.898 r  lcd0/LCD_D_OBUF[2]_inst_i_1/O
                         net (fo=1, routed)           1.355     3.253    LCD_D_OBUF[2]
    AA11                 OBUF (Prop_obuf_I_O)         1.316     4.569 r  LCD_D_OBUF[2]_inst/O
                         net (fo=0)                   0.000     4.569    LCD_D[2]
    AA11                                                              r  LCD_D[2] (OUT)
  -------------------------------------------------------------------    -------------------

Slack:                    inf
  Source:                 lcd0/text_d_reg[1]/C
                            (rising edge-triggered cell FDRE clocked by sys_clk_pin  {rise@0.000ns fall@5.000ns period=10.000ns})
  Destination:            LCD_D[1]
                            (output port)
  Path Group:             (none)
  Path Type:              Min at Fast Process Corner
  Data Path Delay:        3.176ns  (logic 1.569ns (49.403%)  route 1.607ns (50.597%))
  Logic Levels:           2  (LUT3=1 OBUF=1)
  Clock Uncertainty:      0.025ns  ((TSJ^2 + TIJ^2)^1/2 + DJ) / 2 + PE
    Total System Jitter     (TSJ):    0.050ns
    Total Input Jitter      (TIJ):    0.000ns
    Discrete Jitter          (DJ):    0.000ns
    Phase Error              (PE):    0.000ns

    Location             Delay type                Incr(ns)  Path(ns)    Netlist Resource(s)
  -------------------------------------------------------------------    -------------------
                         (clock sys_clk_pin rise edge)
                                                      0.000     0.000 r  
    Y9                                                0.000     0.000 r  clk (IN)
                         net (fo=0)                   0.000     0.000    clk
    Y9                   IBUF (Prop_ibuf_I_O)         0.258     0.258 r  clk_IBUF_inst/O
                         net (fo=1, routed)           0.663     0.921    clk_IBUF
    BUFGCTRL_X0Y0        BUFG (Prop_bufg_I_O)         0.026     0.947 r  clk_IBUF_BUFG_inst/O
                         net (fo=7352, routed)        0.559     1.506    lcd0/clk_IBUF_BUFG
    SLICE_X46Y51         FDRE                                         r  lcd0/text_d_reg[1]/C
  -------------------------------------------------------------------    -------------------
    SLICE_X46Y51         FDRE (Prop_fdre_C_Q)         0.164     1.670 r  lcd0/text_d_reg[1]/Q
                         net (fo=1, routed)           0.223     1.893    lcd0/text_d[1]
    SLICE_X46Y51         LUT3 (Prop_lut3_I0_O)        0.044     1.937 r  lcd0/LCD_D_OBUF[1]_inst_i_1/O
                         net (fo=1, routed)           1.384     3.321    LCD_D_OBUF[1]
    Y10                  OBUF (Prop_obuf_I_O)         1.361     4.682 r  LCD_D_OBUF[1]_inst/O
                         net (fo=0)                   0.000     4.682    LCD_D[1]
    Y10                                                               r  LCD_D[1] (OUT)
  -------------------------------------------------------------------    -------------------

Slack:                    inf
  Source:                 lcd0/text_rs_reg/C
                            (rising edge-triggered cell FDRE clocked by sys_clk_pin  {rise@0.000ns fall@5.000ns period=10.000ns})
  Destination:            LCD_RS
                            (output port)
  Path Group:             (none)
  Path Type:              Min at Fast Process Corner
  Data Path Delay:        3.178ns  (logic 1.634ns (51.422%)  route 1.544ns (48.578%))
  Logic Levels:           2  (LUT2=1 OBUF=1)
  Clock Uncertainty:      0.025ns  ((TSJ^2 + TIJ^2)^1/2 + DJ) / 2 + PE
    Total System Jitter     (TSJ):    0.050ns
    Total Input Jitter      (TIJ):    0.000ns
    Discrete Jitter          (DJ):    0.000ns
    Phase Error              (PE):    0.000ns

    Location             Delay type                Incr(ns)  Path(ns)    Netlist Resource(s)
  -------------------------------------------------------------------    -------------------
                         (clock sys_clk_pin rise edge)
                                                      0.000     0.000 r  
    Y9                                                0.000     0.000 r  clk (IN)
                         net (fo=0)                   0.000     0.000    clk
    Y9                   IBUF (Prop_ibuf_I_O)         0.258     0.258 r  clk_IBUF_inst/O
                         net (fo=1, routed)           0.663     0.921    clk_IBUF
    BUFGCTRL_X0Y0        BUFG (Prop_bufg_I_O)         0.026     0.947 r  clk_IBUF_BUFG_inst/O
                         net (fo=7352, routed)        0.558     1.505    lcd0/clk_IBUF_BUFG
    SLICE_X46Y54         FDRE                                         r  lcd0/text_rs_reg/C
  -------------------------------------------------------------------    -------------------
    SLICE_X46Y54         FDRE (Prop_fdre_C_Q)         0.164     1.669 r  lcd0/text_rs_reg/Q
                         net (fo=1, routed)           0.344     2.012    lcd0/text_rs_reg_n_0
    SLICE_X46Y50         LUT2 (Prop_lut2_I1_O)        0.045     2.057 r  lcd0/LCD_RS_OBUF_inst_i_1/O
                         net (fo=1, routed)           1.200     3.258    LCD_RS_OBUF
    W12                  OBUF (Prop_obuf_I_O)         1.425     4.683 r  LCD_RS_OBUF_inst/O
                         net (fo=0)                   0.000     4.683    LCD_RS
    W12                                                               r  LCD_RS (OUT)
  -------------------------------------------------------------------    -------------------





--------------------------------------------------------------------------------------
Path Group:  (none)
From Clock:  
  To Clock:  sys_clk_pin

Max Delay          7228 Endpoints
Min Delay          7228 Endpoints
--------------------------------------------------------------------------------------


Max Delay Paths
--------------------------------------------------------------------------------------
Slack:                    inf
  Source:                 reset_n
                            (input port)
  Destination:            rkRAM/k_reg[1][28]/R
                            (rising edge-triggered cell FDRE clocked by sys_clk_pin  {rise@0.000ns fall@5.000ns period=10.000ns})
  Path Group:             (none)
  Path Type:              Setup (Max at Slow Process Corner)
  Data Path Delay:        21.845ns  (logic 1.611ns (7.374%)  route 20.234ns (92.626%))
  Logic Levels:           2  (IBUF=1 LUT1=1)
  Clock Path Skew:        5.022ns (DCD - SCD + CPR)
    Destination Clock Delay (DCD):    5.022ns
    Source Clock Delay      (SCD):    0.000ns
    Clock Pessimism Removal (CPR):    0.000ns
  Clock Uncertainty:      0.025ns  ((TSJ^2 + TIJ^2)^1/2 + DJ) / 2 + PE
    Total System Jitter     (TSJ):    0.050ns
    Total Input Jitter      (TIJ):    0.000ns
    Discrete Jitter          (DJ):    0.000ns
    Phase Error              (PE):    0.000ns

    Location             Delay type                Incr(ns)  Path(ns)    Netlist Resource(s)
  -------------------------------------------------------------------    -------------------
    F22                                               0.000     0.000 f  reset_n (IN)
                         net (fo=0)                   0.000     0.000    reset_n
    F22                  IBUF (Prop_ibuf_I_O)         1.487     1.487 f  reset_n_IBUF_inst/O
                         net (fo=80, routed)          2.010     3.497    rkRAM/reset_n_IBUF
    SLICE_X94Y106        LUT1 (Prop_lut1_I0_O)        0.124     3.621 r  rkRAM/counter[0]_i_1/O
                         net (fo=6909, routed)       18.225    21.845    rkRAM/counter[0]
    SLICE_X57Y95         FDRE                                         r  rkRAM/k_reg[1][28]/R
  -------------------------------------------------------------------    -------------------

                         (clock sys_clk_pin rise edge)
                                                      0.000     0.000 r  
    Y9                                                0.000     0.000 r  clk (IN)
                         net (fo=0)                   0.000     0.000    clk
    Y9                   IBUF (Prop_ibuf_I_O)         1.420     1.420 r  clk_IBUF_inst/O
                         net (fo=1, routed)           1.972     3.392    clk_IBUF
    BUFGCTRL_X0Y0        BUFG (Prop_bufg_I_O)         0.091     3.483 r  clk_IBUF_BUFG_inst/O
                         net (fo=7352, routed)        1.540     5.022    rkRAM/clk_IBUF_BUFG
    SLICE_X57Y95         FDRE                                         r  rkRAM/k_reg[1][28]/C

Slack:                    inf
  Source:                 reset_n
                            (input port)
  Destination:            rkRAM/k_reg[2][28]/R
                            (rising edge-triggered cell FDRE clocked by sys_clk_pin  {rise@0.000ns fall@5.000ns period=10.000ns})
  Path Group:             (none)
  Path Type:              Setup (Max at Slow Process Corner)
  Data Path Delay:        21.845ns  (logic 1.611ns (7.374%)  route 20.234ns (92.626%))
  Logic Levels:           2  (IBUF=1 LUT1=1)
  Clock Path Skew:        5.022ns (DCD - SCD + CPR)
    Destination Clock Delay (DCD):    5.022ns
    Source Clock Delay      (SCD):    0.000ns
    Clock Pessimism Removal (CPR):    0.000ns
  Clock Uncertainty:      0.025ns  ((TSJ^2 + TIJ^2)^1/2 + DJ) / 2 + PE
    Total System Jitter     (TSJ):    0.050ns
    Total Input Jitter      (TIJ):    0.000ns
    Discrete Jitter          (DJ):    0.000ns
    Phase Error              (PE):    0.000ns

    Location             Delay type                Incr(ns)  Path(ns)    Netlist Resource(s)
  -------------------------------------------------------------------    -------------------
    F22                                               0.000     0.000 f  reset_n (IN)
                         net (fo=0)                   0.000     0.000    reset_n
    F22                  IBUF (Prop_ibuf_I_O)         1.487     1.487 f  reset_n_IBUF_inst/O
                         net (fo=80, routed)          2.010     3.497    rkRAM/reset_n_IBUF
    SLICE_X94Y106        LUT1 (Prop_lut1_I0_O)        0.124     3.621 r  rkRAM/counter[0]_i_1/O
                         net (fo=6909, routed)       18.225    21.845    rkRAM/counter[0]
    SLICE_X57Y95         FDRE                                         r  rkRAM/k_reg[2][28]/R
  -------------------------------------------------------------------    -------------------

                         (clock sys_clk_pin rise edge)
                                                      0.000     0.000 r  
    Y9                                                0.000     0.000 r  clk (IN)
                         net (fo=0)                   0.000     0.000    clk
    Y9                   IBUF (Prop_ibuf_I_O)         1.420     1.420 r  clk_IBUF_inst/O
                         net (fo=1, routed)           1.972     3.392    clk_IBUF
    BUFGCTRL_X0Y0        BUFG (Prop_bufg_I_O)         0.091     3.483 r  clk_IBUF_BUFG_inst/O
                         net (fo=7352, routed)        1.540     5.022    rkRAM/clk_IBUF_BUFG
    SLICE_X57Y95         FDRE                                         r  rkRAM/k_reg[2][28]/C

Slack:                    inf
  Source:                 reset_n
                            (input port)
  Destination:            rkRAM/k_reg[3][28]/R
                            (rising edge-triggered cell FDRE clocked by sys_clk_pin  {rise@0.000ns fall@5.000ns period=10.000ns})
  Path Group:             (none)
  Path Type:              Setup (Max at Slow Process Corner)
  Data Path Delay:        21.845ns  (logic 1.611ns (7.374%)  route 20.234ns (92.626%))
  Logic Levels:           2  (IBUF=1 LUT1=1)
  Clock Path Skew:        5.022ns (DCD - SCD + CPR)
    Destination Clock Delay (DCD):    5.022ns
    Source Clock Delay      (SCD):    0.000ns
    Clock Pessimism Removal (CPR):    0.000ns
  Clock Uncertainty:      0.025ns  ((TSJ^2 + TIJ^2)^1/2 + DJ) / 2 + PE
    Total System Jitter     (TSJ):    0.050ns
    Total Input Jitter      (TIJ):    0.000ns
    Discrete Jitter          (DJ):    0.000ns
    Phase Error              (PE):    0.000ns

    Location             Delay type                Incr(ns)  Path(ns)    Netlist Resource(s)
  -------------------------------------------------------------------    -------------------
    F22                                               0.000     0.000 f  reset_n (IN)
                         net (fo=0)                   0.000     0.000    reset_n
    F22                  IBUF (Prop_ibuf_I_O)         1.487     1.487 f  reset_n_IBUF_inst/O
                         net (fo=80, routed)          2.010     3.497    rkRAM/reset_n_IBUF
    SLICE_X94Y106        LUT1 (Prop_lut1_I0_O)        0.124     3.621 r  rkRAM/counter[0]_i_1/O
                         net (fo=6909, routed)       18.225    21.845    rkRAM/counter[0]
    SLICE_X57Y95         FDRE                                         r  rkRAM/k_reg[3][28]/R
  -------------------------------------------------------------------    -------------------

                         (clock sys_clk_pin rise edge)
                                                      0.000     0.000 r  
    Y9                                                0.000     0.000 r  clk (IN)
                         net (fo=0)                   0.000     0.000    clk
    Y9                   IBUF (Prop_ibuf_I_O)         1.420     1.420 r  clk_IBUF_inst/O
                         net (fo=1, routed)           1.972     3.392    clk_IBUF
    BUFGCTRL_X0Y0        BUFG (Prop_bufg_I_O)         0.091     3.483 r  clk_IBUF_BUFG_inst/O
                         net (fo=7352, routed)        1.540     5.022    rkRAM/clk_IBUF_BUFG
    SLICE_X57Y95         FDRE                                         r  rkRAM/k_reg[3][28]/C

Slack:                    inf
  Source:                 reset_n
                            (input port)
  Destination:            genloop[2].md5/passwd_bin2dec_str/dec_str_reg[17]/R
                            (rising edge-triggered cell FDRE clocked by sys_clk_pin  {rise@0.000ns fall@5.000ns period=10.000ns})
  Path Group:             (none)
  Path Type:              Setup (Max at Slow Process Corner)
  Data Path Delay:        21.707ns  (logic 1.611ns (7.421%)  route 20.096ns (92.579%))
  Logic Levels:           2  (IBUF=1 LUT1=1)
  Clock Path Skew:        5.022ns (DCD - SCD + CPR)
    Destination Clock Delay (DCD):    5.022ns
    Source Clock Delay      (SCD):    0.000ns
    Clock Pessimism Removal (CPR):    0.000ns
  Clock Uncertainty:      0.025ns  ((TSJ^2 + TIJ^2)^1/2 + DJ) / 2 + PE
    Total System Jitter     (TSJ):    0.050ns
    Total Input Jitter      (TIJ):    0.000ns
    Discrete Jitter          (DJ):    0.000ns
    Phase Error              (PE):    0.000ns

    Location             Delay type                Incr(ns)  Path(ns)    Netlist Resource(s)
  -------------------------------------------------------------------    -------------------
    F22                                               0.000     0.000 f  reset_n (IN)
                         net (fo=0)                   0.000     0.000    reset_n
    F22                  IBUF (Prop_ibuf_I_O)         1.487     1.487 f  reset_n_IBUF_inst/O
                         net (fo=80, routed)          2.010     3.497    rkRAM/reset_n_IBUF
    SLICE_X94Y106        LUT1 (Prop_lut1_I0_O)        0.124     3.621 r  rkRAM/counter[0]_i_1/O
                         net (fo=6909, routed)       18.086    21.707    genloop[2].md5/passwd_bin2dec_str/counter[0]
    SLICE_X57Y94         FDRE                                         r  genloop[2].md5/passwd_bin2dec_str/dec_str_reg[17]/R
  -------------------------------------------------------------------    -------------------

                         (clock sys_clk_pin rise edge)
                                                      0.000     0.000 r  
    Y9                                                0.000     0.000 r  clk (IN)
                         net (fo=0)                   0.000     0.000    clk
    Y9                   IBUF (Prop_ibuf_I_O)         1.420     1.420 r  clk_IBUF_inst/O
                         net (fo=1, routed)           1.972     3.392    clk_IBUF
    BUFGCTRL_X0Y0        BUFG (Prop_bufg_I_O)         0.091     3.483 r  clk_IBUF_BUFG_inst/O
                         net (fo=7352, routed)        1.540     5.022    genloop[2].md5/passwd_bin2dec_str/clk_IBUF_BUFG
    SLICE_X57Y94         FDRE                                         r  genloop[2].md5/passwd_bin2dec_str/dec_str_reg[17]/C

Slack:                    inf
  Source:                 reset_n
                            (input port)
  Destination:            genloop[2].md5/passwd_dec_str_reg_reg[17]/R
                            (rising edge-triggered cell FDRE clocked by sys_clk_pin  {rise@0.000ns fall@5.000ns period=10.000ns})
  Path Group:             (none)
  Path Type:              Setup (Max at Slow Process Corner)
  Data Path Delay:        21.559ns  (logic 1.611ns (7.472%)  route 19.948ns (92.528%))
  Logic Levels:           2  (IBUF=1 LUT1=1)
  Clock Path Skew:        5.022ns (DCD - SCD + CPR)
    Destination Clock Delay (DCD):    5.022ns
    Source Clock Delay      (SCD):    0.000ns
    Clock Pessimism Removal (CPR):    0.000ns
  Clock Uncertainty:      0.025ns  ((TSJ^2 + TIJ^2)^1/2 + DJ) / 2 + PE
    Total System Jitter     (TSJ):    0.050ns
    Total Input Jitter      (TIJ):    0.000ns
    Discrete Jitter          (DJ):    0.000ns
    Phase Error              (PE):    0.000ns

    Location             Delay type                Incr(ns)  Path(ns)    Netlist Resource(s)
  -------------------------------------------------------------------    -------------------
    F22                                               0.000     0.000 f  reset_n (IN)
                         net (fo=0)                   0.000     0.000    reset_n
    F22                  IBUF (Prop_ibuf_I_O)         1.487     1.487 f  reset_n_IBUF_inst/O
                         net (fo=80, routed)          2.010     3.497    rkRAM/reset_n_IBUF
    SLICE_X94Y106        LUT1 (Prop_lut1_I0_O)        0.124     3.621 r  rkRAM/counter[0]_i_1/O
                         net (fo=6909, routed)       17.938    21.559    genloop[2].md5/counter[0]
    SLICE_X57Y93         FDRE                                         r  genloop[2].md5/passwd_dec_str_reg_reg[17]/R
  -------------------------------------------------------------------    -------------------

                         (clock sys_clk_pin rise edge)
                                                      0.000     0.000 r  
    Y9                                                0.000     0.000 r  clk (IN)
                         net (fo=0)                   0.000     0.000    clk
    Y9                   IBUF (Prop_ibuf_I_O)         1.420     1.420 r  clk_IBUF_inst/O
                         net (fo=1, routed)           1.972     3.392    clk_IBUF
    BUFGCTRL_X0Y0        BUFG (Prop_bufg_I_O)         0.091     3.483 r  clk_IBUF_BUFG_inst/O
                         net (fo=7352, routed)        1.540     5.022    genloop[2].md5/clk_IBUF_BUFG
    SLICE_X57Y93         FDRE                                         r  genloop[2].md5/passwd_dec_str_reg_reg[17]/C

Slack:                    inf
  Source:                 reset_n
                            (input port)
  Destination:            genloop[2].md5/passwd_dec_str_reg_reg[57]/R
                            (rising edge-triggered cell FDRE clocked by sys_clk_pin  {rise@0.000ns fall@5.000ns period=10.000ns})
  Path Group:             (none)
  Path Type:              Setup (Max at Slow Process Corner)
  Data Path Delay:        21.429ns  (logic 1.611ns (7.517%)  route 19.818ns (92.483%))
  Logic Levels:           2  (IBUF=1 LUT1=1)
  Clock Path Skew:        5.023ns (DCD - SCD + CPR)
    Destination Clock Delay (DCD):    5.023ns
    Source Clock Delay      (SCD):    0.000ns
    Clock Pessimism Removal (CPR):    0.000ns
  Clock Uncertainty:      0.025ns  ((TSJ^2 + TIJ^2)^1/2 + DJ) / 2 + PE
    Total System Jitter     (TSJ):    0.050ns
    Total Input Jitter      (TIJ):    0.000ns
    Discrete Jitter          (DJ):    0.000ns
    Phase Error              (PE):    0.000ns

    Location             Delay type                Incr(ns)  Path(ns)    Netlist Resource(s)
  -------------------------------------------------------------------    -------------------
    F22                                               0.000     0.000 f  reset_n (IN)
                         net (fo=0)                   0.000     0.000    reset_n
    F22                  IBUF (Prop_ibuf_I_O)         1.487     1.487 f  reset_n_IBUF_inst/O
                         net (fo=80, routed)          2.010     3.497    rkRAM/reset_n_IBUF
    SLICE_X94Y106        LUT1 (Prop_lut1_I0_O)        0.124     3.621 r  rkRAM/counter[0]_i_1/O
                         net (fo=6909, routed)       17.808    21.429    genloop[2].md5/counter[0]
    SLICE_X60Y90         FDRE                                         r  genloop[2].md5/passwd_dec_str_reg_reg[57]/R
  -------------------------------------------------------------------    -------------------

                         (clock sys_clk_pin rise edge)
                                                      0.000     0.000 r  
    Y9                                                0.000     0.000 r  clk (IN)
                         net (fo=0)                   0.000     0.000    clk
    Y9                   IBUF (Prop_ibuf_I_O)         1.420     1.420 r  clk_IBUF_inst/O
                         net (fo=1, routed)           1.972     3.392    clk_IBUF
    BUFGCTRL_X0Y0        BUFG (Prop_bufg_I_O)         0.091     3.483 r  clk_IBUF_BUFG_inst/O
                         net (fo=7352, routed)        1.541     5.023    genloop[2].md5/clk_IBUF_BUFG
    SLICE_X60Y90         FDRE                                         r  genloop[2].md5/passwd_dec_str_reg_reg[57]/C

Slack:                    inf
  Source:                 reset_n
                            (input port)
  Destination:            genloop[2].md5/passwd_dec_str_reg_reg[61]/R
                            (rising edge-triggered cell FDRE clocked by sys_clk_pin  {rise@0.000ns fall@5.000ns period=10.000ns})
  Path Group:             (none)
  Path Type:              Setup (Max at Slow Process Corner)
  Data Path Delay:        21.429ns  (logic 1.611ns (7.517%)  route 19.818ns (92.483%))
  Logic Levels:           2  (IBUF=1 LUT1=1)
  Clock Path Skew:        5.023ns (DCD - SCD + CPR)
    Destination Clock Delay (DCD):    5.023ns
    Source Clock Delay      (SCD):    0.000ns
    Clock Pessimism Removal (CPR):    0.000ns
  Clock Uncertainty:      0.025ns  ((TSJ^2 + TIJ^2)^1/2 + DJ) / 2 + PE
    Total System Jitter     (TSJ):    0.050ns
    Total Input Jitter      (TIJ):    0.000ns
    Discrete Jitter          (DJ):    0.000ns
    Phase Error              (PE):    0.000ns

    Location             Delay type                Incr(ns)  Path(ns)    Netlist Resource(s)
  -------------------------------------------------------------------    -------------------
    F22                                               0.000     0.000 f  reset_n (IN)
                         net (fo=0)                   0.000     0.000    reset_n
    F22                  IBUF (Prop_ibuf_I_O)         1.487     1.487 f  reset_n_IBUF_inst/O
                         net (fo=80, routed)          2.010     3.497    rkRAM/reset_n_IBUF
    SLICE_X94Y106        LUT1 (Prop_lut1_I0_O)        0.124     3.621 r  rkRAM/counter[0]_i_1/O
                         net (fo=6909, routed)       17.808    21.429    genloop[2].md5/counter[0]
    SLICE_X60Y90         FDRE                                         r  genloop[2].md5/passwd_dec_str_reg_reg[61]/R
  -------------------------------------------------------------------    -------------------

                         (clock sys_clk_pin rise edge)
                                                      0.000     0.000 r  
    Y9                                                0.000     0.000 r  clk (IN)
                         net (fo=0)                   0.000     0.000    clk
    Y9                   IBUF (Prop_ibuf_I_O)         1.420     1.420 r  clk_IBUF_inst/O
                         net (fo=1, routed)           1.972     3.392    clk_IBUF
    BUFGCTRL_X0Y0        BUFG (Prop_bufg_I_O)         0.091     3.483 r  clk_IBUF_BUFG_inst/O
                         net (fo=7352, routed)        1.541     5.023    genloop[2].md5/clk_IBUF_BUFG
    SLICE_X60Y90         FDRE                                         r  genloop[2].md5/passwd_dec_str_reg_reg[61]/C

Slack:                    inf
  Source:                 reset_n
                            (input port)
  Destination:            genloop[2].md5/hash_reg[113]/R
                            (rising edge-triggered cell FDRE clocked by sys_clk_pin  {rise@0.000ns fall@5.000ns period=10.000ns})
  Path Group:             (none)
  Path Type:              Setup (Max at Slow Process Corner)
  Data Path Delay:        21.425ns  (logic 1.611ns (7.518%)  route 19.814ns (92.482%))
  Logic Levels:           2  (IBUF=1 LUT1=1)
  Clock Path Skew:        5.023ns (DCD - SCD + CPR)
    Destination Clock Delay (DCD):    5.023ns
    Source Clock Delay      (SCD):    0.000ns
    Clock Pessimism Removal (CPR):    0.000ns
  Clock Uncertainty:      0.025ns  ((TSJ^2 + TIJ^2)^1/2 + DJ) / 2 + PE
    Total System Jitter     (TSJ):    0.050ns
    Total Input Jitter      (TIJ):    0.000ns
    Discrete Jitter          (DJ):    0.000ns
    Phase Error              (PE):    0.000ns

    Location             Delay type                Incr(ns)  Path(ns)    Netlist Resource(s)
  -------------------------------------------------------------------    -------------------
    F22                                               0.000     0.000 f  reset_n (IN)
                         net (fo=0)                   0.000     0.000    reset_n
    F22                  IBUF (Prop_ibuf_I_O)         1.487     1.487 f  reset_n_IBUF_inst/O
                         net (fo=80, routed)          2.010     3.497    rkRAM/reset_n_IBUF
    SLICE_X94Y106        LUT1 (Prop_lut1_I0_O)        0.124     3.621 r  rkRAM/counter[0]_i_1/O
                         net (fo=6909, routed)       17.804    21.425    genloop[2].md5/counter[0]
    SLICE_X61Y90         FDRE                                         r  genloop[2].md5/hash_reg[113]/R
  -------------------------------------------------------------------    -------------------

                         (clock sys_clk_pin rise edge)
                                                      0.000     0.000 r  
    Y9                                                0.000     0.000 r  clk (IN)
                         net (fo=0)                   0.000     0.000    clk
    Y9                   IBUF (Prop_ibuf_I_O)         1.420     1.420 r  clk_IBUF_inst/O
                         net (fo=1, routed)           1.972     3.392    clk_IBUF
    BUFGCTRL_X0Y0        BUFG (Prop_bufg_I_O)         0.091     3.483 r  clk_IBUF_BUFG_inst/O
                         net (fo=7352, routed)        1.541     5.023    genloop[2].md5/clk_IBUF_BUFG
    SLICE_X61Y90         FDRE                                         r  genloop[2].md5/hash_reg[113]/C

Slack:                    inf
  Source:                 reset_n
                            (input port)
  Destination:            genloop[2].md5/hash_reg[114]/R
                            (rising edge-triggered cell FDRE clocked by sys_clk_pin  {rise@0.000ns fall@5.000ns period=10.000ns})
  Path Group:             (none)
  Path Type:              Setup (Max at Slow Process Corner)
  Data Path Delay:        21.425ns  (logic 1.611ns (7.518%)  route 19.814ns (92.482%))
  Logic Levels:           2  (IBUF=1 LUT1=1)
  Clock Path Skew:        5.023ns (DCD - SCD + CPR)
    Destination Clock Delay (DCD):    5.023ns
    Source Clock Delay      (SCD):    0.000ns
    Clock Pessimism Removal (CPR):    0.000ns
  Clock Uncertainty:      0.025ns  ((TSJ^2 + TIJ^2)^1/2 + DJ) / 2 + PE
    Total System Jitter     (TSJ):    0.050ns
    Total Input Jitter      (TIJ):    0.000ns
    Discrete Jitter          (DJ):    0.000ns
    Phase Error              (PE):    0.000ns

    Location             Delay type                Incr(ns)  Path(ns)    Netlist Resource(s)
  -------------------------------------------------------------------    -------------------
    F22                                               0.000     0.000 f  reset_n (IN)
                         net (fo=0)                   0.000     0.000    reset_n
    F22                  IBUF (Prop_ibuf_I_O)         1.487     1.487 f  reset_n_IBUF_inst/O
                         net (fo=80, routed)          2.010     3.497    rkRAM/reset_n_IBUF
    SLICE_X94Y106        LUT1 (Prop_lut1_I0_O)        0.124     3.621 r  rkRAM/counter[0]_i_1/O
                         net (fo=6909, routed)       17.804    21.425    genloop[2].md5/counter[0]
    SLICE_X61Y90         FDRE                                         r  genloop[2].md5/hash_reg[114]/R
  -------------------------------------------------------------------    -------------------

                         (clock sys_clk_pin rise edge)
                                                      0.000     0.000 r  
    Y9                                                0.000     0.000 r  clk (IN)
                         net (fo=0)                   0.000     0.000    clk
    Y9                   IBUF (Prop_ibuf_I_O)         1.420     1.420 r  clk_IBUF_inst/O
                         net (fo=1, routed)           1.972     3.392    clk_IBUF
    BUFGCTRL_X0Y0        BUFG (Prop_bufg_I_O)         0.091     3.483 r  clk_IBUF_BUFG_inst/O
                         net (fo=7352, routed)        1.541     5.023    genloop[2].md5/clk_IBUF_BUFG
    SLICE_X61Y90         FDRE                                         r  genloop[2].md5/hash_reg[114]/C

Slack:                    inf
  Source:                 reset_n
                            (input port)
  Destination:            genloop[2].md5/hash_reg[29]/R
                            (rising edge-triggered cell FDRE clocked by sys_clk_pin  {rise@0.000ns fall@5.000ns period=10.000ns})
  Path Group:             (none)
  Path Type:              Setup (Max at Slow Process Corner)
  Data Path Delay:        21.425ns  (logic 1.611ns (7.518%)  route 19.814ns (92.482%))
  Logic Levels:           2  (IBUF=1 LUT1=1)
  Clock Path Skew:        5.023ns (DCD - SCD + CPR)
    Destination Clock Delay (DCD):    5.023ns
    Source Clock Delay      (SCD):    0.000ns
    Clock Pessimism Removal (CPR):    0.000ns
  Clock Uncertainty:      0.025ns  ((TSJ^2 + TIJ^2)^1/2 + DJ) / 2 + PE
    Total System Jitter     (TSJ):    0.050ns
    Total Input Jitter      (TIJ):    0.000ns
    Discrete Jitter          (DJ):    0.000ns
    Phase Error              (PE):    0.000ns

    Location             Delay type                Incr(ns)  Path(ns)    Netlist Resource(s)
  -------------------------------------------------------------------    -------------------
    F22                                               0.000     0.000 f  reset_n (IN)
                         net (fo=0)                   0.000     0.000    reset_n
    F22                  IBUF (Prop_ibuf_I_O)         1.487     1.487 f  reset_n_IBUF_inst/O
                         net (fo=80, routed)          2.010     3.497    rkRAM/reset_n_IBUF
    SLICE_X94Y106        LUT1 (Prop_lut1_I0_O)        0.124     3.621 r  rkRAM/counter[0]_i_1/O
                         net (fo=6909, routed)       17.804    21.425    genloop[2].md5/counter[0]
    SLICE_X61Y90         FDRE                                         r  genloop[2].md5/hash_reg[29]/R
  -------------------------------------------------------------------    -------------------

                         (clock sys_clk_pin rise edge)
                                                      0.000     0.000 r  
    Y9                                                0.000     0.000 r  clk (IN)
                         net (fo=0)                   0.000     0.000    clk
    Y9                   IBUF (Prop_ibuf_I_O)         1.420     1.420 r  clk_IBUF_inst/O
                         net (fo=1, routed)           1.972     3.392    clk_IBUF
    BUFGCTRL_X0Y0        BUFG (Prop_bufg_I_O)         0.091     3.483 r  clk_IBUF_BUFG_inst/O
                         net (fo=7352, routed)        1.541     5.023    genloop[2].md5/clk_IBUF_BUFG
    SLICE_X61Y90         FDRE                                         r  genloop[2].md5/hash_reg[29]/C





Min Delay Paths
--------------------------------------------------------------------------------------
Slack:                    inf
  Source:                 reset_n
                            (input port)
  Destination:            genloop[7].md5/passwd_bin2dec_str/quotient_reg[12]/R
                            (rising edge-triggered cell FDRE clocked by sys_clk_pin  {rise@0.000ns fall@5.000ns period=10.000ns})
  Path Group:             (none)
  Path Type:              Hold (Min at Fast Process Corner)
  Data Path Delay:        1.315ns  (logic 0.300ns (22.789%)  route 1.015ns (77.211%))
  Logic Levels:           2  (IBUF=1 LUT1=1)
  Clock Path Skew:        2.158ns (DCD - SCD - CPR)
    Destination Clock Delay (DCD):    2.158ns
    Source Clock Delay      (SCD):    0.000ns
    Clock Pessimism Removal (CPR):    -0.000ns

    Location             Delay type                Incr(ns)  Path(ns)    Netlist Resource(s)
  -------------------------------------------------------------------    -------------------
    F22                                               0.000     0.000 f  reset_n (IN)
                         net (fo=0)                   0.000     0.000    reset_n
    F22                  IBUF (Prop_ibuf_I_O)         0.255     0.255 f  reset_n_IBUF_inst/O
                         net (fo=80, routed)          0.818     1.073    rkRAM/reset_n_IBUF
    SLICE_X94Y106        LUT1 (Prop_lut1_I0_O)        0.045     1.118 r  rkRAM/counter[0]_i_1/O
                         net (fo=6909, routed)        0.197     1.315    genloop[7].md5/passwd_bin2dec_str/counter[0]
    SLICE_X92Y106        FDRE                                         r  genloop[7].md5/passwd_bin2dec_str/quotient_reg[12]/R
  -------------------------------------------------------------------    -------------------

                         (clock sys_clk_pin rise edge)
                                                      0.000     0.000 r  
    Y9                                                0.000     0.000 r  clk (IN)
                         net (fo=0)                   0.000     0.000    clk
    Y9                   IBUF (Prop_ibuf_I_O)         0.446     0.446 r  clk_IBUF_inst/O
                         net (fo=1, routed)           0.719     1.165    clk_IBUF
    BUFGCTRL_X0Y0        BUFG (Prop_bufg_I_O)         0.029     1.194 r  clk_IBUF_BUFG_inst/O
                         net (fo=7352, routed)        0.964     2.158    genloop[7].md5/passwd_bin2dec_str/clk_IBUF_BUFG
    SLICE_X92Y106        FDRE                                         r  genloop[7].md5/passwd_bin2dec_str/quotient_reg[12]/C

Slack:                    inf
  Source:                 reset_n
                            (input port)
  Destination:            genloop[7].md5/passwd_bin2dec_str/quotient_reg[13]/R
                            (rising edge-triggered cell FDRE clocked by sys_clk_pin  {rise@0.000ns fall@5.000ns period=10.000ns})
  Path Group:             (none)
  Path Type:              Hold (Min at Fast Process Corner)
  Data Path Delay:        1.315ns  (logic 0.300ns (22.789%)  route 1.015ns (77.211%))
  Logic Levels:           2  (IBUF=1 LUT1=1)
  Clock Path Skew:        2.158ns (DCD - SCD - CPR)
    Destination Clock Delay (DCD):    2.158ns
    Source Clock Delay      (SCD):    0.000ns
    Clock Pessimism Removal (CPR):    -0.000ns

    Location             Delay type                Incr(ns)  Path(ns)    Netlist Resource(s)
  -------------------------------------------------------------------    -------------------
    F22                                               0.000     0.000 f  reset_n (IN)
                         net (fo=0)                   0.000     0.000    reset_n
    F22                  IBUF (Prop_ibuf_I_O)         0.255     0.255 f  reset_n_IBUF_inst/O
                         net (fo=80, routed)          0.818     1.073    rkRAM/reset_n_IBUF
    SLICE_X94Y106        LUT1 (Prop_lut1_I0_O)        0.045     1.118 r  rkRAM/counter[0]_i_1/O
                         net (fo=6909, routed)        0.197     1.315    genloop[7].md5/passwd_bin2dec_str/counter[0]
    SLICE_X92Y106        FDRE                                         r  genloop[7].md5/passwd_bin2dec_str/quotient_reg[13]/R
  -------------------------------------------------------------------    -------------------

                         (clock sys_clk_pin rise edge)
                                                      0.000     0.000 r  
    Y9                                                0.000     0.000 r  clk (IN)
                         net (fo=0)                   0.000     0.000    clk
    Y9                   IBUF (Prop_ibuf_I_O)         0.446     0.446 r  clk_IBUF_inst/O
                         net (fo=1, routed)           0.719     1.165    clk_IBUF
    BUFGCTRL_X0Y0        BUFG (Prop_bufg_I_O)         0.029     1.194 r  clk_IBUF_BUFG_inst/O
                         net (fo=7352, routed)        0.964     2.158    genloop[7].md5/passwd_bin2dec_str/clk_IBUF_BUFG
    SLICE_X92Y106        FDRE                                         r  genloop[7].md5/passwd_bin2dec_str/quotient_reg[13]/C

Slack:                    inf
  Source:                 reset_n
                            (input port)
  Destination:            genloop[7].md5/passwd_bin2dec_str/quotient_reg[2]/R
                            (rising edge-triggered cell FDRE clocked by sys_clk_pin  {rise@0.000ns fall@5.000ns period=10.000ns})
  Path Group:             (none)
  Path Type:              Hold (Min at Fast Process Corner)
  Data Path Delay:        1.315ns  (logic 0.300ns (22.789%)  route 1.015ns (77.211%))
  Logic Levels:           2  (IBUF=1 LUT1=1)
  Clock Path Skew:        2.158ns (DCD - SCD - CPR)
    Destination Clock Delay (DCD):    2.158ns
    Source Clock Delay      (SCD):    0.000ns
    Clock Pessimism Removal (CPR):    -0.000ns

    Location             Delay type                Incr(ns)  Path(ns)    Netlist Resource(s)
  -------------------------------------------------------------------    -------------------
    F22                                               0.000     0.000 f  reset_n (IN)
                         net (fo=0)                   0.000     0.000    reset_n
    F22                  IBUF (Prop_ibuf_I_O)         0.255     0.255 f  reset_n_IBUF_inst/O
                         net (fo=80, routed)          0.818     1.073    rkRAM/reset_n_IBUF
    SLICE_X94Y106        LUT1 (Prop_lut1_I0_O)        0.045     1.118 r  rkRAM/counter[0]_i_1/O
                         net (fo=6909, routed)        0.197     1.315    genloop[7].md5/passwd_bin2dec_str/counter[0]
    SLICE_X92Y106        FDRE                                         r  genloop[7].md5/passwd_bin2dec_str/quotient_reg[2]/R
  -------------------------------------------------------------------    -------------------

                         (clock sys_clk_pin rise edge)
                                                      0.000     0.000 r  
    Y9                                                0.000     0.000 r  clk (IN)
                         net (fo=0)                   0.000     0.000    clk
    Y9                   IBUF (Prop_ibuf_I_O)         0.446     0.446 r  clk_IBUF_inst/O
                         net (fo=1, routed)           0.719     1.165    clk_IBUF
    BUFGCTRL_X0Y0        BUFG (Prop_bufg_I_O)         0.029     1.194 r  clk_IBUF_BUFG_inst/O
                         net (fo=7352, routed)        0.964     2.158    genloop[7].md5/passwd_bin2dec_str/clk_IBUF_BUFG
    SLICE_X92Y106        FDRE                                         r  genloop[7].md5/passwd_bin2dec_str/quotient_reg[2]/C

Slack:                    inf
  Source:                 reset_n
                            (input port)
  Destination:            genloop[7].md5/passwd_bin2dec_str/quotient_reg[0]/R
                            (rising edge-triggered cell FDRE clocked by sys_clk_pin  {rise@0.000ns fall@5.000ns period=10.000ns})
  Path Group:             (none)
  Path Type:              Hold (Min at Fast Process Corner)
  Data Path Delay:        1.379ns  (logic 0.300ns (21.723%)  route 1.079ns (78.277%))
  Logic Levels:           2  (IBUF=1 LUT1=1)
  Clock Path Skew:        2.158ns (DCD - SCD - CPR)
    Destination Clock Delay (DCD):    2.158ns
    Source Clock Delay      (SCD):    0.000ns
    Clock Pessimism Removal (CPR):    -0.000ns

    Location             Delay type                Incr(ns)  Path(ns)    Netlist Resource(s)
  -------------------------------------------------------------------    -------------------
    F22                                               0.000     0.000 f  reset_n (IN)
                         net (fo=0)                   0.000     0.000    reset_n
    F22                  IBUF (Prop_ibuf_I_O)         0.255     0.255 f  reset_n_IBUF_inst/O
                         net (fo=80, routed)          0.818     1.073    rkRAM/reset_n_IBUF
    SLICE_X94Y106        LUT1 (Prop_lut1_I0_O)        0.045     1.118 r  rkRAM/counter[0]_i_1/O
                         net (fo=6909, routed)        0.262     1.379    genloop[7].md5/passwd_bin2dec_str/counter[0]
    SLICE_X92Y105        FDRE                                         r  genloop[7].md5/passwd_bin2dec_str/quotient_reg[0]/R
  -------------------------------------------------------------------    -------------------

                         (clock sys_clk_pin rise edge)
                                                      0.000     0.000 r  
    Y9                                                0.000     0.000 r  clk (IN)
                         net (fo=0)                   0.000     0.000    clk
    Y9                   IBUF (Prop_ibuf_I_O)         0.446     0.446 r  clk_IBUF_inst/O
                         net (fo=1, routed)           0.719     1.165    clk_IBUF
    BUFGCTRL_X0Y0        BUFG (Prop_bufg_I_O)         0.029     1.194 r  clk_IBUF_BUFG_inst/O
                         net (fo=7352, routed)        0.964     2.158    genloop[7].md5/passwd_bin2dec_str/clk_IBUF_BUFG
    SLICE_X92Y105        FDRE                                         r  genloop[7].md5/passwd_bin2dec_str/quotient_reg[0]/C

Slack:                    inf
  Source:                 reset_n
                            (input port)
  Destination:            genloop[7].md5/passwd_bin2dec_str/quotient_reg[11]/R
                            (rising edge-triggered cell FDRE clocked by sys_clk_pin  {rise@0.000ns fall@5.000ns period=10.000ns})
  Path Group:             (none)
  Path Type:              Hold (Min at Fast Process Corner)
  Data Path Delay:        1.379ns  (logic 0.300ns (21.723%)  route 1.079ns (78.277%))
  Logic Levels:           2  (IBUF=1 LUT1=1)
  Clock Path Skew:        2.158ns (DCD - SCD - CPR)
    Destination Clock Delay (DCD):    2.158ns
    Source Clock Delay      (SCD):    0.000ns
    Clock Pessimism Removal (CPR):    -0.000ns

    Location             Delay type                Incr(ns)  Path(ns)    Netlist Resource(s)
  -------------------------------------------------------------------    -------------------
    F22                                               0.000     0.000 f  reset_n (IN)
                         net (fo=0)                   0.000     0.000    reset_n
    F22                  IBUF (Prop_ibuf_I_O)         0.255     0.255 f  reset_n_IBUF_inst/O
                         net (fo=80, routed)          0.818     1.073    rkRAM/reset_n_IBUF
    SLICE_X94Y106        LUT1 (Prop_lut1_I0_O)        0.045     1.118 r  rkRAM/counter[0]_i_1/O
                         net (fo=6909, routed)        0.262     1.379    genloop[7].md5/passwd_bin2dec_str/counter[0]
    SLICE_X92Y105        FDRE                                         r  genloop[7].md5/passwd_bin2dec_str/quotient_reg[11]/R
  -------------------------------------------------------------------    -------------------

                         (clock sys_clk_pin rise edge)
                                                      0.000     0.000 r  
    Y9                                                0.000     0.000 r  clk (IN)
                         net (fo=0)                   0.000     0.000    clk
    Y9                   IBUF (Prop_ibuf_I_O)         0.446     0.446 r  clk_IBUF_inst/O
                         net (fo=1, routed)           0.719     1.165    clk_IBUF
    BUFGCTRL_X0Y0        BUFG (Prop_bufg_I_O)         0.029     1.194 r  clk_IBUF_BUFG_inst/O
                         net (fo=7352, routed)        0.964     2.158    genloop[7].md5/passwd_bin2dec_str/clk_IBUF_BUFG
    SLICE_X92Y105        FDRE                                         r  genloop[7].md5/passwd_bin2dec_str/quotient_reg[11]/C

Slack:                    inf
  Source:                 reset_n
                            (input port)
  Destination:            genloop[7].md5/passwd_bin2dec_str/quotient_reg[16]/R
                            (rising edge-triggered cell FDRE clocked by sys_clk_pin  {rise@0.000ns fall@5.000ns period=10.000ns})
  Path Group:             (none)
  Path Type:              Hold (Min at Fast Process Corner)
  Data Path Delay:        1.379ns  (logic 0.300ns (21.723%)  route 1.079ns (78.277%))
  Logic Levels:           2  (IBUF=1 LUT1=1)
  Clock Path Skew:        2.158ns (DCD - SCD - CPR)
    Destination Clock Delay (DCD):    2.158ns
    Source Clock Delay      (SCD):    0.000ns
    Clock Pessimism Removal (CPR):    -0.000ns

    Location             Delay type                Incr(ns)  Path(ns)    Netlist Resource(s)
  -------------------------------------------------------------------    -------------------
    F22                                               0.000     0.000 f  reset_n (IN)
                         net (fo=0)                   0.000     0.000    reset_n
    F22                  IBUF (Prop_ibuf_I_O)         0.255     0.255 f  reset_n_IBUF_inst/O
                         net (fo=80, routed)          0.818     1.073    rkRAM/reset_n_IBUF
    SLICE_X94Y106        LUT1 (Prop_lut1_I0_O)        0.045     1.118 r  rkRAM/counter[0]_i_1/O
                         net (fo=6909, routed)        0.262     1.379    genloop[7].md5/passwd_bin2dec_str/counter[0]
    SLICE_X92Y105        FDRE                                         r  genloop[7].md5/passwd_bin2dec_str/quotient_reg[16]/R
  -------------------------------------------------------------------    -------------------

                         (clock sys_clk_pin rise edge)
                                                      0.000     0.000 r  
    Y9                                                0.000     0.000 r  clk (IN)
                         net (fo=0)                   0.000     0.000    clk
    Y9                   IBUF (Prop_ibuf_I_O)         0.446     0.446 r  clk_IBUF_inst/O
                         net (fo=1, routed)           0.719     1.165    clk_IBUF
    BUFGCTRL_X0Y0        BUFG (Prop_bufg_I_O)         0.029     1.194 r  clk_IBUF_BUFG_inst/O
                         net (fo=7352, routed)        0.964     2.158    genloop[7].md5/passwd_bin2dec_str/clk_IBUF_BUFG
    SLICE_X92Y105        FDRE                                         r  genloop[7].md5/passwd_bin2dec_str/quotient_reg[16]/C

Slack:                    inf
  Source:                 reset_n
                            (input port)
  Destination:            genloop[7].md5/passwd_bin2dec_str/quotient_reg[14]/R
                            (rising edge-triggered cell FDRE clocked by sys_clk_pin  {rise@0.000ns fall@5.000ns period=10.000ns})
  Path Group:             (none)
  Path Type:              Hold (Min at Fast Process Corner)
  Data Path Delay:        1.405ns  (logic 0.300ns (21.317%)  route 1.106ns (78.683%))
  Logic Levels:           2  (IBUF=1 LUT1=1)
  Clock Path Skew:        2.159ns (DCD - SCD - CPR)
    Destination Clock Delay (DCD):    2.159ns
    Source Clock Delay      (SCD):    0.000ns
    Clock Pessimism Removal (CPR):    -0.000ns

    Location             Delay type                Incr(ns)  Path(ns)    Netlist Resource(s)
  -------------------------------------------------------------------    -------------------
    F22                                               0.000     0.000 f  reset_n (IN)
                         net (fo=0)                   0.000     0.000    reset_n
    F22                  IBUF (Prop_ibuf_I_O)         0.255     0.255 f  reset_n_IBUF_inst/O
                         net (fo=80, routed)          0.818     1.073    rkRAM/reset_n_IBUF
    SLICE_X94Y106        LUT1 (Prop_lut1_I0_O)        0.045     1.118 r  rkRAM/counter[0]_i_1/O
                         net (fo=6909, routed)        0.288     1.405    genloop[7].md5/passwd_bin2dec_str/counter[0]
    SLICE_X94Y106        FDRE                                         r  genloop[7].md5/passwd_bin2dec_str/quotient_reg[14]/R
  -------------------------------------------------------------------    -------------------

                         (clock sys_clk_pin rise edge)
                                                      0.000     0.000 r  
    Y9                                                0.000     0.000 r  clk (IN)
                         net (fo=0)                   0.000     0.000    clk
    Y9                   IBUF (Prop_ibuf_I_O)         0.446     0.446 r  clk_IBUF_inst/O
                         net (fo=1, routed)           0.719     1.165    clk_IBUF
    BUFGCTRL_X0Y0        BUFG (Prop_bufg_I_O)         0.029     1.194 r  clk_IBUF_BUFG_inst/O
                         net (fo=7352, routed)        0.965     2.159    genloop[7].md5/passwd_bin2dec_str/clk_IBUF_BUFG
    SLICE_X94Y106        FDRE                                         r  genloop[7].md5/passwd_bin2dec_str/quotient_reg[14]/C

Slack:                    inf
  Source:                 reset_n
                            (input port)
  Destination:            genloop[7].md5/passwd_bin2dec_str/quotient_reg[10]/R
                            (rising edge-triggered cell FDRE clocked by sys_clk_pin  {rise@0.000ns fall@5.000ns period=10.000ns})
  Path Group:             (none)
  Path Type:              Hold (Min at Fast Process Corner)
  Data Path Delay:        1.456ns  (logic 0.300ns (20.572%)  route 1.157ns (79.428%))
  Logic Levels:           2  (IBUF=1 LUT1=1)
  Clock Path Skew:        2.158ns (DCD - SCD - CPR)
    Destination Clock Delay (DCD):    2.158ns
    Source Clock Delay      (SCD):    0.000ns
    Clock Pessimism Removal (CPR):    -0.000ns

    Location             Delay type                Incr(ns)  Path(ns)    Netlist Resource(s)
  -------------------------------------------------------------------    -------------------
    F22                                               0.000     0.000 f  reset_n (IN)
                         net (fo=0)                   0.000     0.000    reset_n
    F22                  IBUF (Prop_ibuf_I_O)         0.255     0.255 f  reset_n_IBUF_inst/O
                         net (fo=80, routed)          0.818     1.073    rkRAM/reset_n_IBUF
    SLICE_X94Y106        LUT1 (Prop_lut1_I0_O)        0.045     1.118 r  rkRAM/counter[0]_i_1/O
                         net (fo=6909, routed)        0.339     1.456    genloop[7].md5/passwd_bin2dec_str/counter[0]
    SLICE_X91Y104        FDRE                                         r  genloop[7].md5/passwd_bin2dec_str/quotient_reg[10]/R
  -------------------------------------------------------------------    -------------------

                         (clock sys_clk_pin rise edge)
                                                      0.000     0.000 r  
    Y9                                                0.000     0.000 r  clk (IN)
                         net (fo=0)                   0.000     0.000    clk
    Y9                   IBUF (Prop_ibuf_I_O)         0.446     0.446 r  clk_IBUF_inst/O
                         net (fo=1, routed)           0.719     1.165    clk_IBUF
    BUFGCTRL_X0Y0        BUFG (Prop_bufg_I_O)         0.029     1.194 r  clk_IBUF_BUFG_inst/O
                         net (fo=7352, routed)        0.964     2.158    genloop[7].md5/passwd_bin2dec_str/clk_IBUF_BUFG
    SLICE_X91Y104        FDRE                                         r  genloop[7].md5/passwd_bin2dec_str/quotient_reg[10]/C

Slack:                    inf
  Source:                 reset_n
                            (input port)
  Destination:            genloop[7].md5/passwd_bin2dec_str/quotient_reg[3]/R
                            (rising edge-triggered cell FDRE clocked by sys_clk_pin  {rise@0.000ns fall@5.000ns period=10.000ns})
  Path Group:             (none)
  Path Type:              Hold (Min at Fast Process Corner)
  Data Path Delay:        1.456ns  (logic 0.300ns (20.572%)  route 1.157ns (79.428%))
  Logic Levels:           2  (IBUF=1 LUT1=1)
  Clock Path Skew:        2.158ns (DCD - SCD - CPR)
    Destination Clock Delay (DCD):    2.158ns
    Source Clock Delay      (SCD):    0.000ns
    Clock Pessimism Removal (CPR):    -0.000ns

    Location             Delay type                Incr(ns)  Path(ns)    Netlist Resource(s)
  -------------------------------------------------------------------    -------------------
    F22                                               0.000     0.000 f  reset_n (IN)
                         net (fo=0)                   0.000     0.000    reset_n
    F22                  IBUF (Prop_ibuf_I_O)         0.255     0.255 f  reset_n_IBUF_inst/O
                         net (fo=80, routed)          0.818     1.073    rkRAM/reset_n_IBUF
    SLICE_X94Y106        LUT1 (Prop_lut1_I0_O)        0.045     1.118 r  rkRAM/counter[0]_i_1/O
                         net (fo=6909, routed)        0.339     1.456    genloop[7].md5/passwd_bin2dec_str/counter[0]
    SLICE_X91Y104        FDRE                                         r  genloop[7].md5/passwd_bin2dec_str/quotient_reg[3]/R
  -------------------------------------------------------------------    -------------------

                         (clock sys_clk_pin rise edge)
                                                      0.000     0.000 r  
    Y9                                                0.000     0.000 r  clk (IN)
                         net (fo=0)                   0.000     0.000    clk
    Y9                   IBUF (Prop_ibuf_I_O)         0.446     0.446 r  clk_IBUF_inst/O
                         net (fo=1, routed)           0.719     1.165    clk_IBUF
    BUFGCTRL_X0Y0        BUFG (Prop_bufg_I_O)         0.029     1.194 r  clk_IBUF_BUFG_inst/O
                         net (fo=7352, routed)        0.964     2.158    genloop[7].md5/passwd_bin2dec_str/clk_IBUF_BUFG
    SLICE_X91Y104        FDRE                                         r  genloop[7].md5/passwd_bin2dec_str/quotient_reg[3]/C

Slack:                    inf
  Source:                 reset_n
                            (input port)
  Destination:            genloop[7].md5/passwd_bin2dec_str/quotient_reg[9]/R
                            (rising edge-triggered cell FDRE clocked by sys_clk_pin  {rise@0.000ns fall@5.000ns period=10.000ns})
  Path Group:             (none)
  Path Type:              Hold (Min at Fast Process Corner)
  Data Path Delay:        1.456ns  (logic 0.300ns (20.572%)  route 1.157ns (79.428%))
  Logic Levels:           2  (IBUF=1 LUT1=1)
  Clock Path Skew:        2.158ns (DCD - SCD - CPR)
    Destination Clock Delay (DCD):    2.158ns
    Source Clock Delay      (SCD):    0.000ns
    Clock Pessimism Removal (CPR):    -0.000ns

    Location             Delay type                Incr(ns)  Path(ns)    Netlist Resource(s)
  -------------------------------------------------------------------    -------------------
    F22                                               0.000     0.000 f  reset_n (IN)
                         net (fo=0)                   0.000     0.000    reset_n
    F22                  IBUF (Prop_ibuf_I_O)         0.255     0.255 f  reset_n_IBUF_inst/O
                         net (fo=80, routed)          0.818     1.073    rkRAM/reset_n_IBUF
    SLICE_X94Y106        LUT1 (Prop_lut1_I0_O)        0.045     1.118 r  rkRAM/counter[0]_i_1/O
                         net (fo=6909, routed)        0.339     1.456    genloop[7].md5/passwd_bin2dec_str/counter[0]
    SLICE_X91Y104        FDRE                                         r  genloop[7].md5/passwd_bin2dec_str/quotient_reg[9]/R
  -------------------------------------------------------------------    -------------------

                         (clock sys_clk_pin rise edge)
                                                      0.000     0.000 r  
    Y9                                                0.000     0.000 r  clk (IN)
                         net (fo=0)                   0.000     0.000    clk
    Y9                   IBUF (Prop_ibuf_I_O)         0.446     0.446 r  clk_IBUF_inst/O
                         net (fo=1, routed)           0.719     1.165    clk_IBUF
    BUFGCTRL_X0Y0        BUFG (Prop_bufg_I_O)         0.029     1.194 r  clk_IBUF_BUFG_inst/O
                         net (fo=7352, routed)        0.964     2.158    genloop[7].md5/passwd_bin2dec_str/clk_IBUF_BUFG
    SLICE_X91Y104        FDRE                                         r  genloop[7].md5/passwd_bin2dec_str/quotient_reg[9]/C





