000
000
000
000
000
000
000
000
000
000
000
000
000
000
000
000
000
000
000
000
000
000
000
000
000
000
000
000
000
000
000
000
000
000
000
000
000
000
000
000
000
000
000
000
000
000
000
000
000
000
000
000
000
000
000
000
000
000
000
000
000
000
000
000
000
000
000
000
000
000
000
000
000
000
000
000
000
000
000
000
000
000
000
000
000
000
000
000
000
000
000
000
000
000
000
000
000
000
000
000
000
000
000
000
000
000
000
000
000
000
000
000
000
000
000
000
000
000
000
000
000
000
000
000
000
000
000
000
000
000
000
000
000
000
000
000
000
000
000
000
000
000
000
000
000
000
000
000
000
000
000
000
000
000
000
000
000
000
000
000
000
000
000
000
000
000
000
000
000
000
000
000
000
000
000
000
000
000
000
000
000
000
000
000
000
000
000
000
000
000
000
000
000
000
000
000
000
000
000
000
000
000
000
000
000
000
000
000
000
000
000
000
000
000
000
000
000
000
000
000
000
000
000
000
000
000
000
000
000
000
000
000
000
000
000
000
000
000
000
000
000
000
000
000
000
000
000
000
000
000
000
000
000
000
000
000
000
000
000
000
000
000
000
000
000
000
000
000
000
000
000
000
000
000
000
000
000
000
000
000
000
000
000
000
000
000
000
000
000
000
000
000
000
000
000
000
000
000
000
000
000
000
000
000
000
000
000
000
000
000
000
000
000
000
000
000
000
000
000
000
000
000
000
000
000
000
000
000
000
000
000
000
000
000
000
000
000
000
000
000
000
000
000
000
000
000
000
000
000
000
000
000
000
000
000
000
000
000
000
000
000
000
000
000
000
000
000
000
000
000
000
000
000
000
000
000
000
000
000
000
000
000
000
000
000
000
000
000
000
000
000
000
000
000
000
000
000
000
000
000
000
000
000
000
000
000
000
000
000
000
000
000
000
000
000
000
000
000
000
000
000
000
000
000
000
000
000
000
000
000
000
000
000
000
000
000
000
000
000
000
000
000
000
000
000
000
000
000
000
000
000
000
000
000
000
000
000
000
000
000
000
000
000
000
000
000
000
000
000
000
000
000
000
000
000
000
000
000
000
000
000
000
000
000
000
000
000
000
000
000
000
000
000
000
000
000
000
000
000
000
000
000
000
000
000
000
000
000
000
000
000
000
000
000
000
000
000
000
000
000
000
000
000
000
000
000
000
000
000
000
000
000
000
000
000
000
000
000
000
000
000
000
000
000
000
000
000
000
000
000
000
000
000
000
000
000
000
000
000
000
000
000
000
000
000
000
000
000
000
000
000
000
000
000
000
000
000
000
000
000
000
000
000
000
252
111
000
000
000
000
000
000
000
000
000
000
000
000
000
000
000
000
000
000
000
000
000
000
000
000
000
000
000
000
000
000
000
000
000
000
000
000
000
000
000
000
000
000
000
000
000
000
000
000
000
000
000
000
000
000
000
000
000
000
000
000
000
322
000
000
000
000
000
000
000
000
000
000
000
000
000
000
000
000
000
000
000
000
000
000
000
000
000
000
000
000
000
000
000
000
000
000
000
000
121
000
000
000
000
000
000
000
000
000
000
000
000
000
000
000
000
000
000
000
000
000
000
000
000
000
000
000
000
000
000
000
000
000
000
000
000
000
000
000
000
000
000
000
000
000
000
000
000
000
000
000
000
000
000
000
000
000
000
000
000
000
000
322
100
000
000
000
000
000
000
000
000
000
000
000
000
000
000
000
000
121
121
000
000
000
000
000
000
000
000
000
000
000
000
000
000
000
000
000
000
000
000
000
000
000
000
000
000
000
000
000
000
000
000
000
000
000
000
000
000
000
000
000
000
000
000
000
000
000
000
000
000
000
000
000
000
000
000
000
000
000
000
000
000
000
000
000
000
000
000
000
000
000
000
000
000
000
000
000
000
000
000
000
100
000
000
000
000
000
000
000
000
000
000
000
000
000
000
000
242
484
374
121
000
000
000
000
000
000
000
000
000
000
000
000
000
000
000
000
000
000
000
000
000
010
010
010
111
110
000
000
000
000
000
000
000
000
000
000
000
000
000
000
000
000
000
000
000
000
000
000
000
000
000
000
000
000
000
000
000
000
000
000
000
000
000
000
000
000
000
000
000
000
000
000
000
000
000
000
000
000
000
000
000
000
000
000
000
000
000
000
000
000
000
000
000
000
000
010
253
485
374
121
000
000
000
000
000
000
000
000
000
000
000
000
000
000
000
010
000
000
000
000
000
000
111
010
364
364
000
000
000
000
000
000
000
000
000
000
000
000
000
000
000
000
000
000
000
000
000
000
000
000
000
000
000
000
000
000
000
000
000
000
000
000
000
000
000
000
000
000
000
000
000
000
000
000
000
000
000
000
000
000
000
000
000
000
000
000
000
000
000
000
000
000
000
000
000
000
242
364
364
122
000
000
000
000
000
000
000
000
000
000
000
000
000
000
000
000
000
000
000
010
121
111
111
121
374
495
010
000
000
000
000
000
000
000
000
000
000
000
000
000
000
000
000
000
000
000
000
000
000
000
000
000
000
000
000
000
000
000
000
000
000
000
000
000
000
000
000
000
000
000
000
000
000
000
000
000
000
000
000
000
000
000
000
000
000
000
000
000
000
000
000
000
000
000
000
000
000
121
121
000
000
000
000
000
000
000
000
000
000
000
000
000
000
000
000
000
000
000
000
010
232
121
010
111
242
363
121
000
000
000
000
000
000
000
000
000
000
000
000
000
000
000
000
000
000
000
000
000
000
000
000
000
000
000
000
000
000
000
000
000
000
000
000
000
000
000
000
000
000
000
000
000
000
000
000
000
000
000
000
000
000
000
000
000
000
000
000
000
000
000
000
000
000
000
000
000
000
000
000
100
000
000
000
000
000
000
000
000
000
000
000
000
000
000
000
000
010
010
000
110
131
121
121
131
121
121
121
000
000
000
000
000
000
000
000
000
000
000
000
000
000
000
000
000
000
000
000
000
000
000
000
000
000
000
000
000
000
000
000
000
000
000
000
000
000
000
000
000
000
000
000
000
000
000
000
000
000
000
000
000
000
000
000
000
000
000
000
000
000
000
000
000
000
000
000
000
000
000
100
211
100
311
000
000
000
000
000
000
000
000
000
000
000
000
000
000
111
000
000
121
242
242
242
121
111
110
111
000
000
000
000
000
000
000
000
000
000
000
000
000
000
000
000
000
000
000
000
000
000
000
000
000
000
000
000
000
000
000
000
000
000
000
000
000
000
000
000
000
000
000
000
000
000
000
000
000
000
000
000
000
000
000
000
000
000
000
000
000
000
000
000
000
000
000
000
000
100
000
111
311
210
311
000
522
422
201
311
100
311
000
000
000
000
000
000
000
010
010
121
131
253
485
252
242
131
000
000
000
000
000
000
000
000
000
000
000
000
000
000
000
000
000
000
000
000
000
000
000
000
000
000
000
000
000
000
000
000
000
000
000
000
000
000
000
000
000
000
000
000
000
000
000
000
000
000
000
000
000
000
000
000
000
000
000
000
000
000
000
000
000
000
000
000
000
000
000
522
422
311
311
000
000
311
210
210
000
521
522
200
000
100
100
000
000
000
000
000
121
111
121
363
8c9
485
131
121
121
000
000
000
000
000
000
000
000
000
000
000
000
000
000
000
111
000
000
000
000
000
000
000
000
000
000
000
000
000
000
000
000
000
000
000
000
000
000
000
000
000
000
000
000
000
000
000
000
000
000
000
000
000
000
000
000
000
000
000
000
000
000
000
000
000
000
000
211
100
000
211
632
211
522
312
211
310
000
311
522
311
100
210
000
521
201
000
000
000
000
000
000
121
111
131
474
596
121
000
110
000
000
000
000
000
000
000
000
000
000
000
000
000
222
111
433
110
110
000
110
000
000
000
000
000
000
000
000
000
000
000
000
000
000
000
000
000
000
000
000
000
000
000
000
000
000
000
000
000
000
000
000
000
000
000
000
000
000
000
000
000
000
000
000
000
000
110
422
311
210
000
210
421
632
421
522
100
110
310
632
211
100
311
412
100
000
000
000
000
000
000
010
121
111
232
121
243
232
000
111
000
000
000
000
000
000
000
000
000
000
322
111
100
322
432
443
211
321
321
110
222
000
000
000
000
000
000
000
000
000
000
000
000
000
000
000
000
000
000
000
000
000
000
000
000
000
000
000
000
000
000
000
000
000
000
000
000
000
000
000
000
000
000
000
100
000
100
421
210
421
100
000
211
311
100
421
200
110
632
421
210
210
310
100
000
000
210
110
000
000
000
010
000
110
000
000
000
111
010
000
000
000
000
000
000
000
000
000
332
110
221
543
210
221
543
332
321
765
332
432
443
110
211
000
000
000
000
000
000
000
000
000
000
000
000
000
000
000
000
000
000
000
000
000
000
000
000
000
000
000
000
000
000
000
000
000
000
000
000
000
000
000
000
000
100
311
000
311
210
100
521
522
100
100
100
210
100
311
732
211
210
211
210
000
110
000
522
422
000
000
000
000
000
000
000
010
000
000
000
000
000
000
000
000
000
000
000
000
000
432
432
221
321
210
210
000
221
432
110
432
221
432
110
221
000
000
000
000
000
000
000
000
000
000
000
000
000
000
000
000
000
000
000
000
000
000
000
000
000
000
000
000
000
000
000
000
000
000
000
000
000
000
100
200
000
421
311
321
110
110
211
632
100
211
100
100
210
421
521
210
211
311
211
110
211
000
411
421
100
000
000
000
000
000
000
000
000
000
000
000
000
000
000
000
000
000
000
221
433
221
432
222
100
422
321
432
321
321
210
100
110
432
554
221
000
000
000
000
000
000
000
000
000
000
000
000
000
000
000
000
000
000
000
000
000
000
000
000
000
000
000
000
000
000
000
000
000
000
000
000
000
000
000
000
000
000
311
100
200
311
522
421
311
110
100
411
622
311
310
110
110
211
211
210
421
100
000
100
210
210
000
000
000
000
000
000
000
000
000
000
000
000
000
000
000
000
332
111
332
322
321
432
432
865
965
976
865
975
532
000
211
221
543
432
322
000
000
000
000
000
000
000
000
110
000
000
000
000
000
000
000
000
000
000
000
000
000
000
000
000
000
000
000
000
000
000
000
000
000
000
000
000
100
311
522
210
000
211
210
210
310
210
210
100
211
311
311
321
311
110
100
211
211
100
522
100
000
100
000
000
000
000
000
000
000
000
000
000
000
000
000
000
000
000
000
000
211
443
211
322
211
876
965
644
754
433
532
643
975
643
211
211
432
432
322
000
000
000
000
000
000
000
000
111
322
000
000
000
000
000
000
000
000
000
000
000
000
000
000
000
000
000
000
111
000
000
000
000
000
000
000
000
000
200
311
521
210
110
421
210
100
100
311
621
110
100
210
311
211
100
000
210
311
310
520
100
000
000
000
311
211
000
000
000
000
000
000
011
222
111
111
221
110
000
000
000
211
221
211
110
533
976
865
643
532
533
422
754
643
976
976
321
221
643
321
100
000
000
000
000
000
000
000
000
988
ccc
211
000
000
000
000
000
000
000
000
000
000
000
000
000
000
000
100
211
000
000
000
000
000
000
000
000
000
100
200
211
110
100
100
110
100
100
210
411
211
000
110
211
211
100
000
210
210
310
100
000
311
421
110
000
000
000
000
000
000
000
111
333
111
111
100
111
222
222
000
000
332
322
211
322
854
432
753
432
643
532
643
432
854
854
a76
532
543
432
533
322
100
000
000
000
000
000
000
000
766
dcc
333
000
000
000
000
000
000
000
000
000
000
000
000
000
000
000
100
000
000
000
000
000
000
000
000
000
000
100
110
110
100
621
210
100
210
100
100
100
311
100
100
110
311
100
100
321
000
000
100
100
310
210
422
312
000
000
000
000
000
000
333
111
111
111
222
110
111
232
222
000
543
100
211
765
b86
543
532
221
110
321
543
432
854
632
975
865
210
322
211
100
000
000
000
000
000
000
000
000
000
110
333
001
000
000
000
000
000
000
000
000
000
000
000
000
000
000
000
000
000
000
000
000
000
000
000
000
000
421
311
100
210
411
100
100
100
100
000
100
211
100
000
100
000
100
211
100
100
531
412
000
000
111
110
000
311
100
000
000
000
222
333
233
224
334
335
334
122
111
222
000
433
221
000
432
865
422
432
532
532
853
432
321
533
532
864
864
421
543
443
332
000
000
000
000
000
000
000
000
000
000
000
211
000
000
000
000
000
000
000
000
000
000
000
000
000
000
000
000
000
000
000
000
000
000
000
000
000
110
000
211
311
100
321
421
310
210
211
100
321
210
210
100
000
210
421
100
000
210
100
000
000
211
222
211
100
111
110
000
000
333
233
334
223
223
223
345
233
111
222
111
332
442
000
543
754
422
532
543
754
854
432
754
854
864
965
865
000
110
211
100
000
000
000
000
000
000
000
000
000
000
000
000
100
000
000
000
000
000
000
000
000
000
000
000
000
000
000
000
000
000
000
000
000
000
100
000
000
000
000
100
100
100
000
110
210
100
311
310
421
311
200
210
100
100
100
100
000
000
000
000
110
421
422
311
221
010
110
110
111
454
233
335
223
224
224
234
223
010
222
222
432
543
110
432
b98
643
643
543
533
643
754
643
533
643
965
543
211
211
321
211
000
000
000
000
222
555
444
112
000
000
000
000
000
000
000
000
000
000
000
000
000
000
000
000
000
000
000
000
000
000
000
000
000
000
000
000
000
200
311
210
110
110
110
210
310
100
311
210
000
000
100
210
100
210
100
100
210
100
100
000
100
321
522
421
210
632
211
000
110
233
222
223
235
223
224
334
111
111
222
222
664
443
210
100
654
965
643
533
754
754
754
543
865
854
a87
211
000
321
432
211
100
000
000
322
877
766
656
555
000
000
000
000
000
000
000
000
000
000
000
000
000
000
000
000
000
000
000
000
000
000
000
000
000
000
000
100
000
000
100
210
100
000
110
110
100
110
100
000
000
210
310
100
210
100
000
000
000
000
100
000
522
211
000
111
000
111
000
000
000
111
222
344
345
122
111
211
111
111
222
111
110
654
332
110
543
a86
865
532
422
854
965
643
864
b97
432
221
433
000
000
110
000
100
000
444
765
eee
877
444
222
000
000
000
000
000
000
000
000
000
000
000
000
000
000
000
000
000
000
000
000
000
000
000
000
000
000
000
000
000
210
421
210
210
100
100
100
100
000
100
100
100
000
100
000
100
211
100
100
000
000
000
200
411
111
322
000
100
100
000
000
000
223
445
233
111
111
110
111
221
222
000
221
443
543
554
322
221
987
865
643
864
854
964
a76
644
322
110
544
543
100
111
000
000
000
444
765
aa9
555
655
110
000
000
000
000
000
000
000
000
000
000
000
000
000
000
000
000
000
000
000
000
000
000
000
000
000
000
000
000
000
100
000
100
521
310
100
000
000
311
210
100
000
100
421
210
100
210
100
000
200
110
122
444
100
433
333
444
222
233
222
000
111
000
344
233
111
111
221
222
111
000
000
111
433
654
332
100
222
765
754
975
965
a75
754
533
210
221
432
221
100
110
322
321
000
000
433
655
766
444
111
000
000
000
000
000
000
000
000
000
000
000
000
000
000
000
000
000
000
000
000
000
000
000
000
000
000
000
000
000
000
310
421
210
311
000
000
000
100
100
100
100
000
420
321
000
100
000
322
532
222
332
210
788
011
233
344
333
455
456
111
344
334
000
566
455
111
111
111
111
000
000
000
111
110
211
443
321
432
544
221
532
753
532
422
211
322
321
543
221
221
000
211
632
211
210
533
322
433
000
000
000
000
000
000
000
000
000
000
000
000
000
000
000
000
000
000
000
000
000
000
000
000
000
000
000
000
000
000
000
000
521
311
000
000
000
000
210
100
100
210
100
000
210
200
000
000
100
222
766
433
556
322
667
433
544
466
223
556
345
122
456
011
344
578
000
111
111
000
000
000
000
000
000
111
322
332
321
432
432
432
211
321
321
211
422
654
110
432
211
000
000
433
533
532
532
765
211
100
000
000
000
000
000
000
000
000
000
000
000
000
000
000
000
000
000
000
000
000
000
000
000
000
000
000
000
000
000
000
000
000
000
000
100
000
100
100
222
222
310
100
000
000
310
322
100
333
221
210
445
767
445
344
223
556
222
356
112
566
356
122
245
111
467
345
000
345
123
233
011
000
000
000
000
000
110
211
100
433
433
543
322
432
543
322
433
221
332
000
211
000
000
100
853
742
743
632
100
100
111
000
000
000
000
000
000
000
000
000
000
000
000
101
000
425
212
112
000
000
000
000
000
000
000
000
000
000
000
000
000
000
000
100
100
100
421
100
222
643
200
000
000
000
210
533
334
334
345
322
543
445
445
234
112
466
122
245
001
345
234
012
234
334
356
233
011
344
222
122
111
223
000
000
000
000
000
000
110
100
322
100
221
100
332
433
222
000
211
000
000
111
100
211
632
c97
c97
632
100
110
101
000
000
000
000
000
000
000
000
000
000
000
000
425
646
212
638
425
313
859
101
000
000
000
000
000
000
000
000
000
100
100
000
000
211
311
421
000
210
522
100
100
000
000
222
433
545
345
344
333
744
123
445
123
123
345
122
123
123
245
235
122
123
234
134
111
234
123
345
111
355
112
011
111
000
000
000
000
000
000
111
000
100
000
110
210
000
000
000
000
000
000
000
100
844
db9
eca
964
532
111
000
000
000
000
000
000
000
000
000
000
000
000
000
314
536
536
637
213
859
96a
424
000
000
000
000
000
000
000
000
000
100
111
110
111
111
111
211
000
311
321
311
211
000
233
333
222
222
333
444
344
111
333
234
123
123
245
012
233
234
245
467
023
123
344
356
234
122
345
234
234
345
334
234
344
000
000
000
000
000
000
000
000
000
000
000
000
000
000
000
000
000
000
000
000
521
ca9
db9
743
654
110
000
000
000
000
000
000
000
000
000
000
000
101
324
203
001
203
415
415
95a
526
313
000
000
000
000
000
000
000
000
100
110
111
111
111
111
111
111
100
522
311
000
100
100
222
677
455
222
444
234
133
223
544
223
134
245
022
012
123
234
134
456
012
012
345
234
012
122
234
012
345
234
123
345
111
000
000
000
000
000
000
000
000
000
000
000
000
000
000
000
000
000
111
000
000
100
532
744
543
755
432
211
000
000
000
000
000
000
000
000
000
000
000
425
647
425
203
416
627
637
749
a6b
213
000
000
000
000
000
000
100
111
111
111
111
111
111
111
111
111
211
211
100
222
521
100
422
567
456
334
234
356
468
111
222
011
245
234
011
122
012
123
246
000
123
345
011
122
344
012
467
233
001
346
345
234
000
000
000
000
000
000
000
000
000
000
000
000
000
000
000
000
000
000
221
221
321
532
532
876
a98
865
764
433
000
000
000
000
000
000
000
000
000
000
111
313
535
314
537
203
415
849
425
212
000
000
000
000
100
110
110
111
111
211
211
111
211
211
211
111
211
211
100
323
677
434
200
200
456
134
011
345
357
234
011
001
012
356
234
122
012
134
134
000
234
012
001
134
011
246
234
001
356
567
234
234
000
000
000
000
000
000
110
222
000
000
000
000
000
000
000
000
000
221
543
653
985
c97
b87
dcb
ffe
dca
aa8
764
432
433
100
000
000
000
000
000
000
000
102
525
536
415
748
537
424
748
314
000
000
000
100
100
110
111
111
111
211
211
211
211
211
211
211
211
211
211
222
211
211
445
345
223
211
478
134
000
133
235
244
001
000
234
123
011
112
345
234
000
134
000
011
234
123
234
122
245
245
012
123
223
000
000
000
000
000
000
222
332
000
000
000
000
000
000
000
000
110
332
764
321
975
da8
db9
edc
eee
eec
ddb
ba8
a98
976
211
000
110
000
000
000
100
000
000
101
637
749
748
859
526
324
313
000
000
100
110
111
111
111
111
211
211
211
211
222
222
222
222
222
222
211
322
455
456
334
455
468
245
233
356
123
000
012
123
123
000
234
011
112
011
133
111
112
123
000
346
467
012
123
235
123
012
345
234
345
000
000
000
000
000
000
000
110
321
100
000
000
000
000
000
100
211
342
765
977
a98
976
ddb
cca
ddb
deb
bb8
ba9
cba
976
311
110
110
000
000
211
110
000
000
000
435
536
425
646
314
212
000
000
000
100
100
111
111
211
211
211
211
222
322
322
322
222
322
222
322
322
211
344
567
467
245
223
345
245
334
234
122
567
122
011
000
112
011
223
001
123
111
012
000
233
345
011
123
234
011
123
123
123
023
234
000
000
000
000
000
000
000
000
100
100
000
000
000
000
000
000
110
321
443
b99
988
754
754
543
553
665
664
432
433
322
100
000
100
000
000
000
000
000
000
000
000
000
203
314
000
000
000
000
100
100
110
111
211
211
322
322
322
322
322
322
322
322
322
322
322
322
555
566
334
333
223
123
112
122
245
245
122
223
245
112
112
112
334
011
000
112
011
000
111
346
000
000
122
112
356
356
234
345
467
457
000
100
000
000
000
000
000
000
000
000
000
000
000
000
000
000
521
643
211
644
423
100
000
100
100
000
000
000
210
110
211
432
210
000
100
421
420
212
434
433
210
000
101
202
000
000
000
000
100
111
110
211
211
211
322
322
322
422
422
422
423
423
423
422
422
322
433
556
58a
468
578
345
123
456
223
112
112
000
000
123
123
000
356
011
000
011
000
000
567
112
000
234
012
123
123
023
135
356
456
123
100
210
000
000
000
000
000
000
000
000
000
000
000
000
000
200
000
644
866
410
731
411
200
210
100
000
000
630
520
000
100
210
000
000
000
432
643
211
222
322
532
310
000
102
000
000
000
100
110
111
211
211
211
322
322
322
422
423
524
634
634
634
634
524
533
555
556
444
334
333
445
679
467
356
345
334
345
233
000
000
000
000
122
011
011
112
000
123
112
000
012
123
000
012
345
123
012
012
022
122
000
000
000
000
000
000
000
000
000
000
322
867
632
100
000
000
000
000
644
633
300
633
510
633
321
000
000
420
200
111
310
644
544
000
000
000
000
000
000
000
000
000
000
101
000
000
000
100
100
211
211
311
311
322
422
422
623
866
744
755
755
745
744
644
634
634
667
79a
468
456
234
223
223
223
122
112
112
456
567
112
000
000
001
000
001
000
000
122
000
122
223
000
345
223
000
001
001
000
001
011
000
000
000
000
000
000
000
000
000
000
000
111
310
000
000
000
100
200
100
210
733
534
525
b9c
522
000
000
200
200
000
311
533
101
000
530
310
000
100
754
643
000
000
000
101
000
000
100
100
111
211
211
311
421
422
422
523
634
967
967
a88
977
966
a78
856
755
746
545
545
444
344
223
234
234
112
111
111
000
000
111
223
012
111
112
000
223
000
001
122
001
112
122
123
445
223
011
024
035
245
246
357
000
000
000
000
000
000
000
000
000
000
000
100
410
000
000
000
000
000
321
954
c9a
738
b9c
858
300
100
000
410
410
301
100
000
410
211
745
745
655
544
100
100
000
100
000
101
100
100
100
100
111
111
211
211
322
422
523
634
745
967
b99
baa
a88
b99
b99
b99
856
756
645
433
323
212
322
445
445
112
344
234
233
233
001
000
000
345
223
000
000
000
000
000
000
000
000
000
122
112
134
257
367
468
245
467
000
000
000
000
000
000
000
000
000
000
000
000
000
000
000
000
532
766
100
201
c9b
97a
748
100
100
100
757
636
646
cab
212
967
854
100
657
757
101
000
000
000
210
742
520
000
000
100
100
111
111
211
211
322
422
523
634
745
957
a88
a88
caa
ccb
cbb
b99
a99
878
778
79a
579
357
245
457
356
234
233
233
123
111
011
000
122
112
000
112
001
011
011
000
456
334
000
223
011
000
012
146
246
246
478
346
122
000
000
000
000
000
000
000
000
000
000
000
000
000
000
300
510
312
b64
210
310
724
97a
647
200
421
100
101
100
212
212
000
323
000
000
100
000
000
000
000
000
000
000
201
647
657
112
100
111
111
211
212
322
422
523
634
745
a88
dcc
cbb
cbb
ccc
ccc
cbb
a88
878
656
545
556
678
578
445
234
233
467
345
122
111
111
112
123
000
000
111
001
000
123
000
111
112
001
134
234
122
011
123
024
035
035
235
345
000
000
000
000
000
000
000
000
000
000
000
000
000
000
300
310
000
200
210
941
100
000
000
320
531
200
100
000
000
000
000
000
100
410
310
000
000
000
000
000
000
000
101
547
536
101
100
111
211
211
322
322
423
624
745
856
a89
dcc
cbb
dcc
ccc
b98
a76
866
644
524
534
445
334
222
222
222
333
122
111
233
122
222
112
000
233
012
112
000
000
000
000
000
000
000
000
011
456
245
135
468
467
356
012
012
000
000
000
000
000
000
000
000
000
000
000
000
000
000
000
000
100
000
100
300
000
210
520
100
200
620
100
000
100
300
100
000
000
100
000
000
000
000
000
000
000
100
000
000
000
200
210
111
211
211
322
322
423
634
644
744
cbc
cbb
b88
caa
caa
a77
856
744
645
789
667
444
323
334
345
234
234
234
234
234
011
000
000
345
234
000
122
000
234
122
000
112
223
122
123
001
001
011
012
124
246
479
234
122
000
000
000
000
000
000
000
000
000
000
000
000
000
000
000
100
100
000
100
300
000
200
300
000
320
420
100
200
510
200
100
000
000
000
000
000
200
000
000
000
000
100
000
000
000
100
111
111
111
211
322
322
423
524
644
744
966
a77
a88
b99
a89
856
745
634
534
534
423
333
456
467
356
579
456
233
223
000
222
123
111
123
000
000
011
000
344
000
000
000
134
000
122
112
234
011
123
234
012
134
357
578
000
000
000
000
000
000
000
000
000
000
000
000
000
000
100
200
000
000
100
100
000
100
410
310
100
000
000
000
100
000
000
100
100
000
100
100
000
000
000
000
000
000
310
200
000
100
210
111
211
311
322
322
422
624
634
744
745
845
967
967
745
744
634
524
544
555
567
456
467
235
245
235
112
223
111
111
122
000
011
112
011
234
012
011
344
000
122
000
011
356
012
000
011
000
011
234
234
000
001
123
000
000
000
000
000
000
000
000
000
000
000
000
000
000
000
000
000
000
000
200
310
100
000
000
100
100
000
532
422
322
111
210
310
000
000
000
000
000
000
000
000
000
100
100
000
100
210
110
111
421
621
421
422
523
524
634
644
744
644
634
634
624
524
423
422
556
445
456
356
345
223
111
111
112
123
012
011
234
223
222
000
234
011
233
000
000
111
223
000
334
467
134
123
023
012
001
134
346
000
001
000
000
000
000
000
000
000
000
000
000
000
000
000
000
000
000
000
100
310
630
410
100
311
b9a
757
000
000
000
211
755
311
000
000
000
000
000
000
000
100
000
100
100
000
000
000
100
100
111
211
211
211
311
322
522
631
522
523
524
524
524
524
423
422
422
422
322
555
445
222
211
111
122
235
357
112
122
567
112
122
001
223
012
000
112
000
012
000
000
012
000
011
122
233
233
245
234
001
134
356
134
000
000
000
000
000
000
000
000
000
000
000
000
000
100
000
000
000
200
840
741
752
310
210
435
423
310
210
000
000
000
000
420
310
000
000
000
000
000
000
000
000
000
000
000
000
100
110
110
111
211
521
521
321
322
521
521
422
423
423
423
423
422
422
422
311
434
334
200
222
334
346
234
234
233
112
123
122
012
000
122
355
011
001
001
011
123
112
000
122
222
000
122
011
223
344
245
345
011
223
456
000
000
000
000
000
000
000
000
000
000
000
000
000
400
100
100
100
310
420
200
200
310
740
530
000
000
000
000
000
000
000
000
100
000
000
000
000
000
000
000
000
000
000
000
000
000
000
100
111
211
211
321
311
311
322
322
422
422
422
422
422
422
422
322
322
211
200
445
578
578
345
334
233
234
112
111
234
112
011
234
344
011
001
122
122
234
223
000
123
112
000
122
233
122
133
001
234
567
233
112
000
000
000
000
000
000
000
000
000
000
000
000
100
300
100
200
200
740
630
630
320
000
860
971
210
000
000
000
000
000
000
100
000
000
000
000
000
000
000
100
210
000
000
000
000
000
000
100
100
211
211
211
211
421
421
311
321
312
322
322
322
322
322
322
211
211
322
566
578
445
222
444
667
544
112
345
233
012
345
000
112
123
001
123
112
345
234
001
123
011
000
000
123
112
345
123
001
011
234
334
000
000
000
000
000
000
000
000
000
000
000
000
000
200
000
863
642
300
420
971
210
000
640
530
100
000
000
000
000
000
000
000
000
000
000
100
110
000
000
000
000
000
000
000
000
100
100
110
111
000
111
211
211
211
211
211
321
520
421
322
322
322
322
322
211
211
222
333
222
100
222
456
334
543
133
345
112
122
233
000
234
123
011
234
011
344
344
012
245
223
023
011
012
233
123
344
233
012
001
233
000
000
000
000
000
000
000
000
000
000
000
000
000
200
640
ec7
531
320
000
321
875
310
200
000
000
000
000
000
000
000
000
000
000
000
110
000
100
000
000
000
000
000
000
000
000
000
000
322
ba8
865
211
111
211
211
211
211
211
311
521
411
211
211
322
211
211
211
211
211
111
333
566
345
133
245
011
345
123
245
112
011
233
345
011
134
122
233
233
012
245
345
123
234
112
234
245
012
345
234
234
122
000
000
000
000
000
000
000
000
000
000
000
000
000
100
b82
fe8
a71
530
420
630
541
310
110
110
100
000
000
000
000
000
000
000
000
000
000
000
000
000
000
000
000
000
000
000
000
000
000
000
111
876
432
100
211
111
111
111
211
311
211
211
211
211
211
211
211
211
111
100
111
223
445
334
567
111
233
345
134
001
112
022
233
345
001
135
233
245
123
012
245
246
223
134
012
244
234
123
011
466
455
455
000
000
000
000
000
000
000
000
000
000
000
000
000
300
a82
fe6
a82
640
440
970
860
210
110
210
000
000
000
000
000
000
000
000
000
000
000
000
000
000
000
000
000
000
000
000
100
000
000
000
000
000
000
100
110
111
111
111
111
111
111
211
211
211
211
111
111
110
110
111
100
222
222
566
111
011
223
468
012
000
234
023
234
123
123
357
122
455
554
112
356
245
112
123
123
112
245
122
234
233
345
344
000
000
000
000
000
000
000
000
000
000
000
000
100
510
b92
fe7
ca2
650
540
640
530
210
320
110
000
000
000
000
000
000
000
000
000
000
000
000
000
000
000
000
000
000
000
000
000
000
000
000
000
000
000
000
100
100
110
110
111
111
111
111
111
111
111
111
210
110
110
110
100
000
344
222
122
001
345
356
011
001
356
123
345
122
234
345
000
444
653
222
334
234
123
223
234
012
122
456
223
345
112
000
000
000
000
000
000
000
000
000
000
000
000
000
000
000
000
000
000
000
000
000
000
000
000
000
000
000
000
000
000
000
000
000
000
000
000
000
000
000
000
000
000
000
000
000
000
000
000
000
000
000
000
000
000
000
000
000
000
000
000
000
000
000
000
000
000
000
000
000
000
000
000
000
000
000
000
000
000
000
000
000
000
000
000
000
000
000
000
000
000
000
000
000
000
000
000
000
000
000
000
000
000
000
000
000
000
000
000
000
000
000
000
000
000
000
000
000
000
000
000
000
000
000
000
000
000
000
000
000
000
000
000
000
000
000
000
000
000
000
000
000
000
000
000
000
000
000
000
000
000
000
000
000
000
000
000
000
000
000
000
000
000
000
000
000
000
000
000
000
000
000
000
000
000
000
000
000
000
000
000
000
000
000
000
000
000
000
000
000
000
000
000
000
000
000
000
000
000
000
000
000
000
000
000
000
000
000
000
000
000
000
000
000
000
000
000
000
000
000
000
000
000
000
000
000
000
000
000
000
000
000
000
000
000
000
000
000
000
000
000
000
000
000
000
000
000
000
000
000
000
000
000
000
000
000
000
000
000
000
000
000
000
000
000
000
000
000
000
000
000
000
000
000
000
000
000
000
000
000
000
000
000
000
000
000
000
000
000
000
000
000
000
000
000
000
000
000
000
000
000
000
000
000
000
000
000
000
000
000
000
000
000
000
000
000
000
000
000
000
000
000
000
000
000
000
000
000
000
000
000
000
000
000
000
000
000
000
000
000
000
000
000
000
000
000
000
000
000
000
000
000
000
000
000
000
000
000
000
000
000
000
000
000
000
000
000
000
000
000
000
000
000
000
000
000
000
000
000
000
000
000
000
000
000
000
000
000
000
000
000
000
000
000
000
000
000
000
000
000
000
000
000
000
000
000
000
000
000
000
000
000
000
000
000
000
000
000
000
000
000
000
000
000
000
000
000
000
000
000
000
000
000
000
000
000
000
000
000
000
000
000
000
000
000
000
000
000
000
000
000
000
000
000
000
000
000
000
000
000
000
000
000
000
000
000
000
000
000
000
000
000
000
000
000
000
000
000
000
000
000
000
000
000
000
000
000
000
000
000
000
000
000
000
000
000
000
000
000
000
000
000
000
000
000
000
000
000
000
000
000
000
000
000
000
000
000
000
000
000
000
000
000
000
000
000
000
000
000
000
000
000
000
000
000
000
000
000
000
000
000
000
000
000
000
000
000
000
422
322
212
000
000
000
000
000
000
000
000
000
000
000
000
000
000
000
000
000
000
000
000
000
000
000
000
000
000
000
000
000
000
000
000
000
000
000
000
000
000
000
000
000
000
000
000
000
000
000
000
000
000
000
000
000
000
000
000
000
000
000
000
000
000
000
000
000
000
000
000
000
000
000
000
000
000
000
000
000
000
000
000
000
000
000
000
000
000
000
000
000
000
000
000
000
000
000
000
211
433
644
422
100
000
000
000
000
000
000
000
000
000
000
000
000
000
011
354
464
343
454
121
000
000
000
000
000
000
000
000
000
000
000
000
000
000
000
000
000
000
000
000
000
000
000
000
000
000
000
000
000
000
000
000
000
000
000
000
000
000
000
000
000
000
000
000
000
000
000
000
000
000
000
000
000
000
000
000
000
000
000
000
000
000
000
000
000
000
000
000
000
000
000
000
000
000
000
000
000
312
755
533
000
000
000
000
000
000
000
000
000
000
000
000
000
121
232
243
242
132
353
353
000
000
000
000
000
000
000
000
000
000
000
000
000
000
000
000
000
000
000
000
000
000
000
000
000
000
000
000
000
000
000
000
000
000
000
000
000
000
000
000
000
000
000
000
000
000
000
000
000
000
000
000
000
000
000
000
000
000
000
000
000
000
000
000
000
000
000
000
000
000
000
000
000
000
000
000
000
000
211
100
000
000
000
000
000
000
000
000
000
000
000
000
000
343
232
121
121
121
121
122
010
000
000
000
000
000
000
000
000
000
000
000
000
000
000
000
000
000
000
000
000
000
000
000
000
000
000
000
000
000
000
000
000
000
000
000
000
000
000
000
000
000
000
000
000
000
000
000
000
000
000
000
000
000
000
000
000
000
000
000
000
000
000
000
000
000
000
000
311
a53
a51
a52
210
000
000
000
000
000
000
000
000
000
000
000
000
000
000
000
000
000
000
000
000
242
121
121
242
121
121
232
111
000
000
000
000
000
000
000
000
000
000
000
000
000
000
000
000
000
000
000
000
000
000
000
010
000
000
000
000
000
000
000
000
000
000
000
000
000
000
000
000
000
000
000
000
000
000
000
000
000
000
000
000
000
000
000
000
000
000
000
000
000
000
000
000
000
000
000
610
d85
eb9
a41
831
200
000
000
000
000
000
000
000
000
000
000
000
000
000
000
000
000
000
000
000
122
242
343
342
322
132
354
011
000
312
211
000
311
201
000
100
100
000
000
000
000
000
000
000
000
000
000
000
000
000
000
121
000
000
000
000
000
000
000
000
000
000
000
000
000
000
000
000
000
000
000
000
000
000
000
000
000
000
000
000
000
000
000
000
000
000
000
000
000
000
000
000
000
000
100
520
b86
fff
643
410
210
000
000
000
000
000
000
000
000
000
000
000
000
000
000
000
000
000
000
000
321
232
232
453
232
453
232
000
000
522
211
100
211
523
412
100
000
100
000
000
100
100
000
000
000
000
000
000
000
000
000
000
000
000
000
000
000
000
000
000
000
000
000
000
000
000
000
000
000
000
000
000
000
000
000
000
000
000
000
000
000
000
000
000
000
000
000
000
000
000
000
000
000
000
000
532
d85
e96
953
942
100
000
000
000
000
000
000
000
000
000
000
000
000
000
000
000
000
000
000
000
633
111
222
553
354
232
310
311
000
310
000
000
100
100
421
412
100
100
000
211
000
000
000
000
000
000
010
232
122
000
000
000
000
000
000
000
000
000
000
000
000
000
000
000
000
000
000
000
000
000
000
000
000
000
000
000
000
000
000
000
000
000
000
000
000
000
000
000
000
000
000
000
000
000
000
000
643
843
842
422
000
000
000
000
000
000
000
000
000
000
000
000
000
000
000
000
311
000
000
000
311
210
000
111
211
421
522
421
000
000
100
201
100
210
422
422
000
000
100
100
100
100
000
000
000
111
454
585
586
232
000
000
000
000
000
000
000
000
000
000
000
000
000
000
000
000
000
322
000
110
000
000
000
000
000
000
000
000
000
000
000
000
000
000
000
000
000
000
000
000
000
000
000
000
000
000
000
000
000
000
000
000
000
000
000
000
000
000
000
000
000
000
000
000
000
000
311
100
000
000
000
210
310
210
631
521
211
100
100
100
210
633
210
000
422
100
101
200
422
211
000
000
100
000
000
464
586
6a7
597
586
000
000
000
000
000
000
000
000
000
000
000
000
000
000
000
333
000
443
000
332
100
111
221
000
000
000
000
000
000
000
000
000
000
000
000
000
000
000
000
000
000
000
000
000
000
000
000
000
000
000
000
000
000
000
000
000
000
000
000
000
000
000
000
000
201
311
000
311
211
000
000
000
110
211
211
100
000
000
000
522
000
522
000
000
100
100
311
100
000
000
000
000
000
000
000
575
6a7
6b8
7b9
597
000
000
000
000
000
000
000
000
000
000
222
322
100
110
000
433
221
333
111
221
100
543
111
111
211
000
000
000
000
000
000
000
000
000
000
000
000
000
000
000
000
000
000
000
000
000
000
000
000
000
000
000
000
000
000
000
000
000
000
000
000
000
000
000
000
210
210
100
421
100
000
000
000
100
210
310
311
311
000
421
311
311
000
000
000
000
000
000
000
000
100
100
000
000
000
232
576
7a8
7a8
243
000
000
000
000
000
000
000
000
221
332
000
221
211
211
332
432
764
554
110
987
443
332
111
654
000
432
100
000
000
000
000
000
000
000
000
000
000
000
000
000
000
000
000
000
000
000
000
000
000
000
000
000
000
000
000
000
000
000
000
000
000
000
000
000
000
000
522
100
000
000
522
411
000
100
000
000
000
100
000
100
521
211
000
000
000
000
000
000
000
000
000
311
632
100
100
000
000
111
111
000
000
000
000
000
000
000
000
000
000
544
433
332
443
443
321
322
653
543
432
875
543
332
876
222
221
433
000
000
000
000
000
000
000
000
000
000
000
000
000
000
000
000
000
000
000
000
000
000
000
000
000
000
000
000
000
000
000
000
000
000
000
000
211
522
000
200
000
000
000
000
210
321
100
000
000
000
000
100
100
100
311
000
000
210
000
000
000
100
000
000
100
622
523
311
100
000
000
000
000
000
000
000
000
000
000
000
000
000
111
000
543
765
211
543
443
322
433
211
211
643
432
432
664
221
764
110
333
433
000
000
000
000
011
122
223
233
233
233
223
223
222
222
122
112
122
112
111
001
000
000
000
000
000
000
000
000
000
000
000
000
000
000
000
100
311
110
000
000
000
000
100
100
420
000
000
000
000
210
100
000
110
000
000
111
000
000
000
100
100
310
411
211
000
211
000
000
000
000
000
000
000
000
000
000
000
000
000
000
433
655
221
442
554
000
322
542
221
211
100
221
221
332
100
543
543
433
333
000
110
000
000
000
111
122
234
555
555
555
445
344
234
223
222
122
122
112
112
111
000
000
000
000
000
000
000
000
000
000
000
000
000
000
000
000
100
000
000
000
100
311
210
210
310
110
100
000
211
211
000
000
110
100
000
110
110
000
000
100
210
210
210
000
000
100
310
422
000
000
000
000
000
000
000
000
000
000
000
000
433
654
543
333
554
211
322
654
432
654
543
543
432
000
110
543
432
543
554
543
433
000
000
000
000
112
233
556
788
899
778
566
444
234
223
122
122
122
112
111
001
001
000
000
000
000
000
000
000
000
000
000
200
210
100
000
000
000
000
000
100
000
100
100
100
211
000
000
000
210
100
100
100
000
000
000
000
000
000
000
210
311
412
000
100
100
210
211
000
000
000
000
000
011
000
000
000
000
000
000
554
432
543
433
332
654
322
443
433
322
543
211
764
332
221
110
211
875
653
322
211
100
000
000
333
333
233
667
aab
bcd
ddd
bbb
566
445
334
222
112
122
112
001
000
000
000
000
000
000
000
000
000
000
000
000
100
311
311
000
000
000
000
000
000
000
000
000
200
210
100
000
000
000
100
110
000
000
000
100
210
210
210
100
100
311
311
100
000
000
100
000
000
000
000
111
111
111
111
111
111
000
000
000
443
221
432
321
543
986
221
433
432
211
221
211
543
322
553
443
764
221
443
554
322
110
000
000
222
333
555
667
bbc
fff
fff
fff
bcc
889
334
223
122
112
112
111
001
000
000
000
000
000
000
000
000
000
000
000
000
100
310
110
000
000
000
210
110
100
000
000
000
100
110
110
000
000
000
100
000
000
000
000
100
100
311
210
100
211
000
000
000
211
000
000
000
000
112
111
111
110
111
111
223
111
000
000
332
322
221
432
332
443
432
443
544
322
322
543
432
432
543
754
211
543
764
332
111
321
100
000
111
222
666
889
aaa
eee
eee
eee
eee
ddd
aaa
334
122
112
112
111
111
001
000
000
000
000
110
221
000
000
000
000
000
000
100
100
000
000
100
000
000
100
000
000
000
000
200
210
000
000
100
100
100
210
000
000
000
000
000
100
100
000
310
420
522
100
000
000
000
222
111
111
111
000
000
111
111
222
111
000
543
543
322
544
332
433
432
222
433
221
433
221
322
554
654
643
432
543
654
765
655
332
110
000
000
222
445
778
ddd
eef
fff
ffe
dee
9aa
667
334
233
122
111
111
001
000
000
000
000
000
110
000
000
000
000
000
311
311
000
000
000
421
421
000
000
000
000
000
000
100
100
000
000
000
000
000
100
100
000
100
000
100
000
000
100
000
100
210
211
000
411
101
000
122
000
001
111
100
000
000
101
111
222
000
321
443
554
865
432
211
432
111
000
110
443
222
221
432
322
765
554
321
211
110
000
000
000
000
000
112
455
aab
bcc
bcc
dde
ddd
fff
bbb
566
234
233
222
111
111
101
000
000
000
000
000
000
000
000
000
000
000
000
000
000
100
000
000
000
000
000
000
000
000
000
000
000
000
000
000
000
000
000
000
000
100
000
000
000
100
211
100
400
600
400
511
411
100
222
222
111
000
000
011
000
000
111
000
122
222
321
211
211
443
221
322
222
222
221
321
322
111
221
111
211
543
543
554
765
554
444
444
322
000
000
233
444
677
667
899
aaa
889
ccc
ccd
889
566
334
122
112
111
011
001
000
000
000
000
000
000
000
000
000
210
100
000
000
000
000
310
000
000
000
000
000
000
000
000
000
000
100
000
100
200
000
000
100
110
000
000
000
100
422
400
c55
c87
a21
700
400
111
222
222
111
000
000
000
000
000
111
111
111
222
764
211
211
322
111
221
433
443
654
432
221
321
554
544
654
654
654
211
221
321
110
000
000
111
333
333
333
334
344
778
778
666
445
788
888
667
556
122
112
111
001
000
000
000
000
000
000
000
000
000
000
000
000
000
000
000
000
000
000
100
100
210
000
000
000
000
100
210
311
100
100
100
100
000
000
100
000
000
100
000
000
600
eba
eed
c77
911
311
422
222
000
110
000
000
000
000
100
111
000
000
223
654
221
443
765
433
211
211
211
332
332
433
432
543
221
221
543
322
322
110
221
322
100
211
445
222
333
323
222
444
334
445
777
344
334
445
344
334
223
112
111
001
000
000
000
000
000
000
000
000
000
000
000
000
000
000
000
000
000
000
000
000
000
000
000
000
000
100
311
422
100
000
100
100
000
000
000
411
210
100
100
100
300
933
b44
921
722
200
222
322
111
001
111
000
000
000
111
000
111
111
222
875
432
221
544
433
432
433
332
322
543
432
332
432
554
654
654
221
332
543
654
321
321
333
223
544
ba9
655
111
333
223
112
334
334
333
123
234
223
223
122
111
000
000
000
000
000
000
000
000
000
000
000
000
000
100
000
000
000
000
000
000
000
000
210
212
322
211
211
100
000
000
000
210
000
000
000
000
311
310
100
210
000
100
322
411
311
211
211
112
122
100
111
222
111
000
000
000
111
111
111
222
432
542
221
110
654
764
332
221
432
322
432
433
322
432
554
765
553
000
110
322
332
211
333
111
766
ffe
ba9
211
222
222
111
111
112
122
122
122
223
222
122
112
000
000
000
000
000
000
000
000
000
000
000
000
000
100
100
000
000
000
000
000
000
311
322
111
322
333
211
312
101
100
100
000
000
000
100
000
000
000
100
122
122
100
233
434
222
333
333
333
222
233
322
222
011
112
111
111
111
111
111
111
a97
543
332
765
665
643
432
211
211
654
322
544
322
543
654
000
221
654
221
111
000
100
222
222
543
988
544
111
333
111
001
111
111
112
112
122
112
122
122
122
001
000
000
000
000
000
000
000
000
000
000
000
000
210
000
000
100
100
000
000
000
212
111
666
aaa
aaa
777
212
212
210
100
000
000
000
100
222
100
322
000
110
556
000
234
545
222
233
245
223
111
345
112
112
355
122
000
111
111
111
222
000
332
665
775
222
111
332
865
533
432
543
543
433
543
432
332
654
222
111
544
543
311
000
212
333
444
433
101
222
222
000
000
000
000
001
111
111
112
112
112
111
000
000
000
000
000
000
000
000
000
000
000
000
000
100
100
411
100
100
000
000
100
211
444
bbc
aaa
777
aab
677
211
211
000
100
100
000
000
233
222
222
223
211
456
111
333
345
112
434
457
112
234
344
111
456
456
000
122
122
111
112
000
000
655
764
332
211
221
654
544
332
653
754
765
543
111
433
221
543
554
543
110
321
632
322
322
544
444
333
222
222
000
000
000
000
000
000
000
111
111
111
111
000
000
000
000
000
000
000
000
000
000
000
000
000
000
211
100
000
100
411
110
100
211
211
767
bbc
877
644
aaa
899
211
211
111
000
111
122
100
001
344
234
455
222
234
245
111
356
012
445
456
011
245
012
223
468
233
111
456
122
223
111
000
000
111
111
654
543
543
654
664
221
321
432
432
432
100
433
322
443
543
433
433
533
522
633
633
754
422
211
111
100
000
000
000
000
000
000
000
001
101
111
100
000
000
424
000
101
000
000
000
000
000
000
000
000
000
000
110
210
210
110
110
210
211
211
444
aaa
877
999
abb
777
211
211
211
122
122
455
111
222
333
556
233
334
111
256
322
345
011
344
356
011
235
112
345
135
111
233
234
223
122
000
122
000
111
433
332
543
764
432
553
321
332
321
432
321
543
432
764
110
776
111
100
311
853
a66
a66
853
311
100
100
100
000
000
000
000
000
000
000
000
000
100
000
536
100
213
313
425
000
323
212
000
000
000
100
100
100
000
421
521
210
422
210
100
110
211
111
555
aab
999
777
222
312
221
211
334
233
332
344
111
122
545
556
023
122
334
433
223
212
234
234
011
123
222
234
123
001
235
111
344
111
456
122
000
222
211
543
221
433
544
653
554
543
432
875
321
433
554
765
432
000
322
100
311
b76
ecb
ecb
b76
411
100
100
000
000
000
000
000
000
000
000
000
000
100
212
324
536
000
414
314
000
738
96a
212
100
100
100
110
110
211
522
210
211
211
211
211
210
211
412
312
422
433
212
322
323
211
222
323
234
234
233
223
111
001
345
112
122
234
012
111
223
223
346
123
112
223
234
233
234
122
345
122
345
233
112
223
000
322
221
000
221
322
543
221
433
332
543
443
222
433
111
655
000
111
100
533
b76
cba
dcb
a66
865
211
100
000
000
000
000
000
000
000
000
000
000
000
313
101
313
213
313
101
313
637
323
323
101
100
100
210
210
211
211
211
211
211
211
211
211
211
211
312
522
322
212
211
222
445
323
222
223
334
333
222
111
222
111
233
111
233
001
222
445
012
356
112
011
123
234
234
122
123
234
112
234
223
233
234
000
110
000
111
111
000
332
000
211
221
000
655
111
332
000
443
111
000
000
321
a55
c98
b88
955
876
211
100
000
000
000
000
000
000
000
000
000
101
425
101
000
000
000
213
102
414
636
313
313
100
210
210
211
211
211
211
311
311
311
311
311
411
311
311
211
311
322
200
300
200
544
677
345
233
234
333
344
211
333
211
112
234
112
000
111
334
011
356
122
000
234
233
011
001
234
000
234
344
012
134
122
000
000
000
000
000
111
544
555
211
110
000
543
110
221
000
000
000
000
000
200
532
b87
a77
755
765
432
331
010
000
000
000
000
000
000
000
000
000
212
425
202
213
000
314
303
425
202
535
849
323
100
211
211
211
311
311
311
311
311
311
512
411
311
411
411
311
311
422
323
311
300
422
457
245
222
334
356
345
211
122
000
234
344
001
222
011
000
134
000
011
244
001
000
234
011
245
344
001
134
356
245
000
000
000
000
000
222
eee
fff
888
000
000
110
000
000
000
000
000
000
111
432
996
cc9
aa8
996
bb8
9a6
996
663
010
000
000
000
000
000
000
000
000
111
323
101
324
202
525
313
201
313
425
425
323
100
211
211
311
311
311
411
310
522
411
511
411
411
521
521
411
421
411
433
556
323
300
311
334
122
210
334
234
544
111
100
000
344
223
122
111
122
134
000
122
012
000
022
011
123
244
000
123
467
134
123
000
000
000
000
000
222
eee
fff
998
000
000
000
000
000
000
000
000
110
542
996
dc9
cd9
eeb
dda
eec
eed
ddc
aa7
563
563
120
000
000
000
000
000
000
000
101
212
314
000
424
313
000
313
526
211
211
211
311
311
311
411
411
411
511
511
511
622
511
511
511
311
411
422
411
422
422
445
445
423
433
345
212
200
222
233
344
000
000
123
112
000
011
233
223
000
234
000
000
234
123
012
223
234
123
011
012
123
655
656
101
000
000
000
544
887
111
000
000
000
000
000
000
221
000
110
764
664
cc9
dda
dda
eec
eee
eec
eec
deb
9a7
885
321
000
000
000
000
000
000
211
535
435
313
424
536
647
212
424
424
423
210
211
311
311
411
411
511
622
622
622
622
622
622
622
521
622
622
522
433
445
445
445
456
456
233
423
334
211
311
111
111
122
111
123
011
112
000
012
111
011
112
000
123
356
012
112
234
011
000
123
134
234
978
545
000
000
000
000
000
000
000
000
000
000
000
000
000
322
654
322
754
a86
cb8
cc8
cc8
bb8
eec
cd9
ab7
cc9
aa7
542
332
000
000
000
000
100
100
211
433
646
859
747
747
748
425
313
313
311
311
311
311
311
411
521
722
722
722
722
722
844
733
722
622
622
622
622
633
533
445
345
323
323
444
345
334
223
233
456
111
000
000
122
001
123
000
112
112
000
000
011
345
000
001
233
111
011
123
112
012
012
000
000
000
000
000
000
000
000
000
000
000
000
000
000
000
321
965
421
532
a86
764
774
663
441
674
664
674
674
442
332
000
000
000
000
100
100
111
212
211
212
647
536
323
646
312
424
211
210
311
311
411
411
521
622
844
955
945
833
833
a55
934
722
722
722
733
645
756
655
544
534
422
312
311
311
333
323
211
222
233
122
112
111
334
000
000
001
011
000
000
356
000
000
001
011
123
245
234
134
245
134
111
000
000
000
000
000
000
000
000
000
000
000
000
000
000
000
533
632
533
643
865
999
888
343
442
754
555
321
100
221
311
000
000
311
422
212
434
434
532
421
211
212
434
525
100
200
211
311
211
311
411
511
522
622
622
833
944
833
944
a66
944
944
844
833
956
956
745
667
578
579
456
434
334
444
422
211
211
100
100
111
112
000
345
001
000
000
000
000
345
344
000
112
112
011
011
011
012
023
234
233
000
000
000
000
000
000
000
000
000
000
000
000
000
000
100
201
301
744
855
865
964
baa
ccc
989
978
dcd
a79
866
533
110
100
000
000
433
655
322
111
322
532
643
211
111
433
745
532
200
211
311
311
311
411
511
622
722
522
522
944
b77
b77
b56
a45
944
944
945
a67
856
756
867
856
634
556
556
346
334
333
334
334
333
100
100
000
000
011
001
000
112
000
011
012
000
000
122
000
000
123
123
001
001
011
011
000
000
000
000
000
000
000
000
000
000
000
000
000
000
645
868
857
866
732
a66
b87
caa
cbb
b88
b87
b99
a76
866
643
322
000
100
100
544
756
111
210
633
101
000
100
100
100
212
311
211
311
311
411
411
411
522
722
822
855
844
a55
c88
b67
a55
c88
b66
c88
b56
a66
756
667
78a
568
545
433
412
421
322
211
211
212
567
467
111
000
111
001
000
000
000
000
111
000
000
223
001
122
334
011
000
000
000
000
000
000
000
000
000
000
000
000
000
000
000
000
000
000
000
000
620
100
000
200
a75
732
a66
caa
733
b75
843
411
312
000
110
310
000
000
000
000
000
000
000
200
100
211
866
977
312
200
211
311
311
411
511
522
722
823
833
944
944
833
944
b55
b67
b77
b66
c88
a55
945
977
745
745
745
644
533
423
322
311
311
311
200
100
212
122
000
111
112
000
122
000
000
122
000
001
122
012
123
233
112
012
023
123
245
134
000
000
000
000
000
000
000
000
000
000
000
000
000
000
000
510
000
000
422
d97
732
b99
dba
621
422
643
100
000
423
311
100
000
000
201
322
210
100
000
000
100
533
656
634
301
211
311
311
411
411
511
622
822
823
944
944
944
944
944
a55
b55
a45
b88
b88
a77
945
855
744
734
956
822
633
545
433
322
333
323
334
223
100
100
111
345
123
000
000
000
000
000
000
000
000
000
012
112
012
134
135
245
123
134
000
000
000
000
000
000
000
000
000
000
000
000
000
000
000
000
000
000
211
843
410
b99
c99
301
000
000
210
631
857
212
000
100
000
546
757
531
310
323
212
100
100
000
100
101
311
420
300
300
400
622
722
823
a55
b77
b77
a45
944
944
a45
b66
b77
c88
b67
955
756
778
778
557
435
545
434
434
322
322
322
322
222
211
100
211
112
000
011
000
000
011
000
123
334
000
112
011
000
000
023
124
134
245
357
234
000
000
000
000
000
000
000
000
000
000
000
000
000
000
000
100
000
000
100
865
633
865
b99
513
97a
646
521
310
000
000
000
000
000
000
000
000
000
534
757
202
100
210
111
101
201
201
978
b9b
646
622
933
944
a55
c78
b77
a56
a55
b66
b56
b66
c98
b77
956
866
878
878
656
667
578
778
545
322
334
445
434
222
200
100
222
233
000
000
111
001
000
123
000
000
233
011
011
134
011
000
011
012
012
012
123
235
000
000
000
000
000
000
000
000
000
000
000
000
000
000
000
000
000
000
000
000
000
410
da9
734
856
857
201
410
410
000
000
000
200
000
000
000
200
200
100
000
100
111
201
201
311
301
534
635
523
722
823
833
a55
b77
b67
b56
b66
c88
b77
c99
dbb
b88
b77
b88
a45
933
856
745
534
633
511
422
433
312
300
322
212
333
222
000
223
011
000
000
000
000
000
000
000
000
000
000
234
245
123
145
234
245
011
001
000
000
000
000
000
000
000
000
000
000
000
000
000
300
000
000
000
100
000
000
000
100
311
100
200
100
100
310
000
000
100
000
100
100
000
000
210
100
000
100
100
211
211
211
310
310
300
400
621
722
833
944
b67
caa
daa
b66
b56
b56
b56
c99
dcc
dcc
b99
956
878
777
767
634
623
523
423
322
312
223
333
323
111
211
100
233
223
000
223
000
122
122
000
000
122
011
011
000
000
223
123
011
134
356
356
123
000
000
000
000
000
000
000
000
000
000
000
000
000
400
000
000
000
000
000
100
100
000
000
000
210
310
100
000
000
100
310
210
100
100
000
000
000
000
100
310
200
210
211
210
311
311
411
511
622
722
833
a55
b67
c78
b67
b67
b56
a45
a66
c99
dbb
caa
967
867
756
745
623
633
656
556
334
456
445
322
223
200
211
112
222
334
000
000
000
000
234
112
000
000
123
011
112
122
123
000
011
012
000
012
346
246
000
000
000
000
000
000
000
000
000
000
000
000
000
300
000
100
000
432
321
000
000
210
510
000
000
100
000
000
000
000
000
000
000
000
000
000
000
000
000
000
100
210
200
200
311
311
411
511
622
722
833
b66
b56
a45
b45
b45
a45
a45
a66
a66
955
945
845
856
856
645
656
445
445
333
445
334
312
323
211
211
223
110
111
000
000
112
011
000
123
000
001
000
000
234
001
000
000
111
000
012
134
000
000
012
000
000
000
000
000
000
000
000
000
000
000
000
000
000
100
200
200
b86
111
000
631
743
100
000
200
212
212
000
000
000
000
432
432
000
000
100
100
000
000
000
210
210
210
311
311
311
410
511
622
722
833
a45
c99
b67
a45
b55
a45
945
944
844
956
956
844
855
745
656
656
556
446
445
323
300
311
211
211
211
100
223
112
122
000
233
000
112
122
000
001
122
000
122
356
012
011
000
000
000
012
234
111
000
000
000
000
000
000
000
000
000
000
000
000
000
000
000
100
000
942
764
000
200
620
410
641
310
100
97a
97a
200
100
100
000
110
100
000
000
000
000
000
000
000
210
210
210
211
311
311
411
511
622
722
833
b66
ebb
a55
832
b66
945
833
834
945
a66
945
722
733
633
633
656
445
422
411
300
311
212
334
212
211
456
112
222
000
111
111
000
123
000
000
000
111
001
000
122
123
123
122
123
122
000
012
235
012
000
000
000
000
000
000
000
000
000
000
000
000
000
000
000
200
210
210
200
100
100
200
210
100
530
530
210
000
100
000
000
000
000
000
110
320
100
000
000
000
100
200
210
210
310
411
411
511
622
722
622
955
a55
933
832
832
823
833
953
833
833
833
722
622
622
545
533
410
410
322
234
223
334
222
211
345
222
100
000
100
234
001
000
001
000
011
001
000
001
122
000
011
011
112
233
134
134
000
012
345
000
000
000
000
000
000
000
000
000
000
000
000
000
000
100
300
000
400
000
210
420
210
100
000
310
530
210
110
000
000
000
000
000
000
100
210
100
000
000
000
100
100
210
201
201
201
311
411
511
411
201
311
411
511
731
831
722
944
943
731
622
622
622
522
533
511
410
433
456
456
444
434
333
223
212
222
122
111
000
223
344
000
000
001
111
122
123
000
000
122
000
001
123
001
112
111
233
356
122
011
000
000
000
000
000
000
000
000
000
000
000
000
000
000
520
210
420
841
741
520
210
530
430
000
210
762
421
000
000
000
000
000
000
000
000
000
000
000
000
000
100
100
210
310
310
201
101
201
200
200
201
201
100
211
512
622
622
721
722
622
622
522
522
521
511
411
434
667
567
445
322
333
334
223
211
334
233
000
233
123
233
011
000
012
112
123
234
000
012
011
000
000
112
112
123
123
000
122
234
234
000
000
000
000
000
000
000
000
000
000
000
000
000
310
410
530
a60
ca4
531
000
000
000
000
000
320
310
000
000
000
000
000
000
000
000
000
000
000
110
110
210
110
000
110
210
310
100
210
200
211
211
211
201
211
311
311
411
522
521
521
521
521
521
411
411
410
422
545
455
434
311
222
345
233
100
223
344
321
222
134
000
223
122
000
123
011
123
345
000
123
122
000
000
000
122
112
234
122
001
000
123
000
000
000
000
000
000
000
000
000
000
000
000
530
a60
630
630
630
730
310
420
100
751
973
220
111
000
110
110
110
000
000
000
000
000
000
100
221
342
331
221
111
100
110
110
100
110
110
211
210
211
311
311
411
521
521
411
411
411
411
511
411
411
411
411
311
322
411
322
310
333
445
344
112
234
222
344
222
543
321
000
123
234
000
122
011
123
244
000
123
233
112
122
001
122
223
011
234
123
012
011
000
000
000
000
000
000
000
000
000
000
000
000
a70
950
520
a81
640
520
630
310
320
650
541
221
221
231
231
221
221
221
110
000
000
000
000
000
110
221
111
000
000
110
100
100
110
110
211
211
210
211
311
311
411
300
311
411
411
411
411
411
411
411
411
311
311
311
322
311
322
323
445
222
356
222
334
234
123
123
000
001
223
234
000
123
112
223
234
000
134
233
122
123
112
123
234
122
000
245
123
234
000
000
000
000
000
000
000
000
000
000
000
000
310
510
410
740
410
630
320
330
331
650
860
220
221
221
221
120
110
110
000
000
000
000
000
000
000
000
000
000
000
000
000
000
110
110
110
210
311
311
311
311
a96
985
421
311
311
311
311
311
311
311
411
310
311
311
311
311
211
445
222
456
333
111
333
356
111
000
122
001
234
223
000
234
122
123
123
001
134
134
123
012
012
011
235
234
012
011
234
123
000
000
000
000
000
000
000
000
000
000
000
000
000
200
640
740
740
750
430
441
331
330
110
000
320
210
000
000
000
000
000
000
000
000
000
000
000
000
000
000
000
000
000
000
000
100
110
110
210
210
210
200
311
975
973
200
311
311
311
311
311
311
211
311
310
210
210
200
322
223
334
344
111
111
344
244
000
000
234
011
244
112
023
245
011
123
123
011
233
554
444
123
123
011
122
245
012
134
122
233
000
000
000
000
000
000
000
000
000
000
000
000
000
000
000
000
000
000
000
000
000
000
000
000
000
000
000
000
000
000
000
000
000
010
020
021
010
000
010
000
000
000
000
000
000
000
000
000
000
000
000
000
000
000
000
000
000
000
000
000
000
000
000
000
000
000
000
000
000
000
000
000
000
000
000
000
000
000
000
000
000
000
000
000
000
000
000
000
000
000
000
000
000
000
000
000
000
000
000
000
000
000
000
000
000
000
000
000
000
000
000
000
000
000
000
000
000
000
000
000
000
000
000
000
000
000
000
000
000
000
000
000
000
010
142
142
021
010
000
010
000
000
000
000
000
000
000
000
000
000
000
000
000
000
000
000
000
000
000
000
000
000
000
000
000
000
000
000
000
000
000
000
000
000
000
000
000
000
000
000
000
000
000
000
000
000
000
000
000
000
000
000
000
000
000
000
000
000
000
000
000
000
000
000
000
000
000
000
000
000
000
000
000
000
000
000
000
000
000
000
000
000
000
000
000
000
000
000
000
000
000
000
000
000
253
153
010
021
011
153
142
000
000
000
000
000
000
000
000
000
000
000
000
000
000
000
000
000
000
000
000
000
000
000
000
000
000
000
000
000
000
000
000
000
000
000
000
000
000
000
000
000
000
000
000
000
000
000
000
000
000
000
000
000
000
000
000
000
000
000
000
000
000
000
000
000
000
000
000
000
000
000
000
000
000
000
000
000
000
000
000
000
000
000
000
000
000
000
000
000
000
000
000
010
010
021
010
021
031
164
285
021
010
000
000
100
100
000
000
000
000
000
000
000
000
000
000
000
000
000
000
000
000
000
000
000
000
000
000
000
000
000
000
000
000
000
000
000
000
000
000
000
000
000
000
000
000
000
000
000
000
000
000
000
000
000
000
000
000
000
000
000
000
000
000
000
000
000
000
000
000
000
000
000
000
000
000
000
000
000
000
000
000
000
000
000
000
000
000
000
000
000
000
010
000
010
032
032
032
142
042
021
010
011
000
301
401
411
300
200
100
000
000
000
000
000
000
000
000
000
000
000
000
000
222
232
121
122
222
000
000
000
000
000
000
000
000
000
000
000
000
000
000
000
000
000
000
000
000
000
000
000
000
000
000
000
000
000
000
000
000
000
000
000
000
000
000
000
000
000
000
000
000
000
000
000
000
000
000
000
000
000
000
000
000
000
000
000
000
000
000
000
000
000
010
021
031
021
031
032
163
021
021
011
111
000
411
723
200
100
301
100
000
000
000
000
000
000
000
000
000
000
111
354
465
464
343
354
454
232
000
000
000
000
000
000
000
000
000
000
000
000
000
000
010
010
000
000
000
000
000
000
000
000
000
000
000
000
000
000
000
000
000
000
000
000
000
000
000
000
000
000
000
000
000
000
000
000
111
000
000
000
000
000
000
000
000
000
000
000
000
000
000
000
010
010
121
253
431
442
463
142
021
021
100
110
100
300
100
100
301
000
000
000
000
000
000
000
000
000
000
121
343
222
353
232
232
232
344
343
010
000
000
000
000
000
000
000
000
000
000
000
000
000
000
000
000
000
000
000
000
000
000
000
000
000
000
000
000
000
000
000
000
000
000
000
000
000
000
000
000
000
000
000
000
100
201
211
533
301
000
100
000
000
000
000
000
000
000
000
000
000
000
000
010
110
652
a73
b83
b94
b84
a73
542
010
221
200
000
200
300
512
200
100
000
000
000
000
000
000
000
000
000
354
343
111
232
121
121
232
121
343
222
000
000
000
000
000
000
000
000
000
000
000
000
000
000
000
000
000
000
000
000
000
000
000
000
000
000
000
000
000
000
000
000
000
000
000
000
000
000
000
000
000
000
000
000
111
322
201
512
301
612
100
000
000
000
000
000
000
000
000
000
000
000
000
110
742
b73
da4
dc7
ed7
db5
d94
852
631
000
200
100
100
612
612
100
301
000
000
000
000
000
000
000
000
122
232
122
122
011
111
121
121
232
122
011
000
000
000
000
000
000
000
000
000
000
000
000
000
000
000
000
000
000
000
000
000
000
000
000
000
000
000
000
000
000
000
000
000
000
000
000
000
000
000
000
000
000
000
100
101
101
201
412
502
312
322
000
000
000
000
000
000
000
000
000
000
000
000
110
541
b73
db7
fff
fff
dea
c94
d73
952
100
100
311
100
301
301
200
000
000
000
000
000
000
000
000
000
121
343
111
000
122
121
121
111
121
343
232
000
000
000
000
000
000
000
000
000
000
000
000
000
000
000
000
000
000
000
000
000
132
363
000
000
000
000
000
000
000
000
000
000
000
000
000
000
000
000
000
000
000
100
301
423
413
623
c99
a56
422
332
000
000
000
000
000
000
000
000
000
000
000
000
421
852
741
996
fff
fff
fff
795
641
631
531
000
211
000
000
000
000
000
000
000
000
000
000
000
000
000
000
232
221
343
233
121
121
121
232
354
122
000
000
000
000
000
000
000
000
000
000
000
000
000
000
000
000
010
121
343
243
121
243
595
121
000
000
000
000
000
000
000
000
000
000
000
000
000
000
000
000
000
000
111
433
523
c89
eaa
faa
b57
412
312
412
000
000
000
000
000
000
000
000
000
000
000
100
a63
852
663
ceb
fff
cec
674
331
421
110
000
000
000
000
000
000
000
000
000
000
000
000
000
000
000
000
232
353
232
454
243
010
232
232
354
010
000
000
000
000
000
000
000
000
000
000
000
000
000
000
000
000
232
354
364
475
454
475
363
121
000
000
000
000
000
000
000
000
000
000
000
111
221
000
554
000
111
221
000
311
201
a66
fab
fdd
845
301
311
111
000
000
000
000
000
000
000
000
000
000
000
000
532
752
753
aa6
bda
996
963
a62
642
321
000
000
000
000
000
000
000
000
000
000
000
000
000
100
300
000
010
233
121
222
343
243
232
343
111
000
000
000
000
000
000
000
000
000
000
000
000
200
000
100
111
343
343
343
343
364
364
464
354
121
000
000
000
000
000
000
111
000
110
221
111
222
543
000
554
000
322
322
110
433
544
201
a46
d78
734
100
311
222
000
000
000
000
000
000
000
000
000
000
000
000
110
531
852
b73
962
863
752
b62
741
100
000
000
000
000
000
000
000
000
000
000
000
000
000
000
000
000
000
010
232
121
243
454
343
110
000
000
000
000
000
000
000
000
000
200
100
000
000
100
000
100
343
454
354
354
353
353
353
475
465
111
000
000
000
000
000
000
332
222
222
332
100
111
654
221
433
100
432
322
100
665
222
312
544
312
301
100
000
000
000
000
000
000
000
000
000
000
000
000
000
000
000
100
310
842
842
a62
741
631
310
000
000
000
000
000
000
000
000
000
000
000
100
310
000
000
000
000
000
000
000
010
121
010
000
000
100
000
000
100
000
000
000
000
000
000
000
000
000
000
000
000
354
464
464
364
585
474
464
575
465
000
000
000
000
000
000
000
111
554
322
332
432
322
654
554
654
100
654
876
332
664
000
886
432
000
533
201
000
000
000
000
000
000
000
000
000
000
000
000
000
000
000
000
000
210
100
421
421
100
000
000
000
000
000
000
000
000
000
000
000
000
000
000
000
000
000
000
000
000
000
000
000
000
000
000
200
000
000
000
000
000
000
000
000
000
000
000
000
000
000
000
465
464
364
364
5a6
595
585
586
565
000
000
000
000
000
000
654
111
333
664
443
432
432
543
654
665
332
775
876
543
554
544
876
000
544
443
000
000
000
000
000
000
000
000
000
000
000
000
000
000
000
000
000
000
000
000
000
000
000
000
000
000
000
000
000
000
000
000
000
000
000
000
000
000
000
000
000
000
000
000
000
000
000
000
000
000
000
000
000
000
000
000
000
000
000
000
000
000
000
000
000
343
565
354
464
485
596
586
586
232
000
000
000
000
000
000
443
765
765
543
443
543
432
654
543
543
322
653
764
432
322
aa8
211
443
655
110
000
443
000
000
000
000
000
000
000
000
000
000
000
000
000
000
000
000
000
000
000
000
000
000
000
000
000
000
000
000
000
000
000
000
000
200
000
000
000
000
000
000
000
000
000
000
000
000
000
000
000
000
000
000
000
000
000
000
000
000
000
000
000
000
000
010
464
575
686
586
797
575
232
121
100
000
000
000
000
000
110
443
986
321
322
554
432
432
643
321
111
542
322
443
654
442
211
765
332
332
665
432
110
000
000
000
000
000
000
000
000
000
000
000
000
000
000
000
000
000
000
000
000
000
000
000
000
000
000
000
000
000
000
000
000
000
000
000
000
000
000
000
000
000
000
000
000
100
000
000
000
000
000
000
000
000
200
000
000
000
000
000
000
000
000
100
010
121
111
121
121
111
000
000
000
000
000
000
000
000
776
332
332
986
111
210
654
433
321
111
111
210
443
432
332
110
432
543
443
765
322
111
111
222
222
222
122
333
445
333
223
222
222
122
112
112
112
112
111
111
000
000
000
000
000
000
000
000
000
000
000
000
000
000
100
100
000
000
000
000
100
000
000
000
000
000
000
000
000
000
000
000
000
000
000
000
000
000
000
000
000
000
000
000
000
000
000
000
000
000
000
000
000
000
000
000
000
000
000
000
543
654
221
554
443
111
332
665
110
222
443
000
432
000
322
221
543
432
543
776
554
543
544
333
111
222
334
334
445
666
445
566
344
223
122
223
233
112
112
111
000
000
000
000
000
000
000
000
000
000
000
000
000
000
000
000
000
000
000
000
000
000
000
000
000
000
000
000
000
000
000
000
000
000
000
000
000
000
000
000
000
000
000
000
000
000
000
000
000
000
100
000
000
000
000
000
000
000
000
000
775
432
443
332
554
332
211
433
111
222
433
111
211
443
222
321
322
100
665
886
875
655
777
444
222
334
666
778
666
aaa
bbb
999
777
223
333
222
222
112
112
111
111
000
000
000
000
000
210
100
000
000
000
000
000
000
000
000
000
000
000
000
000
000
200
000
000
000
000
000
000
000
000
000
000
000
000
000
000
000
100
000
000
000
000
200
000
000
100
100
000
000
100
000
000
000
000
000
000
000
000
000
432
654
322
332
765
222
110
221
322
111
222
000
332
332
111
443
000
654
775
322
332
765
987
754
544
555
445
888
bbb
eee
ddd
ccc
aaa
556
334
222
222
122
122
111
101
111
111
000
000
000
520
952
731
200
000
000
000
000
000
000
000
000
000
000
200
100
000
000
000
000
000
000
000
000
000
000
000
100
000
000
000
000
000
000
100
000
000
311
000
000
000
100
000
000
000
000
100
100
100
000
000
000
000
000
211
211
654
221
221
443
211
665
332
100
110
322
332
332
221
110
543
775
211
321
997
543
332
544
555
555
444
777
ddd
eee
eee
fff
ddd
888
666
778
444
122
122
111
111
111
000
000
000
000
b74
ffe
ec9
520
000
000
000
000
000
000
000
000
000
000
000
000
000
000
000
000
000
000
000
000
100
200
000
000
000
000
000
000
000
000
000
111
111
111
111
222
000
000
000
000
000
000
100
000
000
000
000
000
000
000
653
322
221
221
222
433
100
332
544
222
111
332
222
332
221
432
211
211
433
655
665
876
665
776
776
766
554
555
bbb
eee
fff
eee
bbb
bbb
766
888
777
444
122
111
111
111
000
000
000
000
963
fec
ca7
310
000
000
000
000
000
000
000
000
000
000
000
000
000
000
000
000
000
100
000
000
000
000
000
000
000
000
000
000
100
100
222
222
110
111
111
111
333
100
000
000
000
000
000
000
000
000
000
000
000
000
432
321
221
221
111
433
110
222
222
111
222
211
000
332
543
765
321
553
553
553
876
765
655
765
544
555
878
877
888
dcc
eee
eee
aaa
aaa
555
445
344
122
112
112
111
111
001
000
000
000
210
630
310
000
000
000
000
000
000
000
000
200
100
000
000
000
000
000
000
000
000
000
000
000
000
000
000
000
000
000
000
000
000
332
222
111
111
222
111
111
111
222
000
000
000
000
100
000
000
000
000
000
000
000
433
555
544
322
000
110
322
100
000
000
332
443
000
100
322
543
654
765
543
221
000
000
000
111
122
555
556
999
baa
bbb
ccb
aa9
aaa
999
677
344
334
122
111
223
222
001
000
000
000
000
100
000
000
000
000
000
000
000
000
000
000
100
000
000
000
000
000
000
000
000
000
000
000
000
000
000
000
000
000
000
000
200
111
222
111
221
533
533
533
322
322
333
111
000
000
000
000
000
000
000
000
000
000
000
432
211
332
211
221
111
000
111
100
100
111
111
221
111
000
110
432
653
653
886
876
776
766
555
444
444
444
555
566
aaa
877
888
aaa
a99
887
888
445
223
112
112
112
011
000
000
000
000
000
000
000
000
000
000
000
000
000
000
000
000
000
000
000
000
000
000
000
000
000
000
000
000
100
100
000
000
000
000
000
000
222
221
111
433
533
422
322
322
432
333
222
000
000
000
000
000
000
000
000
000
000
000
432
100
000
000
332
332
433
443
433
110
110
100
322
432
443
543
443
443
553
443
321
322
322
343
222
222
333
333
333
445
556
455
777
aaa
998
888
445
233
122
111
111
011
000
000
000
000
000
000
000
000
000
000
000
000
000
000
000
000
000
000
000
200
100
000
111
101
000
000
000
000
000
000
000
000
000
100
000
000
333
222
011
433
432
522
422
422
532
333
344
100
101
000
000
000
000
000
000
000
000
000
100
221
221
221
000
000
000
211
433
222
222
111
332
544
111
443
544
111
211
221
000
332
444
222
333
655
433
112
344
555
445
234
556
445
556
555
556
344
334
222
122
111
000
000
000
000
000
000
000
000
000
000
000
000
000
000
000
000
000
000
200
100
211
212
211
211
211
212
111
000
000
000
000
000
000
100
000
000
222
222
111
221
544
433
322
533
322
232
222
000
100
000
000
000
000
000
000
000
000
000
331
654
766
111
222
211
222
110
000
443
211
111
111
322
332
000
100
332
553
542
432
433
222
221
876
a99
765
111
444
455
445
223
344
123
234
666
555
122
444
333
001
000
000
000
000
000
000
000
000
000
000
000
000
000
000
000
000
000
000
000
000
212
111
101
111
222
101
100
312
211
000
100
100
000
000
000
000
000
222
333
222
000
233
223
333
644
444
222
111
000
011
001
000
000
000
000
000
000
000
000
432
211
000
000
111
432
322
111
322
322
221
221
222
111
332
443
654
333
222
432
764
655
222
222
876
edc
cba
432
112
223
334
556
556
223
222
333
222
222
122
222
111
000
000
000
000
000
000
000
000
000
000
000
000
000
000
000
000
000
000
000
212
111
111
444
666
666
556
323
101
212
101
000
000
000
000
000
000
001
000
233
223
211
223
233
111
444
444
333
000
112
011
000
001
233
000
000
000
000
000
000
653
332
221
544
765
443
111
211
221
544
000
332
222
110
221
333
544
543
543
322
000
222
222
222
543
876
433
222
222
223
122
555
566
333
122
111
122
112
111
111
111
000
000
000
000
000
000
000
000
000
000
000
000
000
000
000
000
000
000
101
111
101
555
778
777
655
777
788
223
101
212
000
000
100
211
122
000
211
000
111
345
211
233
345
122
433
445
123
111
112
000
000
123
001
000
011
000
000
000
000
221
553
775
333
433
000
211
100
221
654
000
332
433
000
111
554
110
000
542
654
321
222
222
332
433
322
111
111
334
233
111
001
111
122
222
111
112
112
112
112
101
000
000
000
000
000
000
000
000
000
000
000
000
000
100
000
000
000
000
111
100
333
788
777
656
544
667
788
666
101
211
000
000
000
000
111
122
111
112
000
245
334
223
455
222
233
467
011
011
134
000
122
245
000
011
122
000
011
000
000
554
886
332
211
111
543
443
111
332
543
443
221
211
432
222
433
654
332
111
332
643
433
443
543
433
322
111
222
222
000
000
000
000
011
111
112
111
112
111
000
000
101
000
000
000
000
000
000
000
000
000
000
000
000
000
000
000
000
000
111
100
333
778
666
544
544
556
999
777
111
223
100
222
000
000
011
233
122
233
112
012
234
100
245
011
122
245
001
123
112
111
246
122
000
123
011
000
000
000
000
876
221
221
221
322
654
332
322
111
442
443
332
000
211
543
221
322
664
543
533
532
855
744
754
433
322
222
222
000
000
000
000
000
000
000
111
111
011
111
101
000
314
000
213
000
000
000
000
000
000
000
000
000
000
000
000
000
000
000
212
100
323
777
666
555
656
666
777
556
111
212
112
000
123
011
011
112
134
123
123
000
124
011
134
011
122
134
000
123
000
123
123
000
012
123
011
123
000
112
112
100
554
553
432
554
433
554
221
322
332
332
443
322
111
654
211
554
322
110
421
a76
c98
b88
a66
433
111
000
000
000
000
000
000
000
000
000
001
101
111
212
526
000
000
102
314
000
101
536
102
000
000
000
000
000
000
000
000
000
000
000
101
111
101
555
667
767
777
755
777
334
111
212
122
012
112
123
111
212
012
234
112
012
233
122
111
111
122
134
011
012
112
123
022
001
123
011
123
111
234
011
000
443
443
554
554
543
433
765
110
544
322
543
432
553
322
432
765
100
433
211
633
b87
eca
db9
a66
633
100
100
000
000
000
000
000
000
000
000
000
000
212
101
202
424
000
202
202
000
101
637
748
101
000
000
000
000
000
000
000
000
000
000
000
211
000
111
545
778
778
555
334
111
311
311
111
012
123
012
011
011
000
223
112
011
222
112
011
112
111
123
112
011
112
123
012
233
012
123
112
123
234
000
123
111
544
554
776
443
322
433
111
433
332
543
211
322
653
433
a98
443
110
322
844
a76
db9
db9
966
876
221
111
000
000
000
000
000
000
000
000
000
000
111
212
000
101
101
102
001
000
424
212
001
212
000
000
000
000
211
000
000
000
000
000
000
000
111
111
101
222
333
111
000
334
334
222
112
112
123
122
011
011
111
001
123
001
012
000
000
123
011
234
112
000
122
123
123
012
011
123
011
123
012
012
123
322
654
222
444
322
332
554
544
333
211
554
655
111
654
654
544
655
000
111
643
965
ba8
a97
644
865
321
000
000
000
000
000
000
000
000
000
000
324
101
000
000
000
000
101
101
001
314
324
101
101
000
000
000
000
000
000
000
000
000
000
000
000
101
211
212
111
211
111
211
211
012
246
123
012
012
234
122
000
011
011
011
233
012
000
000
023
000
234
112
000
123
134
001
000
134
000
012
245
112
012
012
443
100
000
333
111
566
999
889
788
333
322
665
111
544
765
000
554
100
000
442
a97
ddb
bb9
875
765
331
331
000
000
000
000
000
000
000
000
000
111
212
102
101
101
000
203
102
102
213
000
535
536
111
000
000
000
000
000
000
000
111
211
000
111
000
000
111
111
223
223
001
000
000
011
134
123
011
233
134
134
000
011
000
122
233
001
111
000
000
122
001
000
133
000
000
123
001
122
234
000
012
123
133
221
000
111
443
111
899
677
445
899
777
000
554
222
222
654
110
222
221
331
996
dec
eed
eed
dda
996
885
885
342
000
000
000
000
000
000
000
000
000
435
102
101
212
001
314
202
212
101
112
102
324
212
000
000
000
000
000
000
111
111
111
010
111
111
111
010
000
111
000
112
134
012
000
111
112
012
000
123
123
122
100
100
000
122
122
122
000
111
123
000
011
012
000
011
011
001
123
000
001
135
123
011
000
000
322
222
111
899
777
667
899
566
000
433
433
000
433
000
010
231
896
ddb
cd9
deb
fee
eed
deb
dda
ab7
885
552
442
010
000
000
000
000
000
000
000
000
101
313
000
313
213
000
000
213
324
000
101
000
000
000
000
000
010
010
010
010
121
111
111
111
111
122
111
111
111
122
234
123
123
111
133
011
000
001
011
233
100
000
112
011
000
001
123
123
000
123
000
000
011
122
011
011
122
123
000
001
112
000
000
000
000
100
445
889
999
777
222
000
322
433
000
111
000
000
342
ab7
bc8
cd9
deb
eed
fff
ddb
bb8
9a6
bb8
996
552
321
000
100
100
111
000
000
212
213
424
111
101
203
313
000
101
314
212
000
100
100
100
322
332
432
443
433
433
211
222
121
111
111
111
111
122
122
123
134
133
234
245
022
112
123
000
111
000
001
011
000
122
001
111
000
001
011
000
011
000
011
234
011
011
123
011
000
011
012
123
000
000
000
000
000
111
222
334
222
110
001
000
000
000
000
000
000
121
895
bc8
efc
deb
efd
cc9
aa6
895
663
663
673
221
321
100
000
111
311
000
000
000
311
323
424
424
313
637
313
311
635
313
434
865
754
754
643
543
333
655
433
544
322
111
111
121
121
111
111
122
222
233
123
123
022
123
123
233
122
012
123
245
111
000
000
011
000
112
000
000
011
000
000
000
234
000
000
122
011
001
012
012
011
011
000
000
000
000
000
111
000
111
111
000
000
000
000
000
000
000
310
000
543
aa7
775
896
785
452
453
231
332
543
442
211
000
000
000
210
000
100
211
000
100
313
526
422
525
637
645
312
422
422
420
420
110
011
011
111
111
011
222
222
222
443
221
122
121
122
233
122
234
233
133
122
121
011
111
111
122
022
000
112
123
112
111
011
233
000
000
000
011
000
000
234
011
000
000
001
012
123
123
122
123
123
000
000
210
100
000
000
000
000
000
000
000
000
000
000
000
000
410
000
000
220
000
000
000
110
210
310
200
211
322
111
000
000
100
100
434
534
323
100
210
100
425
524
532
747
645
647
212
432
975
654
543
321
221
111
121
122
444
443
222
332
222
222
222
122
222
233
344
134
357
246
245
233
122
122
122
010
000
000
000
000
112
000
234
001
000
000
000
000
123
344
000
001
011
001
011
000
001
001
023
012
000
000
320
210
000
000
000
000
000
000
000
000
000
000
000
000
000
100
200
000
000
000
410
321
210
310
000
200
100
000
310
410
000
000
000
000
000
534
645
000
000
100
110
423
752
857
546
000
111
222
532
431
443
222
121
222
444
333
222
222
555
443
222
444
333
233
344
122
233
233
455
245
235
122
233
123
123
111
000
000
000
000
000
000
000
112
000
000
011
000
000
011
001
000
012
011
011
000
000
011
000
000
000
000
000
000
000
000
000
000
211
866
101
000
000
310
000
211
310
200
000
100
310
100
000
000
420
420
200
000
100
310
100
110
210
210
000
000
000
000
000
000
000
001
000
100
001
321
753
210
000
011
222
222
122
222
222
232
222
333
444
222
233
444
334
233
234
356
245
244
233
122
122
111
010
010
122
345
245
001
000
000
000
000
000
000
000
011
000
000
012
000
001
123
011
000
000
000
000
000
000
000
000
000
000
000
000
000
000
000
000
000
000
000
200
300
000
000
000
000
000
000
000
000
000
643
621
100
000
000
000
000
111
755
644
100
000
000
000
000
000
000
000
100
000
000
643
866
caa
b88
533
221
111
121
122
222
232
232
233
232
233
233
343
444
344
334
233
344
234
233
123
122
122
111
111
010
000
000
011
011
000
011
111
000
122
000
000
112
011
000
011
011
012
122
112
012
011
012
123
123
000
000
000
000
000
000
000
000
000
000
000
000
000
000
000
000
000
000
000
000
000
000
000
000
211
957
212
000
100
000
322
756
000
000
000
000
000
545
757
100
000
000
545
535
200
000
000
100
111
112
222
321
221
122
122
232
232
233
243
243
254
243
365
455
455
455
233
232
222
221
243
244
123
122
122
122
122
122
000
000
000
233
112
000
000
000
000
000
000
000
000
000
001
011
011
012
123
123
012
123
000
000
000
000
000
000
000
000
000
000
000
000
000
000
000
000
000
000
000
000
310
110
000
000
100
100
000
000
000
000
211
423
200
000
000
000
000
211
001
210
630
210
214
98b
312
100
000
110
110
121
233
222
232
122
232
232
233
243
254
264
264
476
476
254
255
356
255
244
234
344
233
122
121
122
111
122
122
111
000
011
122
000
000
000
000
000
000
011
223
000
011
001
000
000
011
022
022
123
134
112
000
000
000
000
000
000
000
000
000
000
000
000
000
000
000
000
000
000
000
210
a65
111
000
532
422
200
422
644
100
000
100
000
000
000
000
000
100
000
000
000
000
111
545
96a
323
000
010
011
111
121
333
434
878
978
443
143
154
376
265
275
486
6a9
698
377
478
266
244
245
467
468
244
344
333
123
134
122
011
000
111
122
000
000
112
001
000
112
000
000
123
011
000
123
011
000
000
000
000
000
012
123
000
000
000
000
000
000
000
000
000
000
000
000
000
000
000
000
000
000
000
110
311
000
000
532
754
000
100
533
844
634
101
000
000
000
000
000
000
000
000
000
000
000
423
422
000
000
010
011
111
111
111
343
223
333
243
154
275
6a8
798
276
6a9
8ba
597
7a9
798
365
354
355
245
233
343
354
244
122
111
111
011
122
122
000
112
000
000
000
000
000
000
000
000
000
000
000
123
233
011
123
023
123
000
000
000
000
000
000
000
000
000
000
000
000
000
000
000
000
000
000
000
000
100
000
100
000
000
000
000
200
400
000
312
97a
869
001
000
000
000
000
000
000
000
000
000
100
100
100
000
000
010
111
111
121
333
122
232
233
254
275
8a9
698
487
7ba
bdc
bdc
7ba
698
576
578
256
244
243
233
233
232
121
122
122
122
111
111
000
112
122
000
122
000
011
011
000
000
112
000
001
000
000
112
122
000
022
234
234
011
000
000
000
000
000
000
000
000
000
000
000
000
000
000
000
000
000
100
510
300
000
000
000
200
966
633
100
000
100
000
100
000
000
100
200
100
100
000
000
000
000
000
100
000
000
000
000
111
111
121
333
344
777
243
254
376
698
587
376
6a9
acb
bdc
7a9
688
577
476
677
455
355
356
345
456
234
123
123
010
111
011
112
234
000
000
000
000
123
122
000
000
011
111
011
011
012
000
011
011
000
001
123
134
000
000
000
000
000
000
000
000
000
000
000
000
000
000
000
100
200
731
410
000
100
000
000
100
c9b
866
000
000
000
000
000
000
000
000
000
210
200
000
000
000
000
000
000
000
000
000
011
111
121
343
222
455
455
243
354
354
9a9
586
587
7a9
9ca
adc
498
799
899
366
366
578
467
144
133
133
121
122
121
111
122
011
111
011
000
001
001
000
112
000
000
000
000
123
000
001
000
011
000
001
012
000
000
112
000
000
000
000
000
000
000
000
000
000
000
000
000
100
941
420
966
966
cba
a64
942
a65
521
300
420
422
410
100
323
656
211
000
000
000
000
310
210
000
000
000
000
000
000
000
000
000
110
111
111
343
333
343
343
243
465
587
9a9
376
598
abb
697
487
587
266
487
588
467
366
356
134
234
122
222
111
111
111
010
012
011
012
000
122
000
011
011
000
000
012
000
011
234
001
000
000
000
000
000
123
000
000
000
000
000
000
000
000
000
000
000
000
000
000
000
200
840
410
a77
867
fed
b85
da7
b84
200
000
000
200
100
310
853
656
101
000
000
000
000
000
000
000
000
000
000
000
000
000
000
010
011
111
111
343
232
122
222
243
143
486
476
265
476
365
476
265
698
698
375
587
799
467
577
454
121
122
121
122
111
011
234
012
011
000
011
112
000
112
011
000
000
001
000
000
000
112
012
011
011
011
000
001
123
012
000
000
000
000
000
000
000
000
000
000
000
000
000
000
300
a63
b96
dcb
eca
ca6
ca6
631
641
000
000
100
000
000
000
000
000
000
000
000
000
000
000
000
000
000
000
000
000
000
000
000
010
111
121
122
232
222
222
232
676
577
354
254
264
375
587
376
698
598
8a9
798
366
253
243
454
133
133
122
122
111
122
123
000
011
000
123
000
000
001
000
000
000
000
000
012
000
112
001
011
122
012
012
000
011
123
000
000
000
000
000
000
000
000
000
000
000
000
000
431
964
edc
ffe
fee
eda
db5
a84
862
321
210
210
110
320
000
110
540
110
000
000
000
000
000
000
000
000
000
000
000
000
000
000
000
000
111
111
121
666
333
222
232
555
344
242
354
365
565
853
564
798
376
598
487
587
144
245
134
134
133
133
122
123
122
011
011
000
112
134
000
000
000
011
011
022
000
000
001
000
000
012
000
011
000
123
134
011
000
000
000
000
000
000
000
000
000
000
000
000
000
000
210
ca7
fff
fff
eee
ed9
ed9
a95
542
000
321
110
320
320
110
320
320
000
000
000
000
000
000
000
000
000
000
000
000
000
000
000
100
110
010
111
121
333
122
122
222
343
232
354
576
576
9b9
664
654
365
365
887
364
154
356
256
245
233
133
123
122
121
133
123
010
122
001
011
001
000
001
001
011
134
000
000
011
000
000
011
011
012
011
011
011
123
023
000
000
000
000
000
000
000
000
000
000
000
000
000
100
740
ba6
dcb
fed
ffe
eea
ba6
ba7
974
773
341
120
110
220
110
000
000
000
000
000
000
000
000
000
000
000
000
000
100
110
210
100
010
010
111
111
111
121
121
122
121
222
354
677
999
798
365
798
476
454
542
664
344
144
144
121
122
133
122
111
122
234
011
010
122
122
122
011
000
012
001
011
134
000
011
011
000
000
000
112
011
023
122
000
011
001
000
000
000
000
000
000
000
000
000
000
000
000
000
100
410
520
430
cb7
eed
dc9
873
220
441
451
772
871
231
220
110
110
000
110
110
000
000
000
000
000
000
000
000
000
000
000
000
000
000
000
010
111
111
111
121
122
222
221
222
344
bcb
576
565
aba
566
254
154
244
233
132
232
233
133
234
111
122
122
234
000
123
012
000
011
123
000
011
001
011
123
000
011
022
001
011
000
011
012
000
122
001
011
001
000
000
000
000
000
000
000
000
000
000
000
000
000
000
530
531
420
640
ba4
783
894
783
562
462
562
761
331
110
100
110
110
100
000
000
000
000
000
000
000
000
000
000
000
000
000
000
000
000
000
010
011
111
111
122
122
222
222
122
576
565
687
9a9
455
132
232
233
132
122
121
122
234
122
234
122
121
122
011
011
000
011
122
134
000
112
001
012
122
000
011
112
112
011
001
012
123
112
000
123
022
012
000
000
000
000
000
000
000
000
000
000
000
000
100
200
a94
872
530
772
783
683
683
683
572
562
441
440
110
220
210
000
000
000
000
000
000
000
000
000
000
000
000
000
000
000
000
000
000
000
000
010
111
111
111
111
121
122
122
122
122
132
343
243
132
132
132
132
121
232
122
233
122
134
233
111
133
134
111
010
001
000
122
123
000
223
221
122
123
000
012
122
122
011
011
001
123
011
000
011
022
012
000
000
000
000
000
000
000
000
000
000
000
000
200
740
cb7
b91
aa3
784
683
683
462
341
341
331
220
000
000
000
000
000
000
000
000
000
000
000
000
000
000
000
000
000
000
000
000
000
000
000
000
000
000
010
111
111
111
121
121
122
122
122
121
122
132
121
121
121
121
221
222
123
133
234
011
111
123
134
000
000
122
000
122
012
011
023
001
011
001
000
012
022
011
011
122
000
001
123
122
011
011
000
000
000
000
000
000
000
000
000
523
301
000
110
333
666
000
000
233
332
222
121
000
222
222
000
000
000
343
000
000
000
000
000
000
000
000
010
000
000
000
000
000
000
000
000
000
000
000
000
000
000
000
000
000
000
000
000
000
000
000
000
000
000
000
000
000
000
000
000
000
000
000
000
000
000
000
000
000
000
000
000
000
000
000
000
000
000
000
000
000
000
000
000
000
000
000
111
111
121
222
121
000
000
000
000
000
000
344
110
735
b79
000
000
412
555
222
000
111
322
857
211
000
322
100
200
444
555
333
000
000
000
000
000
000
000
121
121
000
000
000
000
000
000
000
000
000
000
000
000
000
000
000
000
000
000
000
000
000
000
000
000
000
000
000
000
000
000
000
000
000
000
000
000
000
000
000
000
000
000
000
000
000
000
000
000
000
000
000
000
000
000
000
000
000
000
000
000
111
010
111
000
000
000
000
000
000
000
000
434
101
333
343
000
b68
544
554
000
111
000
555
211
000
100
211
c78
444
444
000
000
000
011
000
000
000
000
132
121
000
010
000
132
021
000
000
000
000
111
211
100
000
000
000
000
000
000
000
000
000
000
000
000
000
000
000
000
000
000
000
000
000
000
000
000
000
000
000
000
000
000
000
000
000
000
000
000
000
000
000
000
000
000
000
000
000
010
000
000
000
111
011
000
000
000
000
000
000
000
000
000
666
121
100
000
333
433
322
000
100
624
333
000
100
000
978
856
111
000
000
000
544
434
000
000
000
000
000
010
000
000
010
142
152
000
000
000
100
111
000
433
211
111
101
111
000
000
000
000
000
000
000
000
000
000
000
121
222
333
232
121
343
000
000
000
000
000
000
000
000
000
000
000
000
000
000
000
000
000
000
010
000
000
000
000
000
000
000
000
000
000
011
000
000
000
000
000
000
000
000
000
000
565
121
000
000
101
100
000
011
666
412
201
000
222
c9a
201
000
000
000
433
b78
412
000
000
000
000
000
000
021
122
121
232
243
121
010
000
211
000
000
433
100
000
000
000
211
000
000
000
000
000
000
000
000
000
343
454
586
454
354
343
465
232
222
000
000
000
000
000
000
000
000
000
000
000
000
000
122
011
000
000
000
010
000
000
000
000
000
000
000
000
000
000
000
000
000
000
000
434
555
000
000
110
121
000
000
100
100
000
000
333
301
301
401
b89
422
000
000
000
857
644
000
000
000
000
000
000
000
432
433
333
542
542
443
322
121
211
111
000
000
000
000
000
000
000
000
000
000
000
000
000
000
000
010
344
232
465
353
354
343
243
343
354
343
000
000
000
000
000
000
000
000
000
000
000
000
000
485
242
000
010
111
121
011
111
111
122
010
000
000
011
010
000
000
000
000
000
312
000
856
878
222
000
322
534
000
000
000
000
101
534
211
100
755
845
100
524
010
665
534
613
101
000
000
000
000
000
322
322
632
543
741
841
752
531
531
321
000
000
000
000
000
000
000
212
100
000
000
000
000
000
000
000
333
454
122
121
354
232
122
243
354
243
343
222
000
000
000
000
000
000
000
000
000
000
000
000
232
121
011
121
232
111
121
121
121
121
110
000
010
111
000
000
000
000
000
000
746
555
544
867
666
333
513
d9a
343
000
000
201
101
766
100
100
644
301
444
534
333
222
545
a57
201
000
000
000
000
310
520
620
852
963
a74
b84
962
951
941
210
643
211
000
000
000
000
211
201
100
000
000
000
000
000
000
111
343
354
343
122
121
232
121
243
121
243
343
232
000
000
000
000
000
000
000
000
000
000
000
010
000
010
011
111
232
132
242
232
232
232
122
122
121
000
000
000
000
000
000
000
000
000
222
322
322
222
311
523
877
211
000
100
402
d58
803
201
602
a35
623
311
111
444
222
000
000
000
000
000
000
000
521
a41
a51
ca7
eed
eed
bb7
962
941
a41
631
222
000
000
000
212
311
000
000
000
000
000
000
000
000
333
232
122
122
122
111
121
121
232
232
343
121
111
000
000
000
000
000
000
000
000
000
000
000
121
111
110
111
232
343
575
686
575
575
465
353
232
111
000
000
000
000
000
000
000
000
000
000
000
111
332
412
100
000
311
502
b36
c36
924
724
301
b68
f8b
602
000
200
100
000
000
122
655
a47
835
523
100
200
621
952
bb8
eec
dec
ded
874
840
620
100
210
321
000
111
000
000
000
000
000
000
000
000
000
000
121
464
243
000
121
232
121
121
121
222
232
454
232
000
000
000
000
000
000
000
000
000
000
000
132
121
111
454
354
465
465
697
586
8b9
9ca
364
243
111
111
000
000
000
000
000
422
b68
545
454
443
000
555
433
412
443
200
d58
f9b
d37
914
814
945
856
401
000
111
534
857
957
655
888
978
d79
d69
523
210
621
520
320
887
efe
adb
ded
787
110
210
520
520
321
222
000
000
000
000
000
000
000
000
000
000
000
111
233
121
232
354
132
222
121
232
232
354
343
222
000
000
000
000
000
000
000
000
010
000
121
121
232
232
243
465
586
475
575
586
8b9
9ca
586
242
132
121
111
000
000
000
111
333
211
323
666
877
444
766
222
101
544
523
b57
c58
d58
f7a
e38
e58
a36
402
000
422
423
311
433
211
000
000
000
000
000
322
621
941
531
331
9a7
cc8
8a8
543
311
210
100
000
000
000
000
000
100
000
000
000
000
000
000
000
000
000
232
343
343
343
465
232
121
243
121
353
454
010
000
000
000
000
000
000
000
111
121
010
010
121
343
465
464
354
586
576
364
464
6a8
9ca
8b9
353
121
010
011
000
332
211
221
332
332
111
333
655
211
554
211
221
432
322
312
956
e59
fbc
d89
a46
c68
512
000
101
000
233
544
735
000
000
000
000
000
110
321
632
631
531
652
784
652
531
621
620
521
321
100
000
000
000
555
111
000
000
000
000
000
000
000
000
122
353
343
232
454
454
232
232
343
454
232
000
000
000
000
000
000
000
000
000
000
000
000
232
565
464
354
465
475
353
464
586
586
697
7a8
575
232
111
000
000
332
333
222
222
432
211
111
765
322
433
332
322
655
666
655
765
814
d78
c89
402
512
423
412
100
111
111
323
313
000
000
000
000
000
000
422
621
632
841
731
520
731
531
731
620
421
321
000
000
000
000
555
111
000
000
000
000
000
000
000
000
000
122
232
122
232
343
354
354
222
343
000
000
000
000
000
000
000
000
000
000
000
000
010
343
687
575
454
354
464
464
475
364
475
697
8b9
464
132
121
000
000
000
443
432
222
432
765
443
754
776
655
333
332
a98
433
543
211
322
c99
533
201
654
977
a46
201
212
101
746
967
777
877
956
100
000
000
111
111
411
621
941
621
831
620
521
520
210
222
000
000
000
000
221
000
000
000
000
000
000
000
000
000
000
000
232
233
121
344
233
465
000
111
000
000
000
000
000
000
000
000
000
000
000
000
121
465
465
465
475
464
364
596
475
686
697
475
575
465
111
121
000
000
443
222
543
543
544
543
443
432
643
765
322
654
a97
321
765
322
876
865
000
433
544
323
222
100
211
323
433
212
211
656
b8a
524
000
000
000
322
311
100
520
311
621
720
310
521
321
000
000
000
000
000
000
000
000
000
000
000
000
000
000
000
000
000
000
000
111
122
010
111
000
000
000
000
000
000
000
000
000
000
000
000
000
111
010
343
465
585
464
475
364
6a7
596
474
586
7a8
798
232
111
111
121
010
542
554
654
432
554
543
543
886
744
866
655
432
653
332
543
987
886
422
543
654
332
111
777
967
100
111
444
666
867
201
000
000
000
000
000
000
000
111
211
000
211
100
311
000
000
000
000
000
000
000
000
000
000
000
000
000
000
000
000
000
000
000
000
000
000
000
000
000
000
000
000
000
000
000
000
000
000
000
000
000
000
010
000
343
576
353
464
464
364
585
697
586
586
797
575
232
121
121
010
010
110
865
654
111
432
b88
644
744
b77
534
000
321
522
644
766
876
432
554
877
443
433
544
654
645
222
000
000
000
534
423
000
000
000
000
000
000
000
000
000
000
000
000
000
000
000
000
000
000
000
000
000
000
000
000
000
000
000
000
000
000
000
000
000
000
000
000
000
000
000
000
000
000
000
000
000
000
000
000
000
000
000
000
000
111
354
576
686
576
697
475
697
697
454
8a9
232
010
121
000
000
000
222
333
865
332
100
221
332
211
633
200
000
110
634
b99
665
322
111
765
332
332
654
544
111
000
000
111
000
000
000
000
000
000
000
000
000
000
000
000
000
000
000
000
000
000
000
000
000
000
000
000
000
000
000
000
000
000
000
000
000
000
000
000
000
000
000
000
000
000
000
000
000
000
000
000
000
000
000
000
000
000
000
000
000
111
232
232
697
465
798
576
8a9
687
565
232
121
000
000
000
000
000
876
211
554
765
100
110
654
544
000
211
544
323
766
655
000
222
433
776
643
654
765
766
654
554
654
554
221
111
443
322
111
333
433
111
111
111
111
111
000
000
000
000
000
000
000
000
000
000
000
000
000
000
000
000
000
000
000
000
000
000
000
000
000
000
000
000
000
000
000
000
000
000
000
000
000
000
000
000
000
000
000
000
000
000
010
111
121
121
111
232
343
121
121
010
010
000
000
000
000
000
221
554
111
443
443
332
211
543
110
010
655
746
845
100
534
523
533
b78
311
332
765
875
876
655
555
222
222
212
555
988
555
433
655
222
212
222
111
000
000
000
000
000
000
000
000
000
000
000
000
000
000
000
000
000
000
000
000
000
000
000
000
000
000
000
000
000
000
000
000
000
000
000
000
000
000
000
000
000
000
000
000
000
000
000
000
000
010
121
000
111
111
121
000
000
000
000
000
000
000
000
764
111
321
544
544
221
221
221
211
100
322
211
211
343
a36
803
644
624
100
987
775
543
656
444
877
764
554
555
999
baa
999
655
665
111
333
112
111
000
000
000
000
000
000
000
000
200
642
975
964
310
000
000
000
000
000
000
000
000
000
000
000
000
000
000
000
000
000
000
000
000
000
000
000
000
000
000
000
000
000
000
000
000
000
000
111
000
010
111
000
000
000
111
000
000
000
000
000
000
000
000
443
654
110
221
544
111
111
211
322
000
110
000
221
332
200
422
111
211
986
665
222
443
653
a97
764
765
665
877
aa9
ddd
bbb
baa
998
555
222
222
111
223
111
000
000
000
000
000
000
742
ec9
fda
fda
ca7
421
000
000
000
000
000
000
000
000
000
000
000
000
000
000
000
000
000
000
000
000
000
000
000
000
000
000
000
000
000
000
111
111
111
111
111
111
000
833
211
000
000
000
000
000
000
000
000
000
000
000
222
553
111
322
332
111
876
322
100
000
322
333
322
332
000
211
543
766
222
432
875
654
322
433
543
666
777
bbb
eee
ccc
dcc
bbb
655
544
554
554
333
111
111
000
000
000
000
210
b96
fda
ffc
fd9
fc8
753
000
000
000
000
000
000
000
000
000
000
000
000
000
000
000
000
000
000
000
000
000
000
000
000
000
000
000
000
000
111
222
111
111
111
111
111
111
532
211
000
000
000
000
000
000
000
000
000
000
321
100
111
221
544
433
000
111
433
221
000
221
000
322
111
221
322
111
333
443
555
665
a98
997
987
a98
775
987
bbb
fff
ddd
baa
887
666
665
554
444
333
322
444
111
000
000
000
200
b85
fda
feb
fc9
ec8
531
000
000
000
000
000
000
000
000
000
000
000
000
000
000
000
000
000
000
000
000
000
000
000
000
000
000
000
000
111
222
111
111
000
110
111
111
222
111
000
000
000
000
000
000
000
000
000
000
000
211
111
221
221
111
333
000
333
111
000
221
222
000
211
443
764
655
332
432
322
432
775
776
665
766
655
544
544
bbb
dcb
ccb
877
766
666
433
211
323
222
111
000
000
000
000
000
000
531
ca8
fda
fc8
974
000
000
000
000
000
000
000
000
000
000
000
000
000
000
000
000
000
000
000
000
000
000
000
000
000
000
000
000
101
222
000
000
000
100
100
111
000
000
222
000
000
000
000
000
000
000
000
000
000
000
665
544
332
110
100
211
221
110
000
000
111
554
000
000
111
654
653
764
654
443
333
222
222
222
222
444
666
433
544
766
877
887
666
555
444
222
222
222
101
000
000
000
000
000
000
000
310
743
532
100
000
000
000
000
000
000
000
000
000
000
000
000
000
000
000
000
000
000
000
000
000
000
000
000
000
000
000
000
222
111
111
100
000
000
000
000
001
111
222
111
000
000
000
000
000
000
000
000
000
000
110
332
543
000
111
000
000
111
000
000
000
211
000
222
000
321
421
643
542
211
653
764
654
887
666
444
776
766
666
777
655
544
544
766
666
433
111
222
111
000
000
111
000
000
000
000
000
000
000
000
000
000
000
000
000
000
000
000
000
000
000
000
000
000
000
000
000
000
000
000
000
000
000
000
000
000
000
100
222
111
111
000
000
000
000
000
000
111
111
222
000
000
000
000
000
111
000
000
000
000
211
100
000
211
433
433
443
332
221
110
000
111
000
322
322
332
221
442
443
443
443
443
554
333
332
332
433
222
455
555
222
433
655
777
444
555
433
211
222
000
000
000
000
000
000
000
000
000
000
000
000
000
000
000
000
000
000
000
000
000
000
000
100
111
111
111
211
111
111
000
000
000
000
000
000
000
000
111
222
000
000
000
000
000
000
000
000
000
000
322
100
000
000
000
000
000
000
000
000
000
000
000
000
100
000
111
000
111
444
211
111
111
111
443
332
322
554
332
000
221
443
111
222
111
544
544
433
111
222
433
444
222
333
666
654
655
433
111
111
111
000
000
000
000
000
000
000
000
000
000
000
000
000
000
000
000
000
000
000
000
000
111
111
100
000
000
101
100
211
111
000
000
000
000
000
000
000
000
211
212
000
000
111
111
000
000
111
111
222
322
111
000
000
000
000
000
000
000
000
000
321
765
544
111
221
000
111
211
111
433
111
111
111
211
443
000
000
332
432
221
111
111
000
433
765
876
876
321
222
444
333
222
111
233
222
655
333
222
222
222
100
222
222
000
000
000
000
000
000
000
000
000
000
000
000
000
000
000
000
000
111
100
000
111
222
223
112
100
000
111
100
000
000
000
000
000
000
000
211
222
122
100
011
011
111
211
222
111
111
222
112
000
000
111
111
000
000
000
000
000
432
332
000
110
211
211
332
000
110
333
211
110
221
110
222
433
211
110
221
554
433
543
322
322
776
cb8
a97
765
211
333
222
222
222
222
111
222
444
333
222
111
222
000
111
111
000
000
000
000
000
000
000
000
000
000
000
000
000
000
000
100
111
000
111
444
555
444
444
444
111
000
111
100
000
000
111
001
001
111
111
111
111
000
222
123
000
111
323
122
222
222
000
000
222
112
000
000
000
000
000
000
110
000
100
211
322
432
222
221
222
322
000
222
211
211
110
221
655
654
443
221
212
222
222
322
433
654
311
111
111
333
222
111
222
100
000
222
212
333
112
001
110
213
416
000
000
000
000
000
000
000
000
000
000
000
000
000
000
000
100
111
000
111
444
444
444
333
333
555
334
000
111
101
000
000
111
001
001
000
111
222
123
110
111
123
001
111
233
233
222
001
000
000
334
000
000
011
000
000
000
000
322
332
543
332
765
000
111
000
110
543
000
111
333
000
000
221
222
322
321
432
322
221
111
321
432
211
222
111
000
111
222
222
333
333
000
000
001
101
111
000
000
101
314
000
000
000
000
000
000
000
000
000
000
000
000
000
000
000
100
111
000
434
445
333
333
222
333
434
555
222
100
111
111
000
000
000
122
000
001
100
234
233
111
122
111
111
345
223
000
022
000
011
234
000
000
000
011
000
011
000
221
776
333
222
322
000
211
000
221
665
211
000
554
221
111
110
543
100
000
311
532
433
322
322
322
111
222
211
000
111
000
112
222
222
222
000
000
100
100
000
000
102
000
101
000
000
000
000
000
000
000
000
000
000
000
000
000
000
000
101
000
333
444
222
222
222
222
434
555
233
000
211
111
000
011
000
122
011
012
011
122
123
111
134
122
123
134
000
011
112
000
134
123
000
011
000
000
000
000
000
876
544
000
322
111
654
211
111
222
443
432
222
211
221
443
221
221
543
432
321
522
956
744
854
865
422
111
111
111
100
000
000
000
000
000
000
000
000
000
101
000
314
212
101
000
000
101
000
000
000
000
000
000
000
000
000
000
000
100
000
000
223
444
333
322
323
333
322
545
222
000
112
000
012
011
000
001
023
012
012
000
012
011
012
011
112
123
000
012
000
011
022
111
000
022
000
011
000
000
122
221
210
221
000
432
543
322
211
111
221
332
443
111
000
322
443
332
222
211
422
955
a65
b76
c88
eca
b86
111
111
000
000
000
000
000
000
000
000
000
101
101
102
000
000
000
101
000
000
324
212
000
000
000
000
000
000
000
000
000
000
000
101
000
212
444
333
333
444
444
445
444
100
101
112
011
011
122
000
011
011
022
001
011
012
012
001
001
011
012
111
011
011
022
022
001
012
011
012
011
123
001
000
433
553
321
332
333
221
222
111
211
221
232
333
221
111
000
544
222
543
211
522
954
c97
b86
965
c98
964
111
000
000
000
000
000
000
000
000
000
000
101
000
102
202
000
101
001
000
000
101
748
748
000
000
000
000
000
000
000
000
000
000
111
100
000
222
444
444
545
444
445
112
000
111
111
011
122
011
001
011
000
012
011
001
011
001
000
011
001
011
011
000
011
011
011
122
011
011
011
011
123
001
011
443
543
432
333
122
232
555
444
444
211
332
332
222
321
000
653
332
110
422
411
743
a86
b86
754
855
311
000
000
000
000
000
000
000
000
000
000
000
101
000
000
000
000
101
000
000
112
101
314
738
001
000
000
000
000
000
000
000
000
000
000
101
000
000
111
323
434
222
111
112
112
111
011
011
112
011
001
001
000
000
122
000
011
000
000
012
001
023
012
000
012
012
011
011
000
012
000
012
000
011
012
221
543
433
333
232
778
888
778
889
666
121
322
333
432
432
333
887
111
211
411
522
975
753
422
643
311
000
111
000
000
000
000
000
000
000
111
101
000
000
000
000
000
000
000
000
000
212
000
001
000
000
212
000
000
000
000
000
000
000
000
011
101
101
000
000
111
000
000
111
112
123
112
000
011
123
011
000
011
001
000
112
011
000
000
012
000
022
012
000
012
022
001
000
012
011
001
122
123
011
011
654
322
233
332
788
677
555
455
555
788
444
222
333
543
654
444
876
543
000
321
643
753
754
421
644
432
221
110
000
000
000
000
000
000
000
212
000
000
000
000
000
000
001
000
000
001
000
102
313
212
000
000
000
000
000
000
000
010
111
000
000
000
111
111
111
223
111
111
111
000
011
023
022
011
022
022
022
000
001
000
011
122
000
011
000
000
012
011
000
122
000
000
012
000
011
123
000
000
012
011
433
000
232
433
788
666
444
444
455
677
677
222
222
121
775
332
111
433
100
221
653
753
754
875
764
764
aa7
896
453
231
010
000
000
000
000
000
000
203
000
111
000
000
102
101
111
001
000
000
101
212
000
000
000
000
000
010
010
011
011
010
010
010
010
011
011
111
010
011
022
012
011
011
011
011
000
022
022
022
000
000
000
012
012
012
000
011
122
000
000
011
000
000
011
000
022
000
000
022
012
011
100
000
333
332
788
666
455
444
444
677
677
121
333
000
664
443
111
111
432
432
542
975
ca7
ba7
bb7
bc8
dec
ded
dea
ab9
341
000
000
000
000
000
000
000
000
000
101
000
203
203
000
000
000
101
001
101
000
000
000
000
010
011
010
010
011
010
011
010
010
011
011
111
011
011
022
122
022
122
011
022
011
000
000
011
122
000
000
011
011
000
000
112
122
000
122
000
000
000
111
012
000
011
012
000
000
000
000
000
333
000
455
677
445
666
556
777
334
111
333
000
655
543
111
421
753
642
863
b86
cc8
eda
bb7
cd9
eec
cc9
dd9
eeb
663
000
000
101
000
000
000
001
001
101
100
000
202
102
000
000
000
112
000
000
000
000
000
010
000
000
010
010
010
010
011
121
121
111
021
122
021
122
122
011
133
134
011
011
022
011
011
000
000
011
000
011
000
011
000
000
011
000
011
000
000
123
000
000
011
011
000
000
011
001
000
000
322
110
111
666
888
666
778
455
122
222
444
000
222
333
000
532
642
642
974
964
b96
b97
b85
885
9a7
cc9
cd9
785
442
000
100
211
000
100
110
100
101
101
210
201
201
203
101
000
102
101
211
310
210
010
000
110
433
655
754
321
010
011
011
543
654
543
121
122
010
011
022
022
022
022
022
123
011
022
122
123
011
000
000
001
000
012
000
000
011
000
000
000
123
001
000
011
001
000
000
011
000
011
000
000
000
111
232
222
333
223
333
221
111
111
554
111
000
222
100
310
321
532
321
432
532
311
321
110
010
231
331
010
100
322
100
000
415
211
000
000
000
423
535
434
212
525
422
100
322
533
000
210
420
110
010
000
011
121
121
011
011
021
021
011
011
122
021
011
022
122
022
021
021
011
011
011
022
022
010
022
022
012
011
011
123
000
000
000
011
000
000
122
011
000
000
000
001
012
011
012
011
012
000
000
000
000
121
221
000
121
332
332
000
000
222
000
000
000
200
210
211
211
000
000
000
000
310
100
000
100
100
000
100
222
000
210
412
100
100
000
000
212
425
111
100
414
311
412
323
211
100
000
010
110
432
543
331
221
021
021
021
021
021
021
021
122
122
133
022
133
145
134
023
133
022
022
022
011
010
010
000
010
011
000
123
001
000
000
000
000
012
234
001
000
001
000
000
000
000
000
011
001
000
000
000
000
000
000
000
121
221
000
111
000
000
000
000
000
000
000
000
000
310
210
000
000
100
100
000
000
000
210
210
000
000
000
000
000
000
000
000
100
544
526
102
416
000
100
421
642
756
323
000
011
222
443
432
221
121
021
021
021
122
122
122
021
021
132
022
022
132
132
022
134
134
022
133
133
022
021
010
000
000
000
000
000
000
112
000
000
001
000
000
011
000
000
011
000
001
000
000
000
000
000
000
000
000
000
000
000
000
000
645
112
000
000
000
000
000
000
000
000
000
000
000
000
000
000
000
000
210
310
210
000
000
000
000
000
100
000
000
000
000
001
101
101
000
000
000
322
546
424
110
121
121
221
011
021
021
022
022
021
032
032
133
043
032
032
033
133
023
133
022
022
021
021
021
011
022
133
134
011
000
000
000
000
000
000
000
000
000
000
011
000
000
012
000
000
000
000
000
000
000
000
000
000
000
000
000
000
000
000
000
000
000
000
000
000
000
000
000
000
000
000
210
200
000
000
000
100
310
110
000
000
000
100
200
000
323
645
211
000
211
211
000
000
000
000
101
111
210
630
751
950
852
321
021
022
021
022
032
032
032
032
043
154
154
043
043
044
044
043
032
032
021
021
021
132
475
132
022
021
000
011
111
000
112
000
000
011
111
000
011
011
011
012
000
111
000
001
011
011
000
000
000
000
000
000
000
000
000
000
000
000
000
000
000
000
000
000
000
000
000
100
630
000
000
000
101
757
223
000
000
000
323
756
100
000
000
000
101
315
534
433
000
001
000
000
314
324
010
011
011
531
741
643
332
021
032
032
043
254
043
043
387
587
043
054
043
476
597
053
043
033
033
032
143
466
365
033
010
010
000
122
012
000
000
000
000
000
000
000
000
000
000
000
001
011
011
011
011
012
000
000
000
000
000
000
000
000
000
000
000
000
000
000
000
000
000
000
000
000
000
000
000
000
000
000
100
101
100
000
000
000
201
323
000
000
000
000
000
000
000
000
000
210
420
000
000
010
011
011
011
111
022
132
343
254
143
243
043
053
054
054
487
265
054
155
266
366
154
043
032
033
032
132
122
022
021
011
011
011
022
000
000
000
000
000
000
000
122
000
000
000
000
000
000
011
011
012
012
000
000
000
000
000
000
000
000
000
000
000
000
000
000
000
000
000
000
100
000
000
000
000
200
300
000
000
000
000
100
200
000
100
100
000
000
000
000
000
000
000
000
000
000
100
210
433
544
320
110
011
021
032
032
032
043
465
979
977
243
054
054
165
276
276
054
366
587
054
155
144
033
032
031
022
023
022
021
232
344
133
011
000
111
001
000
011
000
000
112
011
000
011
001
000
000
000
000
000
000
011
000
000
000
000
000
000
000
000
000
000
000
000
000
000
000
000
000
100
000
000
000
100
000
000
000
000
420
420
200
200
744
533
000
000
000
000
000
000
000
000
000
000
000
000
223
97a
434
210
111
021
021
032
032
043
043
043
044
054
043
054
165
498
8ba
487
065
587
698
266
044
043
032
133
032
032
021
021
021
021
022
010
011
011
000
000
000
000
000
000
000
001
000
000
123
122
000
012
011
011
000
000
000
000
000
000
000
000
000
000
000
000
000
000
000
000
000
856
b9c
000
200
100
a64
422
000
000
111
533
744
b76
311
000
210
211
434
212
000
000
000
000
000
000
000
000
000
000
102
a8c
646
110
021
021
021
032
043
376
365
365
054
286
387
176
5b9
7ba
7a9
276
065
366
255
044
043
042
043
032
032
022
022
022
021
021
010
011
022
000
011
000
000
011
000
000
011
000
000
000
000
011
011
000
001
123
123
000
000
000
000
000
000
000
000
000
000
000
000
000
000
000
000
a78
746
100
000
743
eb9
521
420
100
743
743
534
435
001
000
000
000
657
a8a
323
000
200
100
000
000
000
000
000
000
000
101
223
011
021
021
032
033
043
275
476
265
064
387
598
286
5a9
4a8
387
165
054
043
043
043
044
044
033
033
033
033
232
221
121
133
244
133
000
000
000
000
012
012
000
000
001
000
001
001
001
000
000
112
000
000
012
012
000
000
000
000
000
000
000
000
000
000
000
000
000
000
000
100
200
000
100
100
321
410
620
200
210
310
310
210
100
000
000
000
000
000
000
000
000
000
100
100
000
000
000
010
010
010
010
021
021
022
033
043
376
487
164
054
165
165
153
154
286
6ca
387
265
165
577
155
044
155
477
143
032
022
032
032
021
022
122
243
122
010
011
001
000
011
000
000
000
000
012
000
000
000
000
000
000
001
000
000
112
000
000
000
000
000
000
000
000
000
000
000
000
000
000
311
423
000
965
954
210
965
211
410
210
000
210
a65
311
200
100
210
756
433
000
000
000
000
000
200
000
000
000
000
000
011
011
011
021
021
032
043
054
487
597
487
275
164
064
064
064
176
7ba
175
054
154
376
366
265
044
255
043
244
254
043
032
032
021
021
011
021
000
011
000
000
000
000
000
011
000
001
123
000
000
000
000
000
000
112
000
000
000
000
000
000
000
000
000
000
000
000
000
000
000
000
944
fef
523
841
742
100
310
000
100
310
000
000
545
645
000
000
310
433
111
000
000
000
000
000
000
000
000
000
000
000
010
011
011
021
021
032
043
043
053
386
597
165
064
497
6a8
276
175
387
165
054
043
054
255
477
044
043
043
254
598
265
032
021
032
022
021
011
011
011
000
001
011
000
000
000
000
000
000
001
001
000
000
000
000
000
011
011
000
000
000
000
000
000
000
000
000
000
000
000
000
200
300
755
521
300
300
643
742
100
000
310
000
000
000
000
000
000
000
000
000
000
000
000
000
000
000
000
000
000
000
010
010
010
021
021
021
032
043
054
5a8
6a8
154
043
154
9cb
6a8
275
165
164
154
154
043
054
044
154
476
365
044
043
043
033
032
032
132
020
021
010
022
001
000
000
000
000
000
000
000
011
000
011
000
011
011
011
001
000
000
012
000
000
000
000
000
000
000
000
000
000
000
000
000
200
744
210
000
422
caa
988
421
210
000
000
000
000
420
210
320
320
000
110
210
000
000
000
000
000
000
000
000
000
000
010
011
011
011
021
021
032
043
376
486
054
053
154
164
497
165
054
054
054
054
154
154
053
054
054
477
467
476
255
043
032
032
031
021
021
011
021
022
000
000
000
000
000
011
000
000
000
000
001
011
000
000
000
011
022
000
000
000
000
000
000
000
000
000
000
000
000
000
000
000
211
b9a
b9a
532
741
976
421
100
000
000
000
210
320
000
110
430
320
000
000
000
000
000
000
000
000
000
000
000
000
000
010
010
011
011
021
121
121
032
143
265
054
043
054
054
265
054
054
154
044
054
353
542
253
164
155
044
044
154
043
033
254
576
143
033
021
021
011
011
000
000
000
000
000
022
000
000
000
000
000
000
000
001
000
000
000
011
011
000
000
000
000
000
000
000
000
000
000
000
000
000
730
310
521
741
520
a83
b95
210
000
000
000
320
541
110
110
000
000
000
000
000
000
000
000
000
000
000
000
000
000
010
011
011
111
021
121
121
032
576
576
143
043
043
043
043
043
043
054
053
054
154
164
598
376
266
255
365
154
054
043
033
032
364
477
032
021
022
011
012
011
000
000
000
000
012
000
000
011
000
000
000
011
001
011
012
000
000
001
000
000
000
000
000
000
000
000
000
000
100
000
000
730
630
861
972
410
962
320
000
110
220
442
330
100
210
430
000
000
000
000
000
000
000
000
000
000
000
000
000
000
000
010
010
011
011
021
021
254
576
032
032
032
042
043
043
054
054
165
486
054
164
698
175
276
386
598
443
653
254
144
032
032
032
133
032
022
022
122
011
012
000
001
001
000
112
000
000
001
000
000
000
011
011
000
012
001
000
000
000
000
000
000
000
000
000
000
000
000
100
100
310
730
a70
960
520
410
310
210
430
210
220
762
541
110
210
530
000
000
000
000
000
000
000
000
000
000
000
000
000
000
000
000
010
011
011
021
021
132
021
032
032
032
032
143
264
265
387
587
587
164
164
276
164
164
486
175
165
254
343
043
033
033
132
132
021
022
011
010
011
123
000
000
000
001
000
000
001
001
011
000
000
000
012
011
000
011
011
011
000
000
000
000
000
000
000
000
000
000
410
720
620
410
950
850
740
860
320
330
320
210
210
000
110
110
000
000
000
110
100
000
000
000
000
000
000
000
000
000
000
000
000
000
000
010
011
021
021
021
021
131
132
032
254
264
698
164
5a8
7a9
064
164
054
154
154
054
698
497
064
054
054
033
033
032
122
022
022
021
011
010
022
012
000
012
000
000
122
000
001
011
001
000
000
000
011
000
000
011
012
000
000
000
000
000
000
000
000
000
000
000
000
520
950
b80
840
740
740
750
650
430
220
210
000
000
000
000
000
000
000
000
000
000
000
000
000
000
000
000
000
000
000
000
000
000
000
010
010
021
021
021
021
031
021
243
476
054
265
064
386
7a9
064
154
054
054
154
043
386
7aa
064
054
043
033
032
133
022
022
021
021
021
010
011
011
000
011
000
000
011
000
001
011
000
000
011
000
000
011
000
000
000
000
000
000
000
000
777
232
000
666
322
000
332
444
100
100
000
000
000
878
766
000
000
100
000
000
b78
422
000
000
000
000
000
000
333
212
001
001
000
000
000
000
000
000
000
000
000
000
000
000
000
000
000
000
000
000
000
000
000
000
000
000
000
000
000
000
000
000
000
000
000
000
000
000
000
000
000
000
000
000
000
000
000
000
000
000
000
000
000
000
000
000
000
000
010
010
111
121
121
122
232
121
000
000
000
000
111
655
111
111
423
000
000
544
100
211
000
000
111
888
322
000
000
000
000
666
867
100
000
000
000
000
000
333
534
112
112
112
001
000
000
000
000
000
000
000
000
000
000
000
000
000
000
000
000
000
000
000
000
000
000
000
000
000
000
000
000
000
000
000
000
000
000
000
000
000
000
000
000
000
000
000
000
000
000
000
000
000
000
000
111
000
000
000
011
111
010
111
111
111
121
000
845
000
000
000
000
000
433
000
000
101
000
322
312
201
100
000
111
555
000
000
000
000
122
9a9
111
222
000
000
000
000
545
777
211
000
224
123
001
001
112
225
113
000
000
000
000
000
000
000
000
000
000
000
000
000
000
000
000
000
000
000
000
000
000
111
121
232
222
111
222
222
000
000
000
000
000
000
000
000
000
000
000
000
000
000
000
000
000
111
010
000
000
000
111
111
000
000
111
121
111
000
856
978
222
000
000
000
412
422
000
000
000
000
111
201
100
000
222
544
000
000
000
000
988
555
100
110
000
000
000
956
856
111
000
000
112
113
324
335
446
66b
77a
113
435
000
000
000
000
101
000
000
000
000
000
000
000
000
000
000
000
000
000
222
232
576
565
354
465
111
575
222
111
000
000
000
000
000
000
000
000
000
000
000
000
000
000
010
000
111
000
000
000
010
010
010
000
000
010
010
111
000
200
a36
ecd
666
000
000
846
878
111
000
000
000
000
000
000
000
512
513
100
000
000
555
a77
000
100
412
000
111
877
756
100
000
101
113
113
435
346
436
234
235
224
223
223
224
223
000
000
000
000
000
000
000
000
000
000
000
000
000
000
000
222
232
576
454
464
454
343
343
454
233
454
222
000
000
000
000
000
000
000
000
000
000
000
111
232
011
000
111
111
111
111
111
111
011
010
000
000
000
000
000
d69
c68
523
777
877
222
000
222
a88
322
000
000
000
000
000
000
856
635
100
000
111
766
100
000
877
524
100
866
232
000
111
856
212
334
223
545
324
223
323
323
322
111
112
212
222
001
000
000
000
000
000
000
000
000
000
000
000
000
000
121
465
343
132
576
243
464
343
233
343
465
343
122
000
000
000
000
000
000
000
000
000
000
000
121
5a7
122
111
121
232
132
121
122
232
242
111
111
111
111
111
000
867
a78
877
555
444
766
544
000
634
ecd
212
000
000
000
000
000
433
333
100
000
533
422
000
555
333
111
433
000
222
555
222
323
100
111
100
322
423
322
521
521
533
322
311
322
000
324
213
000
000
000
000
000
000
000
000
000
000
000
000
343
343
343
121
232
344
232
121
343
454
232
343
454
222
000
000
000
000
000
000
000
000
000
000
010
253
122
121
353
353
465
454
243
353
242
121
111
121
111
000
000
000
000
311
423
312
100
212
412
000
533
877
101
000
200
200
000
211
211
000
000
422
000
412
412
100
101
100
211
655
222
000
000
100
311
411
411
632
865
987
987
742
521
621
312
422
522
222
101
000
000
000
000
000
000
000
000
000
000
121
232
465
354
343
121
121
232
122
232
121
343
343
232
122
000
000
000
000
000
000
000
000
000
010
111
010
233
343
575
464
575
797
586
575
364
353
243
132
000
000
000
000
000
000
000
312
523
322
212
111
544
433
634
312
d79
734
000
312
312
000
100
100
323
d89
513
000
211
422
100
000
000
000
111
111
101
522
721
621
a86
886
ba9
aa9
543
521
510
310
000
000
112
000
000
000
000
000
000
000
000
000
000
333
233
121
121
121
222
010
232
121
222
233
343
232
232
111
000
000
000
000
000
000
000
000
000
010
232
232
465
343
344
575
464
697
697
7a8
8b9
697
242
111
000
000
000
000
000
322
010
745
a78
877
533
000
988
855
000
956
a67
866
200
702
824
101
000
322
999
423
000
111
111
000
000
111
100
101
223
333
434
311
622
633
887
887
775
898
665
310
210
000
100
100
323
111
000
322
211
000
000
000
000
000
000
121
354
354
232
000
232
111
020
121
121
122
232
343
344
121
000
000
000
000
000
000
000
000
010
000
354
232
121
575
464
354
364
586
686
8b9
9ba
586
465
122
121
010
010
877
767
766
544
111
100
444
655
000
765
845
000
a66
b89
a77
834
966
655
100
311
866
101
000
100
301
111
333
666
967
834
645
555
222
423
533
322
100
877
aa8
564
676
776
000
000
200
410
200
111
000
000
333
111
000
000
000
000
000
000
121
343
232
111
243
343
121
232
121
232
343
343
343
343
121
000
000
000
000
000
000
000
111
010
343
465
575
454
243
464
597
475
464
475
8b9
9ca
7a8
798
243
232
111
000
c68
c9a
877
866
533
221
544
876
433
433
523
724
b77
866
856
745
a78
502
502
a88
623
100
000
402
533
423
534
523
311
533
433
223
334
100
422
622
311
210
764
753
554
322
211
100
111
000
011
111
000
000
211
000
000
000
000
000
000
000
111
233
232
354
343
354
454
121
221
232
332
554
354
333
101
100
100
000
000
422
000
121
121
110
233
243
242
575
464
464
475
364
353
475
7b8
7b9
7a8
575
242
010
111
000
a77
534
444
755
876
544
422
976
433
322
634
724
733
865
211
845
d89
c47
956
b99
d89
b78
b46
502
100
100
111
000
000
000
000
101
101
212
423
523
411
210
332
444
421
421
200
300
411
200
000
001
000
000
111
000
000
000
000
000
000
000
000
222
354
343
343
554
454
354
232
453
454
554
243
654
311
201
311
522
110
110
000
000
000
121
565
565
465
464
243
576
353
343
464
364
464
586
7a8
797
464
111
000
000
443
543
322
221
432
655
211
754
654
422
523
321
543
655
544
744
924
e99
a88
533
422
877
c89
211
000
211
211
544
656
767
867
946
212
101
312
633
511
622
311
210
521
310
422
412
312
211
212
112
101
000
000
000
000
000
000
000
000
000
000
111
232
354
132
654
666
454
454
353
232
775
433
311
200
100
100
621
733
101
010
111
211
010
343
343
465
575
232
242
354
565
354
464
354
697
687
576
454
121
000
000
443
321
543
433
432
432
654
432
754
b77
c89
755
766
766
432
322
422
b77
533
000
322
a88
333
301
100
000
211
222
111
100
301
301
112
334
111
212
412
410
521
311
533
311
310
200
000
000
212
000
000
000
000
000
000
000
000
000
000
000
000
100
322
122
232
554
754
243
664
787
422
554
110
210
311
311
310
311
411
311
000
110
000
343
576
465
464
354
353
454
253
474
353
576
697
343
464
575
454
121
000
000
765
655
544
654
654
432
532
865
633
945
533
422
644
211
321
332
986
533
211
332
765
655
a89
b89
c88
655
423
756
867
968
a57
413
211
111
111
211
211
211
411
210
410
522
200
633
200
111
212
111
000
000
000
000
000
000
000
000
000
000
000
201
200
222
122
222
332
454
442
886
633
321
210
211
421
522
421
210
210
100
310
000
000
232
454
465
353
464
465
343
353
6a7
474
243
465
697
697
797
232
121
121
010
755
765
443
100
543
655
211
543
533
200
211
311
543
211
766
432
543
222
321
765
654
444
322
b98
b77
855
433
000
000
201
634
735
867
867
545
212
000
212
000
111
100
000
100
000
000
323
001
000
000
000
000
000
000
000
000
000
000
000
100
411
010
421
110
110
121
332
321
532
211
421
200
522
632
522
110
000
100
210
421
100
000
121
575
465
343
242
343
353
253
475
475
575
475
798
465
575
242
121
000
010
433
765
211
000
544
654
422
322
654
211
100
211
210
111
754
532
110
211
554
443
321
432
755
866
322
100
101
312
423
434
000
000
000
323
656
656
323
223
101
000
111
001
111
112
000
000
000
000
000
000
000
000
000
000
000
000
000
000
000
100
421
000
100
422
311
000
211
100
210
521
000
311
732
522
100
100
100
200
210
210
000
211
543
343
464
465
465
354
575
353
475
575
343
687
676
222
121
000
000
000
211
766
a87
877
756
322
987
878
422
100
555
211
201
644
643
332
322
433
221
332
765
543
221
876
aaa
554
644
866
322
655
989
778
333
000
000
212
867
756
000
000
111
112
000
111
000
000
000
000
000
000
000
000
000
000
000
000
100
421
000
100
210
210
000
311
743
000
111
100
100
210
210
321
732
210
110
110
110
110
110
100
110
321
543
565
343
464
686
565
8a8
465
9ba
686
565
354
454
000
000
010
000
000
976
867
555
643
644
756
655
443
000
111
665
000
221
322
211
433
765
321
543
432
332
665
765
987
976
daa
856
544
322
111
211
434
878
b69
201
000
101
211
000
000
000
000
000
000
110
532
742
852
852
531
110
000
000
000
000
000
000
210
422
311
210
100
000
000
311
321
000
100
110
210
411
421
522
111
211
221
211
100
111
110
421
531
321
211
000
465
232
454
454
454
676
454
353
232
000
000
000
000
000
000
655
543
322
443
745
543
502
322
111
000
432
433
433
110
544
765
422
311
000
211
332
543
532
433
111
100
333
554
654
766
444
100
433
434
111
000
211
000
000
000
000
000
000
100
742
a73
ca7
ec9
eca
ca7
853
211
000
000
000
100
000
000
311
100
210
110
422
632
311
211
110
000
110
622
310
111
211
211
111
211
221
110
211
100
311
211
110
100
211
211
332
222
111
111
221
232
111
000
000
000
000
000
000
000
332
000
322
543
332
000
412
301
211
101
534
988
333
422
e69
503
544
644
000
332
876
654
544
322
542
986
ca9
a98
a98
765
777
322
544
000
111
111
000
000
000
000
000
000
000
421
963
db9
fdb
eda
fdb
fec
db8
963
210
000
000
421
210
000
000
000
000
000
211
311
111
211
111
000
000
421
211
211
221
110
100
211
211
110
210
100
522
523
000
100
211
643
332
222
543
432
322
222
332
211
000
000
000
000
000
000
554
543
000
333
433
000
121
111
221
656
656
544
221
533
602
211
655
322
432
a97
654
433
754
754
875
654
543
765
ba9
987
877
666
887
433
111
222
111
000
111
111
000
000
000
852
db8
edb
eda
fdb
fdb
ec9
edb
c97
631
000
210
110
522
100
110
000
311
632
000
000
210
111
521
100
000
100
421
321
321
110
000
110
321
421
421
100
633
211
000
000
222
643
322
754
644
543
643
322
533
332
000
000
000
000
000
000
000
433
432
222
433
110
211
765
978
867
867
222
433
322
443
111
656
644
322
332
211
321
543
776
544
767
433
766
bba
aa9
988
988
ba9
766
211
333
322
322
433
111
000
000
321
a63
eca
ec9
feb
fea
fda
fda
eca
db8
742
311
100
000
310
211
110
000
100
422
100
000
310
000
421
311
000
110
100
211
211
210
100
110
210
622
311
100
311
000
211
211
322
432
322
654
533
744
865
432
643
533
000
000
000
000
000
000
100
000
100
554
655
332
000
957
967
634
312
110
000
100
111
321
855
754
433
222
443
765
765
997
ba8
dba
a97
ba9
dcb
cba
976
866
876
322
554
432
554
433
000
100
222
222
432
964
eca
ec9
fda
fea
fd9
ec8
eda
da8
642
000
100
211
000
100
000
311
100
100
200
000
000
000
110
221
100
000
000
110
310
310
000
210
100
000
000
000
000
311
421
311
422
643
433
644
654
965
865
432
543
433
000
000
000
000
000
000
110
211
332
211
111
322
100
b89
211
000
221
332
221
000
543
a74
965
976
a76
322
100
210
765
ba9
977
423
978
744
987
ca9
b98
765
443
544
433
322
111
111
211
111
100
000
210
752
ca8
eda
fda
fda
ec9
ec9
edb
a85
211
100
100
100
000
100
210
100
100
211
100
000
000
000
000
000
000
000
000
000
100
100
100
100
100
000
000
000
000
000
000
000
523
644
533
311
433
543
432
422
533
111
000
000
000
000
000
000
543
321
221
110
211
332
100
000
000
000
100
543
433
000
110
753
964
964
a74
865
655
443
333
112
a79
523
635
846
444
655
877
544
433
222
222
222
111
000
000
000
000
000
000
432
953
db8
fec
edb
edb
eda
ca7
531
000
000
311
210
210
000
210
420
100
210
000
000
210
100
000
010
000
000
200
000
000
000
100
100
000
100
210
000
000
000
000
000
000
222
644
533
433
533
533
434
224
226
348
124
000
000
000
000
100
544
321
000
000
000
000
111
000
110
100
111
000
221
000
200
843
853
963
421
422
875
765
542
655
655
322
765
654
665
655
554
333
333
323
211
101
111
222
000
000
000
000
000
421
742
b85
eb8
db9
b85
642
100
100
000
000
100
100
000
000
000
000
310
421
311
211
111
000
321
531
211
210
110
000
210
310
211
000
000
000
000
000
000
000
000
210
210
322
333
433
432
322
217
239
33a
55b
55a
002
000
000
000
110
111
000
433
322
332
543
322
221
332
000
332
000
211
432
322
111
521
643
433
221
322
322
543
433
322
544
544
876
988
433
211
221
322
322
322
211
000
000
000
000
000
000
000
000
000
311
531
421
210
000
000
100
000
000
100
000
000
000
210
000
000
111
100
110
111
211
211
532
211
000
110
000
000
000
000
311
000
000
000
000
000
110
311
211
110
100
000
000
002
002
228
44b
22a
33b
56b
113
000
000
000
000
000
000
111
332
222
000
111
433
211
000
000
000
211
322
222
654
333
000
332
443
443
433
000
544
433
433
000
222
223
000
111
211
544
433
222
333
222
000
111
000
000
000
000
000
000
000
000
000
000
000
100
000
000
000
210
000
100
110
110
000
101
311
421
000
311
311
000
001
111
111
411
000
000
000
000
311
000
000
000
000
000
100
211
422
311
111
110
311
001
000
003
117
228
229
336
001
000
000
000
322
443
221
000
000
000
000
322
333
432
110
322
111
333
322
333
111
322
765
211
000
111
222
544
654
654
987
210
332
544
333
000
000
333
444
433
444
212
000
000
000
000
101
000
000
000
000
000
000
000
000
000
000
000
100
200
211
110
210
000
111
000
210
111
111
111
001
101
000
210
311
000
100
000
000
000
000
000
000
000
110
522
422
000
000
311
111
000
311
000
000
223
345
001
012
001
000
000
000
000
765
543
000
222
222
110
332
111
110
222
211
110
100
111
110
765
332
000
222
544
332
211
211
322
765
b97
865
765
322
222
322
000
000
111
111
222
544
111
000
101
213
425
647
102
000
000
000
000
000
000
000
000
000
000
000
000
100
311
210
101
110
000
000
211
322
221
212
211
100
100
100
100
000
000
001
000
100
000
100
000
000
000
311
211
100
200
100
000
000
000
000
233
445
000
000
000
000
000
000
000
000
000
000
221
100
211
211
100
211
544
111
322
100
222
000
222
543
322
221
221
222
110
211
211
543
643
321
110
654
877
211
000
212
100
000
000
111
323
637
849
a6c
425
305
425
424
323
000
000
000
000
000
000
100
210
000
211
211
211
000
210
100
311
321
222
222
111
211
222
211
000
101
111
000
000
111
100
000
000
111
100
100
000
000
111
000
100
100
000
000
000
000
111
111
000
000
000
000
000
000
000
100
110
221
211
543
110
322
222
222
321
000
111
211
221
111
110
111
543
543
421
433
211
322
754
755
644
422
211
111
444
222
000
101
000
000
000
000
213
95b
425
638
648
526
213
95b
758
000
000
000
000
000
000
000
000
000
100
000
100
421
211
210
432
222
111
111
422
321
111
222
112
311
211
000
000
000
210
311
100
000
210
111
101
000
000
210
100
000
000
000
000
000
111
000
000
000
000
000
000
000
000
443
432
332
544
443
000
111
000
100
432
110
000
332
211
000
111
543
211
333
321
754
644
a87
b98
977
755
866
433
221
000
111
000
000
111
000
000
000
000
000
000
313
748
749
203
314
102
000
000
000
000
323
101
000
000
000
000
311
621
421
311
000
222
222
211
111
211
111
111
323
222
311
111
000
000
100
000
421
622
110
110
210
311
100
100
000
000
000
000
000
000
000
000
000
000
000
000
000
000
000
000
654
554
000
554
111
200
200
111
211
554
433
000
221
443
100
110
221
433
211
522
633
b99
c99
ca9
baa
966
866
644
222
222
000
000
000
222
111
000
000
000
000
000
213
627
638
314
000
000
000
000
000
000
738
314
000
000
000
000
632
210
000
000
000
111
222
211
111
321
211
111
222
111
100
101
000
000
100
100
100
522
211
211
000
211
522
210
201
000
000
000
000
000
000
000
000
000
000
000
000
000
000
000
876
100
322
322
221
332
112
111
222
433
232
121
111
765
110
432
211
111
211
522
965
caa
dbb
dba
dcb
cba
866
644
222
000
000
000
000
000
111
000
213
213
000
000
000
102
526
314
000
000
001
101
213
314
101
000
000
000
000
000
000
000
111
101
000
311
421
211
222
532
222
222
323
100
311
101
000
100
100
100
100
210
412
000
000
100
421
311
000
000
000
000
000
000
000
000
000
000
000
000
000
000
000
000
322
211
211
122
232
222
222
111
211
433
322
332
111
111
000
433
443
321
211
522
a65
ecb
dcc
ba9
baa
b99
744
544
111
000
000
000
000
101
638
001
84a
849
749
749
101
000
102
202
000
000
000
415
526
526
102
000
000
000
000
000
000
000
000
001
101
311
211
322
222
212
222
323
001
100
311
211
000
000
000
100
211
100
100
000
000
000
311
211
000
000
000
000
000
000
000
000
000
000
000
000
000
000
000
000
554
432
111
222
232
455
777
556
777
555
111
432
533
211
000
221
655
333
321
422
854
b98
dbb
977
977
866
755
211
000
000
000
000
000
000
102
000
213
415
749
738
000
000
000
000
000
000
314
738
526
637
213
314
637
102
000
000
000
000
000
100
211
311
000
211
421
322
111
111
000
001
001
311
211
001
210
211
421
521
200
110
110
000
211
210
000
000
000
000
000
000
000
000
000
000
000
000
000
000
000
000
543
322
222
222
667
677
566
555
566
788
566
111
443
322
211
100
865
111
211
421
533
a87
a87
866
977
977
433
000
000
000
000
000
000
000
000
000
000
000
000
000
000
000
001
101
000
000
627
95b
637
324
212
527
527
536
000
000
000
000
000
210
211
211
000
210
310
111
100
000
000
101
000
111
312
000
111
210
211
622
311
000
311
000
000
000
000
000
000
000
000
000
000
000
000
000
000
000
000
000
000
000
543
322
444
566
678
455
344
334
333
555
788
333
333
333
432
222
433
433
000
322
532
754
755
644
876
655
543
331
000
000
000
000
000
000
213
101
000
000
000
000
000
000
102
102
000
000
102
313
102
101
102
415
536
324
000
000
000
000
000
000
000
000
000
211
321
111
211
100
210
000
110
000
000
000
000
311
000
000
100
000
000
000
000
000
000
000
000
000
000
000
000
000
000
000
000
000
000
000
000
000
422
333
655
566
788
555
455
344
455
444
899
555
322
333
432
543
333
443
110
311
644
754
876
997
aa8
aa8
cca
bca
896
452
010
101
637
526
000
000
000
000
000
001
000
000
102
102
000
000
000
000
000
000
000
000
101
000
000
000
000
000
000
000
000
000
000
311
111
101
000
111
311
100
311
000
000
100
100
000
000
111
411
000
000
000
000
000
000
000
000
000
000
000
000
000
000
000
000
000
000
000
000
000
543
232
433
666
677
444
444
444
455
555
788
677
111
333
532
532
110
422
753
753
765
aa7
dd9
dda
eec
eed
ffe
eed
cda
ddb
563
213
c7e
d8f
314
000
000
000
000
000
000
000
102
203
000
000
000
000
000
000
000
000
000
000
000
000
000
000
000
000
000
000
000
101
000
111
000
311
321
111
311
000
000
311
211
000
000
011
111
000
000
000
000
000
000
000
000
000
000
000
000
000
000
000
000
000
000
000
000
000
100
332
544
333
677
555
333
344
344
555
677
233
222
000
322
765
211
532
974
653
985
cb8
dd9
eed
eef
eee
eee
ddb
bb8
eec
cb9
110
425
85a
425
102
000
000
000
100
000
000
101
102
000
000
000
000
000
000
000
000
100
000
000
000
000
000
000
110
221
211
000
000
000
011
000
211
000
210
310
100
000
000
000
000
000
000
000
000
000
000
000
000
000
000
000
000
000
000
000
000
000
000
000
000
000
000
000
000
000
321
443
222
666
666
666
555
666
667
555
221
544
001
211
765
443
432
653
653
995
aa6
cd9
eed
fff
fff
eed
bc9
deb
ab7
653
211
000
211
535
738
433
533
739
637
100
000
101
202
211
322
110
100
211
000
000
000
100
210
000
000
000
000
000
644
654
321
000
000
011
000
432
543
432
110
110
010
010
010
000
000
000
000
000
000
000
000
000
000
000
000
000
000
000
000
000
000
000
000
000
000
000
000
000
000
000
221
322
000
222
666
889
566
777
666
122
111
444
111
100
876
543
222
221
653
553
664
785
895
bb9
998
563
674
674
231
112
100
422
849
526
766
a9a
536
525
425
000
000
100
202
222
321
210
210
210
321
646
748
000
000
000
000
100
000
000
000
000
000
010
010
010
010
111
222
332
010
011
010
011
010
010
010
000
010
000
000
000
000
000
000
000
000
000
000
000
000
000
000
000
000
000
000
000
000
000
000
000
443
111
221
222
433
111
222
332
221
111
111
655
322
000
644
b99
434
100
321
000
000
100
231
130
000
010
000
000
231
435
000
213
849
637
313
324
422
000
000
000
101
101
202
211
000
000
100
100
000
638
a5c
212
000
000
010
320
320
110
010
011
010
011
011
011
011
010
010
010
011
011
011
011
011
011
010
011
010
010
010
000
000
000
000
000
000
000
000
000
000
000
000
000
000
000
000
000
000
000
000
421
000
000
000
332
322
000
222
322
322
433
212
755
421
000
433
cbb
422
000
000
000
000
000
000
010
000
000
000
000
444
646
000
311
314
426
001
000
000
000
000
313
314
637
637
526
202
000
000
200
210
633
868
544
000
010
010
011
321
221
011
011
011
011
011
011
011
011
021
021
011
011
021
021
011
011
011
011
010
010
010
010
121
011
000
000
000
000
000
000
000
000
000
000
000
000
000
000
000
000
000
000
000
000
000
211
111
000
111
222
321
533
111
421
411
000
865
a76
100
000
000
000
000
000
000
200
000
000
000
000
111
201
100
210
000
000
000
000
000
000
101
526
415
527
84a
527
000
000
000
000
000
211
322
111
010
011
111
321
210
243
021
011
021
011
122
122
021
021
011
021
021
365
365
021
011
011
011
011
010
011
021
232
122
011
000
000
000
000
000
000
000
000
000
000
000
000
000
000
000
000
000
000
000
000
000
000
000
000
000
000
200
100
000
100
200
000
c86
843
000
000
310
000
100
000
000
210
000
000
000
000
000
000
100
000
000
000
000
200
000
111
203
526
747
426
525
523
000
001
101
000
000
000
100
000
110
310
011
011
011
121
021
021
021
011
354
243
021
021
021
021
243
566
243
021
011
011
011
011
011
011
011
010
010
012
134
367
023
000
000
000
000
000
000
000
000
000
000
000
000
000
000
000
000
000
000
000
000
000
100
210
200
200
000
200
100
200
d84
311
000
510
310
310
510
000
210
630
100
000
000
000
646
212
000
000
000
322
534
000
102
415
415
213
213
637
414
000
101
315
627
314
000
111
321
110
011
220
320
111
011
011
021
021
021
022
233
021
021
021
021
143
132
021
021
021
021
021
011
011
011
010
010
000
012
357
8bd
8be
7ac
134
000
000
000
000
000
000
000
000
000
000
000
000
000
000
000
100
421
310
000
000
720
951
620
310
000
741
420
720
930
200
932
942
100
720
100
200
520
100
200
000
000
000
212
101
410
200
000
212
434
000
425
638
638
314
000
95b
749
000
011
637
748
425
000
011
011
011
344
655
641
631
532
331
121
122
122
132
021
032
032
021
243
576
032
022
121
021
021
011
011
011
011
011
010
010
023
69b
8be
6ac
8be
58a
001
000
000
000
000
000
000
000
000
000
000
000
000
000
000
420
c74
b87
200
000
710
951
410
510
620
840
510
720
200
944
fdf
858
610
610
510
b75
534
100
410
000
000
210
100
000
100
000
000
000
000
000
001
324
526
102
000
101
212
000
000
213
425
634
644
222
011
011
011
132
022
021
232
221
232
866
755
132
365
143
022
032
132
354
243
021
121
011
011
011
011
011
011
010
010
011
022
7ab
8be
7ad
8be
68a
001
000
000
000
000
000
000
000
000
000
000
000
000
000
000
000
200
c74
a64
300
510
a50
000
310
920
830
a50
100
620
c74
a78
931
710
940
c84
a76
510
100
000
000
100
521
311
112
000
000
321
311
000
000
000
000
000
000
000
000
000
000
000
000
000
222
533
421
210
121
132
021
032
032
022
032
032
022
254
476
566
132
032
032
354
576
143
021
021
021
011
011
011
010
011
011
010
000
011
357
8be
8be
8bd
256
000
000
000
000
000
000
000
000
000
000
000
000
000
000
000
000
000
000
841
eca
844
a30
620
620
b61
941
a61
410
b61
a40
a40
510
830
b72
832
400
000
000
100
000
000
310
655
a67
201
000
321
432
000
000
000
000
000
000
000
000
000
000
000
000
010
010
010
221
332
354
243
031
032
265
365
043
042
164
275
154
132
032
032
032
132
021
021
022
021
021
011
011
011
011
011
010
010
000
000
012
145
368
145
011
000
000
000
000
000
000
000
000
000
000
000
000
000
100
100
000
100
310
400
b64
b77
920
920
a40
b51
c82
b61
b60
c93
c71
940
620
a61
851
510
210
421
743
310
100
310
000
000
000
210
000
000
000
323
334
001
000
200
000
000
000
000
000
000
011
545
112
021
121
455
344
132
032
042
376
487
043
154
487
165
043
032
032
032
021
021
022
121
021
021
021
021
011
011
011
011
110
000
000
000
000
000
001
001
000
000
000
000
000
000
000
000
000
000
000
000
000
000
200
621
b98
622
500
620
930
820
a40
930
a40
b62
c92
b40
c93
ecc
b52
b60
c81
b72
941
620
831
841
521
631
420
100
522
745
759
86a
313
000
000
424
a8a
757
000
000
000
000
100
000
000
010
001
769
b8b
112
021
031
032
032
032
043
254
043
042
132
143
275
143
122
032
032
233
243
032
021
121
354
133
021
021
011
011
011
111
110
000
010
000
000
000
000
000
000
000
000
000
000
000
000
000
000
000
000
000
000
610
710
622
da8
865
510
d94
a53
930
b60
a40
c82
c92
b70
c82
da7
d93
da3
c71
c70
c82
a62
951
730
510
311
434
768
979
658
324
001
000
643
755
000
000
000
000
000
000
000
000
000
000
011
021
011
233
365
687
243
032
032
032
032
143
042
032
032
032
043
032
032
032
132
344
576
031
021
021
354
132
021
011
010
011
011
011
011
010
000
000
000
000
000
000
000
000
000
000
000
000
000
000
000
000
000
000
000
710
930
600
b74
fc9
a51
a61
c72
b60
c71
a50
c70
c70
ec3
a61
a40
da2
db3
c92
da3
da2
a61
841
532
a99
cac
dbe
a8b
212
000
000
000
000
110
111
000
000
000
000
000
000
000
000
000
010
011
021
121
032
254
254
032
365
254
032
032
032
032
032
032
032
364
143
021
132
032
021
021
233
243
121
021
021
122
132
343
132
011
011
010
010
000
000
000
000
000
000
000
000
000
000
000
000
000
000
000
000
000
000
000
410
710
920
c93
fd7
ec7
eb5
da4
c72
da3
c81
930
841
950
a40
c81
db2
da2
da4
c92
ca5
db8
dcb
dbb
bab
989
767
433
644
876
110
000
000
000
000
000
000
000
000
000
000
000
000
010
011
011
021
121
122
032
032
042
365
143
032
032
143
143
365
254
032
254
143
021
121
032
122
122
121
465
132
021
122
121
121
465
365
021
011
011
000
000
000
000
000
000
000
000
000
000
000
000
000
000
000
000
000
000
000
000
000
100
200
510
941
b74
eb6
d93
c82
eb4
da4
951
510
852
ca7
c91
a71
950
b70
da3
fd9
ed8
a85
974
863
542
652
530
000
651
431
220
320
110
000
000
000
000
000
000
000
000
000
010
011
011
021
022
032
031
153
576
142
032
032
053
798
364
265
143
032
032
032
132
021
021
021
021
021
021
132
132
021
021
021
011
021
021
011
010
000
000
000
000
000
000
000
000
000
000
000
000
000
000
000
000
000
000
000
000
000
000
100
410
810
830
830
931
c72
c82
c94
c82
950
a84
ca6
c92
ca8
841
b81
970
ca1
ec4
ec3
db3
972
331
100
210
221
221
121
541
540
110
000
000
000
000
000
000
000
000
000
010
011
021
121
031
042
365
365
354
032
132
032
154
8ba
375
032
032
032
032
032
032
021
021
021
121
121
021
576
354
465
132
021
021
011
011
010
010
000
000
000
000
000
000
000
000
000
000
000
000
000
000
000
000
000
000
000
000
000
000
410
720
710
c72
830
940
da4
c81
940
730
840
850
c91
ec4
a84
620
950
740
a82
971
430
431
551
331
231
441
442
441
331
121
000
000
000
000
000
000
000
000
000
000
000
010
011
021
021
154
7a9
475
032
121
132
132
132
154
8ca
264
032
032
032
032
122
021
021
021
022
131
121
121
032
032
132
122
021
021
021
011
010
010
000
000
000
000
000
000
000
000
000
000
000
000
000
000
000
000
000
000
000
000
410
510
710
200
200
720
930
a40
b71
b60
c94
fd8
970
630
fd4
db3
a70
860
a71
960
971
651
450
341
331
341
452
441
331
441
331
220
110
100
100
000
000
000
000
000
000
000
010
011
011
021
032
165
375
042
132
032
032
032
042
043
054
043
032
032
032
132
122
031
132
243
021
032
032
031
021
121
121
021
011
011
021
121
122
010
010
000
000
000
000
000
000
000
000
000
000
000
000
000
000
000
000
000
000
000
410
310
200
000
200
731
941
951
b61
a62
ca9
754
a70
c92
db3
730
a70
c91
b80
860
870
870
981
870
761
661
662
441
231
540
220
110
210
210
320
210
000
000
000
000
000
000
010
011
021
122
021
153
365
132
032
032
032
032
032
032
032
032
032
032
032
032
032
132
032
465
243
031
032
021
132
122
021
121
021
011
011
011
243
354
121
000
000
000
000
000
000
000
000
000
000
000
000
000
000
000
000
000
000
000
000
000
000
000
510
a61
610
610
953
edd
633
630
950
b81
961
b80
da1
a80
b91
ba1
980
980
760
771
871
761
551
120
110
000
000
000
000
000
000
000
000
000
000
000
000
000
010
011
021
021
376
798
143
031
032
032
032
032
032
032
032
032
032
032
132
032
021
254
475
042
243
021
354
254
021
354
143
221
420
221
011
010
010
232
243
010
000
000
000
000
000
000
000
000
000
000
000
000
000
000
000
000
000
000
000
000
000
000
200
210
000
100
cab
967
730
c92
960
520
850
da0
980
ca1
980
ba3
cb6
772
550
440
440
330
330
000
000
000
000
000
000
000
000
000
000
000
000
000
000
000
010
010
011
021
375
143
021
021
021
021
031
031
032
032
132
032
143
043
243
032
032
143
254
032
031
142
243
476
032
143
475
032
121
121
011
010
011
010
010
010
000
000
000
000
000
000
000
000
000
000
000
000
000
000
000
000
000
000