Copyright 1986-2022 Xilinx, Inc. All Rights Reserved. Copyright 2022-2025 Advanced Micro Devices, Inc. All Rights Reserved.
---------------------------------------------------------------------------------------------------------------------------------------------------------------------------------------------------------------------------
| Tool Version : Vivado v.2025.1.1 (win64) Build 6233196 Thu Sep 11 21:27:30 MDT 2025
| Date         : Tue Jan 13 12:52:46 2026
| Host         : kaiden running 64-bit major release  (build 9200)
| Command      : report_timing_summary -max_paths 10 -routable_nets -report_unconstrained -file lab10_timing_summary_routed.rpt -pb lab10_timing_summary_routed.pb -rpx lab10_timing_summary_routed.rpx -warn_on_violation
| Design       : lab10
| Device       : 7z020-clg484
| Speed File   : -1  PRODUCTION 1.12 2019-11-22
| Design State : Routed
---------------------------------------------------------------------------------------------------------------------------------------------------------------------------------------------------------------------------

Timing Summary Report

------------------------------------------------------------------------------------------------
| Timer Settings
| --------------
------------------------------------------------------------------------------------------------

  Enable Multi Corner Analysis               :  Yes
  Enable Pessimism Removal                   :  Yes
  Pessimism Removal Resolution               :  Nearest Common Node
  Enable Input Delay Default Clock           :  No
  Enable Preset / Clear Arcs                 :  No
  Disable Flight Delays                      :  No
  Ignore I/O Paths                           :  No
  Timing Early Launch at Borrowing Latches   :  No
  Borrow Time for Max Delay Exceptions       :  Yes
  Merge Timing Exceptions                    :  Yes
  Inter-SLR Compensation                     :  Conservative

  Corner  Analyze    Analyze    
  Name    Max Paths  Min Paths  
  ------  ---------  ---------  
  Slow    Yes        Yes        
  Fast    Yes        Yes        


------------------------------------------------------------------------------------------------
| Report Methodology
| ------------------
------------------------------------------------------------------------------------------------

Rule       Severity          Description                                 Violations  
---------  ----------------  ------------------------------------------  ----------  
TIMING-17  Critical Warning  Non-clocked sequential cell                 23          
SYNTH-6    Warning           Timing of a RAM block might be sub-optimal  38          
TIMING-18  Warning           Missing input or output delay               17          

Note: This report is based on the most recent report_methodology run and may not be up-to-date. Run report_methodology on the current design for the latest report.



check_timing report

Table of Contents
-----------------
1. checking no_clock (23)
2. checking constant_clock (0)
3. checking pulse_width_clock (0)
4. checking unconstrained_internal_endpoints (65)
5. checking no_input_delay (2)
6. checking no_output_delay (14)
7. checking multiple_clock (0)
8. checking generated_clocks (0)
9. checking loops (0)
10. checking partial_input_delay (0)
11. checking partial_output_delay (0)
12. checking latch_loops (0)

1. checking no_clock (23)
-------------------------
 There are 23 register/latch pins with no clock driven by root clock pin: clk_divider0/clk_out_reg/Q (HIGH)


2. checking constant_clock (0)
------------------------------
 There are 0 register/latch pins with constant_clock.


3. checking pulse_width_clock (0)
---------------------------------
 There are 0 register/latch pins which need pulse_width check


4. checking unconstrained_internal_endpoints (65)
-------------------------------------------------
 There are 65 pins that are not constrained for maximum delay. (HIGH)

 There are 0 pins that are not constrained for maximum delay due to constant clock.


5. checking no_input_delay (2)
------------------------------
 There are 2 input ports with no input delay specified. (HIGH)

 There are 0 input ports with no input delay but user has a false path constraint.


6. checking no_output_delay (14)
--------------------------------
 There are 14 ports with no output delay specified. (HIGH)

 There are 0 ports with no output delay but user has a false path constraint

 There are 0 ports with no output delay but with a timing clock defined on it or propagating through it


7. checking multiple_clock (0)
------------------------------
 There are 0 register/latch pins with multiple clocks.


8. checking generated_clocks (0)
--------------------------------
 There are 0 generated clocks that are not connected to a clock source.


9. checking loops (0)
---------------------
 There are 0 combinational loops in the design.


10. checking partial_input_delay (0)
------------------------------------
 There are 0 input ports with partial input delay specified.


11. checking partial_output_delay (0)
-------------------------------------
 There are 0 ports with partial output delay specified.


12. checking latch_loops (0)
----------------------------
 There are 0 combinational latch loops in the design through latch input



------------------------------------------------------------------------------------------------
| Design Timing Summary
| ---------------------
------------------------------------------------------------------------------------------------

    WNS(ns)      TNS(ns)  TNS Failing Endpoints  TNS Total Endpoints      WHS(ns)      THS(ns)  THS Failing Endpoints  THS Total Endpoints     WPWS(ns)     TPWS(ns)  TPWS Failing Endpoints  TPWS Total Endpoints  
    -------      -------  ---------------------  -------------------      -------      -------  ---------------------  -------------------     --------     --------  ----------------------  --------------------  
      2.207        0.000                      0                 1240        0.097        0.000                      0                 1240        4.500        0.000                       0                   210  


All user specified timing constraints are met.


------------------------------------------------------------------------------------------------
| Clock Summary
| -------------
------------------------------------------------------------------------------------------------

Clock        Waveform(ns)       Period(ns)      Frequency(MHz)
-----        ------------       ----------      --------------
sys_clk_pin  {0.000 5.000}      10.000          100.000         


------------------------------------------------------------------------------------------------
| Intra Clock Table
| -----------------
------------------------------------------------------------------------------------------------

Clock             WNS(ns)      TNS(ns)  TNS Failing Endpoints  TNS Total Endpoints      WHS(ns)      THS(ns)  THS Failing Endpoints  THS Total Endpoints     WPWS(ns)     TPWS(ns)  TPWS Failing Endpoints  TPWS Total Endpoints  
-----             -------      -------  ---------------------  -------------------      -------      -------  ---------------------  -------------------     --------     --------  ----------------------  --------------------  
sys_clk_pin         2.207        0.000                      0                 1240        0.097        0.000                      0                 1240        4.500        0.000                       0                   210  


------------------------------------------------------------------------------------------------
| Inter Clock Table
| -----------------
------------------------------------------------------------------------------------------------

From Clock    To Clock          WNS(ns)      TNS(ns)  TNS Failing Endpoints  TNS Total Endpoints      WHS(ns)      THS(ns)  THS Failing Endpoints  THS Total Endpoints  
----------    --------          -------      -------  ---------------------  -------------------      -------      -------  ---------------------  -------------------  


------------------------------------------------------------------------------------------------
| Other Path Groups Table
| -----------------------
------------------------------------------------------------------------------------------------

Path Group    From Clock    To Clock          WNS(ns)      TNS(ns)  TNS Failing Endpoints  TNS Total Endpoints      WHS(ns)      THS(ns)  THS Failing Endpoints  THS Total Endpoints  
----------    ----------    --------          -------      -------  ---------------------  -------------------      -------      -------  ---------------------  -------------------  


------------------------------------------------------------------------------------------------
| User Ignored Path Table
| -----------------------
------------------------------------------------------------------------------------------------

Path Group    From Clock    To Clock    
----------    ----------    --------    


------------------------------------------------------------------------------------------------
| Unconstrained Path Table
| ------------------------
------------------------------------------------------------------------------------------------

Path Group    From Clock    To Clock    
----------    ----------    --------    
(none)                                    
(none)        sys_clk_pin                 
(none)                      sys_clk_pin   


------------------------------------------------------------------------------------------------
| Timing Details
| --------------
------------------------------------------------------------------------------------------------


---------------------------------------------------------------------------------------------------
From Clock:  sys_clk_pin
  To Clock:  sys_clk_pin

Setup :            0  Failing Endpoints,  Worst Slack        2.207ns,  Total Violation        0.000ns
Hold  :            0  Failing Endpoints,  Worst Slack        0.097ns,  Total Violation        0.000ns
PW    :            0  Failing Endpoints,  Worst Slack        4.500ns,  Total Violation        0.000ns
---------------------------------------------------------------------------------------------------


Max Delay Paths
--------------------------------------------------------------------------------------
Slack (MET) :             2.207ns  (required time - arrival time)
  Source:                 ram_fw/RAM_reg_0_2/CLKARDCLK
                            (rising edge-triggered cell RAMB36E1 clocked by sys_clk_pin  {rise@0.000ns fall@5.000ns period=10.000ns})
  Destination:            rgb_reg_reg[8]/D
                            (rising edge-triggered cell FDRE clocked by sys_clk_pin  {rise@0.000ns fall@5.000ns period=10.000ns})
  Path Group:             sys_clk_pin
  Path Type:              Setup (Max at Slow Process Corner)
  Requirement:            10.000ns  (sys_clk_pin rise@10.000ns - sys_clk_pin rise@0.000ns)
  Data Path Delay:        7.474ns  (logic 3.669ns (49.092%)  route 3.805ns (50.908%))
  Logic Levels:           4  (LUT4=1 LUT6=2 RAMB36E1=1)
  Clock Path Skew:        -0.315ns (DCD - SCD + CPR)
    Destination Clock Delay (DCD):    5.007ns = ( 15.007 - 10.000 ) 
    Source Clock Delay      (SCD):    5.602ns
    Clock Pessimism Removal (CPR):    0.280ns
  Clock Uncertainty:      0.035ns  ((TSJ^2 + TIJ^2)^1/2 + DJ) / 2 + PE
    Total System Jitter     (TSJ):    0.071ns
    Total Input Jitter      (TIJ):    0.000ns
    Discrete Jitter          (DJ):    0.000ns
    Phase Error              (PE):    0.000ns

    Location             Delay type                Incr(ns)  Path(ns)    Netlist Resource(s)
  -------------------------------------------------------------------    -------------------
                         (clock sys_clk_pin rise edge)
                                                      0.000     0.000 r  
    Y9                                                0.000     0.000 r  clk (IN)
                         net (fo=0)                   0.000     0.000    clk
    Y9                   IBUF (Prop_ibuf_I_O)         1.490     1.490 r  clk_IBUF_inst/O
                         net (fo=1, routed)           2.171     3.661    clk_IBUF
    BUFGCTRL_X0Y0        BUFG (Prop_bufg_I_O)         0.101     3.762 r  clk_IBUF_BUFG_inst/O
                         net (fo=209, routed)         1.839     5.602    ram_fw/clk_IBUF_BUFG
    RAMB36_X4Y8          RAMB36E1                                     r  ram_fw/RAM_reg_0_2/CLKARDCLK
  -------------------------------------------------------------------    -------------------
    RAMB36_X4Y8          RAMB36E1 (Prop_ramb36e1_CLKARDCLK_CASCADEOUTA)
                                                      2.872     8.474 r  ram_fw/RAM_reg_0_2/CASCADEOUTA
                         net (fo=1, routed)           0.065     8.539    ram_fw/RAM_reg_0_2_n_0
    RAMB36_X4Y9          RAMB36E1 (Prop_ramb36e1_CASCADEINA_DOADO[0])
                                                      0.425     8.964 r  ram_fw/RAM_reg_1_2/DOADO[0]
                         net (fo=2, routed)           2.417    11.381    ram_fw/data_o[2]
    SLICE_X58Y76         LUT4 (Prop_lut4_I2_O)        0.124    11.505 f  ram_fw/rgb_reg[11]_i_11/O
                         net (fo=1, routed)           0.455    11.960    vs0/rgb_reg_reg[11]_3
    SLICE_X58Y79         LUT6 (Prop_lut6_I3_O)        0.124    12.084 r  vs0/rgb_reg[11]_i_4/O
                         net (fo=12, routed)          0.868    12.952    vs0/rgb_reg[11]_i_4_n_0
    SLICE_X59Y76         LUT6 (Prop_lut6_I1_O)        0.124    13.076 r  vs0/rgb_reg[8]_i_1/O
                         net (fo=1, routed)           0.000    13.076    vs0_n_55
    SLICE_X59Y76         FDRE                                         r  rgb_reg_reg[8]/D
  -------------------------------------------------------------------    -------------------

                         (clock sys_clk_pin rise edge)
                                                     10.000    10.000 r  
    Y9                                                0.000    10.000 r  clk (IN)
                         net (fo=0)                   0.000    10.000    clk
    Y9                   IBUF (Prop_ibuf_I_O)         1.420    11.420 r  clk_IBUF_inst/O
                         net (fo=1, routed)           1.972    13.392    clk_IBUF
    BUFGCTRL_X0Y0        BUFG (Prop_bufg_I_O)         0.091    13.483 r  clk_IBUF_BUFG_inst/O
                         net (fo=209, routed)         1.525    15.007    clk_IBUF_BUFG
    SLICE_X59Y76         FDRE                                         r  rgb_reg_reg[8]/C
                         clock pessimism              0.280    15.287    
                         clock uncertainty           -0.035    15.252    
    SLICE_X59Y76         FDRE (Setup_fdre_C_D)        0.031    15.283    rgb_reg_reg[8]
  -------------------------------------------------------------------
                         required time                         15.283    
                         arrival time                         -13.076    
  -------------------------------------------------------------------
                         slack                                  2.207    

Slack (MET) :             2.210ns  (required time - arrival time)
  Source:                 ram_fw/RAM_reg_0_2/CLKARDCLK
                            (rising edge-triggered cell RAMB36E1 clocked by sys_clk_pin  {rise@0.000ns fall@5.000ns period=10.000ns})
  Destination:            rgb_reg_reg[2]/D
                            (rising edge-triggered cell FDRE clocked by sys_clk_pin  {rise@0.000ns fall@5.000ns period=10.000ns})
  Path Group:             sys_clk_pin
  Path Type:              Setup (Max at Slow Process Corner)
  Requirement:            10.000ns  (sys_clk_pin rise@10.000ns - sys_clk_pin rise@0.000ns)
  Data Path Delay:        7.469ns  (logic 3.669ns (49.125%)  route 3.800ns (50.875%))
  Logic Levels:           4  (LUT4=1 LUT6=2 RAMB36E1=1)
  Clock Path Skew:        -0.315ns (DCD - SCD + CPR)
    Destination Clock Delay (DCD):    5.007ns = ( 15.007 - 10.000 ) 
    Source Clock Delay      (SCD):    5.602ns
    Clock Pessimism Removal (CPR):    0.280ns
  Clock Uncertainty:      0.035ns  ((TSJ^2 + TIJ^2)^1/2 + DJ) / 2 + PE
    Total System Jitter     (TSJ):    0.071ns
    Total Input Jitter      (TIJ):    0.000ns
    Discrete Jitter          (DJ):    0.000ns
    Phase Error              (PE):    0.000ns

    Location             Delay type                Incr(ns)  Path(ns)    Netlist Resource(s)
  -------------------------------------------------------------------    -------------------
                         (clock sys_clk_pin rise edge)
                                                      0.000     0.000 r  
    Y9                                                0.000     0.000 r  clk (IN)
                         net (fo=0)                   0.000     0.000    clk
    Y9                   IBUF (Prop_ibuf_I_O)         1.490     1.490 r  clk_IBUF_inst/O
                         net (fo=1, routed)           2.171     3.661    clk_IBUF
    BUFGCTRL_X0Y0        BUFG (Prop_bufg_I_O)         0.101     3.762 r  clk_IBUF_BUFG_inst/O
                         net (fo=209, routed)         1.839     5.602    ram_fw/clk_IBUF_BUFG
    RAMB36_X4Y8          RAMB36E1                                     r  ram_fw/RAM_reg_0_2/CLKARDCLK
  -------------------------------------------------------------------    -------------------
    RAMB36_X4Y8          RAMB36E1 (Prop_ramb36e1_CLKARDCLK_CASCADEOUTA)
                                                      2.872     8.474 r  ram_fw/RAM_reg_0_2/CASCADEOUTA
                         net (fo=1, routed)           0.065     8.539    ram_fw/RAM_reg_0_2_n_0
    RAMB36_X4Y9          RAMB36E1 (Prop_ramb36e1_CASCADEINA_DOADO[0])
                                                      0.425     8.964 r  ram_fw/RAM_reg_1_2/DOADO[0]
                         net (fo=2, routed)           2.417    11.381    ram_fw/data_o[2]
    SLICE_X58Y76         LUT4 (Prop_lut4_I2_O)        0.124    11.505 f  ram_fw/rgb_reg[11]_i_11/O
                         net (fo=1, routed)           0.455    11.960    vs0/rgb_reg_reg[11]_3
    SLICE_X58Y79         LUT6 (Prop_lut6_I3_O)        0.124    12.084 r  vs0/rgb_reg[11]_i_4/O
                         net (fo=12, routed)          0.863    12.947    vs0/rgb_reg[11]_i_4_n_0
    SLICE_X59Y76         LUT6 (Prop_lut6_I1_O)        0.124    13.071 r  vs0/rgb_reg[2]_i_1/O
                         net (fo=1, routed)           0.000    13.071    vs0_n_61
    SLICE_X59Y76         FDRE                                         r  rgb_reg_reg[2]/D
  -------------------------------------------------------------------    -------------------

                         (clock sys_clk_pin rise edge)
                                                     10.000    10.000 r  
    Y9                                                0.000    10.000 r  clk (IN)
                         net (fo=0)                   0.000    10.000    clk
    Y9                   IBUF (Prop_ibuf_I_O)         1.420    11.420 r  clk_IBUF_inst/O
                         net (fo=1, routed)           1.972    13.392    clk_IBUF
    BUFGCTRL_X0Y0        BUFG (Prop_bufg_I_O)         0.091    13.483 r  clk_IBUF_BUFG_inst/O
                         net (fo=209, routed)         1.525    15.007    clk_IBUF_BUFG
    SLICE_X59Y76         FDRE                                         r  rgb_reg_reg[2]/C
                         clock pessimism              0.280    15.287    
                         clock uncertainty           -0.035    15.252    
    SLICE_X59Y76         FDRE (Setup_fdre_C_D)        0.029    15.281    rgb_reg_reg[2]
  -------------------------------------------------------------------
                         required time                         15.281    
                         arrival time                         -13.071    
  -------------------------------------------------------------------
                         slack                                  2.210    

Slack (MET) :             2.280ns  (required time - arrival time)
  Source:                 ram_fw/RAM_reg_0_2/CLKARDCLK
                            (rising edge-triggered cell RAMB36E1 clocked by sys_clk_pin  {rise@0.000ns fall@5.000ns period=10.000ns})
  Destination:            rgb_reg_reg[1]/D
                            (rising edge-triggered cell FDRE clocked by sys_clk_pin  {rise@0.000ns fall@5.000ns period=10.000ns})
  Path Group:             sys_clk_pin
  Path Type:              Setup (Max at Slow Process Corner)
  Requirement:            10.000ns  (sys_clk_pin rise@10.000ns - sys_clk_pin rise@0.000ns)
  Data Path Delay:        7.451ns  (logic 3.669ns (49.241%)  route 3.782ns (50.759%))
  Logic Levels:           4  (LUT4=1 LUT6=2 RAMB36E1=1)
  Clock Path Skew:        -0.315ns (DCD - SCD + CPR)
    Destination Clock Delay (DCD):    5.007ns = ( 15.007 - 10.000 ) 
    Source Clock Delay      (SCD):    5.602ns
    Clock Pessimism Removal (CPR):    0.280ns
  Clock Uncertainty:      0.035ns  ((TSJ^2 + TIJ^2)^1/2 + DJ) / 2 + PE
    Total System Jitter     (TSJ):    0.071ns
    Total Input Jitter      (TIJ):    0.000ns
    Discrete Jitter          (DJ):    0.000ns
    Phase Error              (PE):    0.000ns

    Location             Delay type                Incr(ns)  Path(ns)    Netlist Resource(s)
  -------------------------------------------------------------------    -------------------
                         (clock sys_clk_pin rise edge)
                                                      0.000     0.000 r  
    Y9                                                0.000     0.000 r  clk (IN)
                         net (fo=0)                   0.000     0.000    clk
    Y9                   IBUF (Prop_ibuf_I_O)         1.490     1.490 r  clk_IBUF_inst/O
                         net (fo=1, routed)           2.171     3.661    clk_IBUF
    BUFGCTRL_X0Y0        BUFG (Prop_bufg_I_O)         0.101     3.762 r  clk_IBUF_BUFG_inst/O
                         net (fo=209, routed)         1.839     5.602    ram_fw/clk_IBUF_BUFG
    RAMB36_X4Y8          RAMB36E1                                     r  ram_fw/RAM_reg_0_2/CLKARDCLK
  -------------------------------------------------------------------    -------------------
    RAMB36_X4Y8          RAMB36E1 (Prop_ramb36e1_CLKARDCLK_CASCADEOUTA)
                                                      2.872     8.474 r  ram_fw/RAM_reg_0_2/CASCADEOUTA
                         net (fo=1, routed)           0.065     8.539    ram_fw/RAM_reg_0_2_n_0
    RAMB36_X4Y9          RAMB36E1 (Prop_ramb36e1_CASCADEINA_DOADO[0])
                                                      0.425     8.964 r  ram_fw/RAM_reg_1_2/DOADO[0]
                         net (fo=2, routed)           2.417    11.381    ram_fw/data_o[2]
    SLICE_X58Y76         LUT4 (Prop_lut4_I2_O)        0.124    11.505 f  ram_fw/rgb_reg[11]_i_11/O
                         net (fo=1, routed)           0.455    11.960    vs0/rgb_reg_reg[11]_3
    SLICE_X58Y79         LUT6 (Prop_lut6_I3_O)        0.124    12.084 r  vs0/rgb_reg[11]_i_4/O
                         net (fo=12, routed)          0.845    12.929    vs0/rgb_reg[11]_i_4_n_0
    SLICE_X58Y76         LUT6 (Prop_lut6_I1_O)        0.124    13.053 r  vs0/rgb_reg[1]_i_1/O
                         net (fo=1, routed)           0.000    13.053    vs0_n_62
    SLICE_X58Y76         FDRE                                         r  rgb_reg_reg[1]/D
  -------------------------------------------------------------------    -------------------

                         (clock sys_clk_pin rise edge)
                                                     10.000    10.000 r  
    Y9                                                0.000    10.000 r  clk (IN)
                         net (fo=0)                   0.000    10.000    clk
    Y9                   IBUF (Prop_ibuf_I_O)         1.420    11.420 r  clk_IBUF_inst/O
                         net (fo=1, routed)           1.972    13.392    clk_IBUF
    BUFGCTRL_X0Y0        BUFG (Prop_bufg_I_O)         0.091    13.483 r  clk_IBUF_BUFG_inst/O
                         net (fo=209, routed)         1.525    15.007    clk_IBUF_BUFG
    SLICE_X58Y76         FDRE                                         r  rgb_reg_reg[1]/C
                         clock pessimism              0.280    15.287    
                         clock uncertainty           -0.035    15.252    
    SLICE_X58Y76         FDRE (Setup_fdre_C_D)        0.081    15.333    rgb_reg_reg[1]
  -------------------------------------------------------------------
                         required time                         15.333    
                         arrival time                         -13.053    
  -------------------------------------------------------------------
                         slack                                  2.280    

Slack (MET) :             2.281ns  (required time - arrival time)
  Source:                 ram_fw/RAM_reg_0_2/CLKARDCLK
                            (rising edge-triggered cell RAMB36E1 clocked by sys_clk_pin  {rise@0.000ns fall@5.000ns period=10.000ns})
  Destination:            rgb_reg_reg[9]/D
                            (rising edge-triggered cell FDRE clocked by sys_clk_pin  {rise@0.000ns fall@5.000ns period=10.000ns})
  Path Group:             sys_clk_pin
  Path Type:              Setup (Max at Slow Process Corner)
  Requirement:            10.000ns  (sys_clk_pin rise@10.000ns - sys_clk_pin rise@0.000ns)
  Data Path Delay:        7.403ns  (logic 3.669ns (49.559%)  route 3.734ns (50.441%))
  Logic Levels:           4  (LUT4=1 LUT6=2 RAMB36E1=1)
  Clock Path Skew:        -0.312ns (DCD - SCD + CPR)
    Destination Clock Delay (DCD):    5.010ns = ( 15.010 - 10.000 ) 
    Source Clock Delay      (SCD):    5.602ns
    Clock Pessimism Removal (CPR):    0.280ns
  Clock Uncertainty:      0.035ns  ((TSJ^2 + TIJ^2)^1/2 + DJ) / 2 + PE
    Total System Jitter     (TSJ):    0.071ns
    Total Input Jitter      (TIJ):    0.000ns
    Discrete Jitter          (DJ):    0.000ns
    Phase Error              (PE):    0.000ns

    Location             Delay type                Incr(ns)  Path(ns)    Netlist Resource(s)
  -------------------------------------------------------------------    -------------------
                         (clock sys_clk_pin rise edge)
                                                      0.000     0.000 r  
    Y9                                                0.000     0.000 r  clk (IN)
                         net (fo=0)                   0.000     0.000    clk
    Y9                   IBUF (Prop_ibuf_I_O)         1.490     1.490 r  clk_IBUF_inst/O
                         net (fo=1, routed)           2.171     3.661    clk_IBUF
    BUFGCTRL_X0Y0        BUFG (Prop_bufg_I_O)         0.101     3.762 r  clk_IBUF_BUFG_inst/O
                         net (fo=209, routed)         1.839     5.602    ram_fw/clk_IBUF_BUFG
    RAMB36_X4Y8          RAMB36E1                                     r  ram_fw/RAM_reg_0_2/CLKARDCLK
  -------------------------------------------------------------------    -------------------
    RAMB36_X4Y8          RAMB36E1 (Prop_ramb36e1_CLKARDCLK_CASCADEOUTA)
                                                      2.872     8.474 r  ram_fw/RAM_reg_0_2/CASCADEOUTA
                         net (fo=1, routed)           0.065     8.539    ram_fw/RAM_reg_0_2_n_0
    RAMB36_X4Y9          RAMB36E1 (Prop_ramb36e1_CASCADEINA_DOADO[0])
                                                      0.425     8.964 r  ram_fw/RAM_reg_1_2/DOADO[0]
                         net (fo=2, routed)           2.417    11.381    ram_fw/data_o[2]
    SLICE_X58Y76         LUT4 (Prop_lut4_I2_O)        0.124    11.505 f  ram_fw/rgb_reg[11]_i_11/O
                         net (fo=1, routed)           0.455    11.960    vs0/rgb_reg_reg[11]_3
    SLICE_X58Y79         LUT6 (Prop_lut6_I3_O)        0.124    12.084 r  vs0/rgb_reg[11]_i_4/O
                         net (fo=12, routed)          0.797    12.881    vs0/rgb_reg[11]_i_4_n_0
    SLICE_X60Y76         LUT6 (Prop_lut6_I1_O)        0.124    13.005 r  vs0/rgb_reg[9]_i_1/O
                         net (fo=1, routed)           0.000    13.005    vs0_n_54
    SLICE_X60Y76         FDRE                                         r  rgb_reg_reg[9]/D
  -------------------------------------------------------------------    -------------------

                         (clock sys_clk_pin rise edge)
                                                     10.000    10.000 r  
    Y9                                                0.000    10.000 r  clk (IN)
                         net (fo=0)                   0.000    10.000    clk
    Y9                   IBUF (Prop_ibuf_I_O)         1.420    11.420 r  clk_IBUF_inst/O
                         net (fo=1, routed)           1.972    13.392    clk_IBUF
    BUFGCTRL_X0Y0        BUFG (Prop_bufg_I_O)         0.091    13.483 r  clk_IBUF_BUFG_inst/O
                         net (fo=209, routed)         1.528    15.010    clk_IBUF_BUFG
    SLICE_X60Y76         FDRE                                         r  rgb_reg_reg[9]/C
                         clock pessimism              0.280    15.290    
                         clock uncertainty           -0.035    15.255    
    SLICE_X60Y76         FDRE (Setup_fdre_C_D)        0.031    15.286    rgb_reg_reg[9]
  -------------------------------------------------------------------
                         required time                         15.286    
                         arrival time                         -13.005    
  -------------------------------------------------------------------
                         slack                                  2.281    

Slack (MET) :             2.333ns  (required time - arrival time)
  Source:                 ram_fw/RAM_reg_0_2/CLKARDCLK
                            (rising edge-triggered cell RAMB36E1 clocked by sys_clk_pin  {rise@0.000ns fall@5.000ns period=10.000ns})
  Destination:            rgb_reg_reg[11]/D
                            (rising edge-triggered cell FDRE clocked by sys_clk_pin  {rise@0.000ns fall@5.000ns period=10.000ns})
  Path Group:             sys_clk_pin
  Path Type:              Setup (Max at Slow Process Corner)
  Requirement:            10.000ns  (sys_clk_pin rise@10.000ns - sys_clk_pin rise@0.000ns)
  Data Path Delay:        7.349ns  (logic 3.669ns (49.925%)  route 3.680ns (50.075%))
  Logic Levels:           4  (LUT4=1 LUT6=2 RAMB36E1=1)
  Clock Path Skew:        -0.312ns (DCD - SCD + CPR)
    Destination Clock Delay (DCD):    5.010ns = ( 15.010 - 10.000 ) 
    Source Clock Delay      (SCD):    5.602ns
    Clock Pessimism Removal (CPR):    0.280ns
  Clock Uncertainty:      0.035ns  ((TSJ^2 + TIJ^2)^1/2 + DJ) / 2 + PE
    Total System Jitter     (TSJ):    0.071ns
    Total Input Jitter      (TIJ):    0.000ns
    Discrete Jitter          (DJ):    0.000ns
    Phase Error              (PE):    0.000ns

    Location             Delay type                Incr(ns)  Path(ns)    Netlist Resource(s)
  -------------------------------------------------------------------    -------------------
                         (clock sys_clk_pin rise edge)
                                                      0.000     0.000 r  
    Y9                                                0.000     0.000 r  clk (IN)
                         net (fo=0)                   0.000     0.000    clk
    Y9                   IBUF (Prop_ibuf_I_O)         1.490     1.490 r  clk_IBUF_inst/O
                         net (fo=1, routed)           2.171     3.661    clk_IBUF
    BUFGCTRL_X0Y0        BUFG (Prop_bufg_I_O)         0.101     3.762 r  clk_IBUF_BUFG_inst/O
                         net (fo=209, routed)         1.839     5.602    ram_fw/clk_IBUF_BUFG
    RAMB36_X4Y8          RAMB36E1                                     r  ram_fw/RAM_reg_0_2/CLKARDCLK
  -------------------------------------------------------------------    -------------------
    RAMB36_X4Y8          RAMB36E1 (Prop_ramb36e1_CLKARDCLK_CASCADEOUTA)
                                                      2.872     8.474 r  ram_fw/RAM_reg_0_2/CASCADEOUTA
                         net (fo=1, routed)           0.065     8.539    ram_fw/RAM_reg_0_2_n_0
    RAMB36_X4Y9          RAMB36E1 (Prop_ramb36e1_CASCADEINA_DOADO[0])
                                                      0.425     8.964 r  ram_fw/RAM_reg_1_2/DOADO[0]
                         net (fo=2, routed)           2.417    11.381    ram_fw/data_o[2]
    SLICE_X58Y76         LUT4 (Prop_lut4_I2_O)        0.124    11.505 f  ram_fw/rgb_reg[11]_i_11/O
                         net (fo=1, routed)           0.455    11.960    vs0/rgb_reg_reg[11]_3
    SLICE_X58Y79         LUT6 (Prop_lut6_I3_O)        0.124    12.084 r  vs0/rgb_reg[11]_i_4/O
                         net (fo=12, routed)          0.743    12.827    vs0/rgb_reg[11]_i_4_n_0
    SLICE_X60Y76         LUT6 (Prop_lut6_I1_O)        0.124    12.951 r  vs0/rgb_reg[11]_i_2/O
                         net (fo=1, routed)           0.000    12.951    vs0_n_52
    SLICE_X60Y76         FDRE                                         r  rgb_reg_reg[11]/D
  -------------------------------------------------------------------    -------------------

                         (clock sys_clk_pin rise edge)
                                                     10.000    10.000 r  
    Y9                                                0.000    10.000 r  clk (IN)
                         net (fo=0)                   0.000    10.000    clk
    Y9                   IBUF (Prop_ibuf_I_O)         1.420    11.420 r  clk_IBUF_inst/O
                         net (fo=1, routed)           1.972    13.392    clk_IBUF
    BUFGCTRL_X0Y0        BUFG (Prop_bufg_I_O)         0.091    13.483 r  clk_IBUF_BUFG_inst/O
                         net (fo=209, routed)         1.528    15.010    clk_IBUF_BUFG
    SLICE_X60Y76         FDRE                                         r  rgb_reg_reg[11]/C
                         clock pessimism              0.280    15.290    
                         clock uncertainty           -0.035    15.255    
    SLICE_X60Y76         FDRE (Setup_fdre_C_D)        0.029    15.284    rgb_reg_reg[11]
  -------------------------------------------------------------------
                         required time                         15.284    
                         arrival time                         -12.951    
  -------------------------------------------------------------------
                         slack                                  2.333    

Slack (MET) :             2.388ns  (required time - arrival time)
  Source:                 ram_fw/RAM_reg_0_2/CLKARDCLK
                            (rising edge-triggered cell RAMB36E1 clocked by sys_clk_pin  {rise@0.000ns fall@5.000ns period=10.000ns})
  Destination:            rgb_reg_reg[7]/D
                            (rising edge-triggered cell FDRE clocked by sys_clk_pin  {rise@0.000ns fall@5.000ns period=10.000ns})
  Path Group:             sys_clk_pin
  Path Type:              Setup (Max at Slow Process Corner)
  Requirement:            10.000ns  (sys_clk_pin rise@10.000ns - sys_clk_pin rise@0.000ns)
  Data Path Delay:        7.296ns  (logic 3.669ns (50.288%)  route 3.627ns (49.712%))
  Logic Levels:           4  (LUT4=1 LUT6=2 RAMB36E1=1)
  Clock Path Skew:        -0.312ns (DCD - SCD + CPR)
    Destination Clock Delay (DCD):    5.010ns = ( 15.010 - 10.000 ) 
    Source Clock Delay      (SCD):    5.602ns
    Clock Pessimism Removal (CPR):    0.280ns
  Clock Uncertainty:      0.035ns  ((TSJ^2 + TIJ^2)^1/2 + DJ) / 2 + PE
    Total System Jitter     (TSJ):    0.071ns
    Total Input Jitter      (TIJ):    0.000ns
    Discrete Jitter          (DJ):    0.000ns
    Phase Error              (PE):    0.000ns

    Location             Delay type                Incr(ns)  Path(ns)    Netlist Resource(s)
  -------------------------------------------------------------------    -------------------
                         (clock sys_clk_pin rise edge)
                                                      0.000     0.000 r  
    Y9                                                0.000     0.000 r  clk (IN)
                         net (fo=0)                   0.000     0.000    clk
    Y9                   IBUF (Prop_ibuf_I_O)         1.490     1.490 r  clk_IBUF_inst/O
                         net (fo=1, routed)           2.171     3.661    clk_IBUF
    BUFGCTRL_X0Y0        BUFG (Prop_bufg_I_O)         0.101     3.762 r  clk_IBUF_BUFG_inst/O
                         net (fo=209, routed)         1.839     5.602    ram_fw/clk_IBUF_BUFG
    RAMB36_X4Y8          RAMB36E1                                     r  ram_fw/RAM_reg_0_2/CLKARDCLK
  -------------------------------------------------------------------    -------------------
    RAMB36_X4Y8          RAMB36E1 (Prop_ramb36e1_CLKARDCLK_CASCADEOUTA)
                                                      2.872     8.474 r  ram_fw/RAM_reg_0_2/CASCADEOUTA
                         net (fo=1, routed)           0.065     8.539    ram_fw/RAM_reg_0_2_n_0
    RAMB36_X4Y9          RAMB36E1 (Prop_ramb36e1_CASCADEINA_DOADO[0])
                                                      0.425     8.964 r  ram_fw/RAM_reg_1_2/DOADO[0]
                         net (fo=2, routed)           2.417    11.381    ram_fw/data_o[2]
    SLICE_X58Y76         LUT4 (Prop_lut4_I2_O)        0.124    11.505 f  ram_fw/rgb_reg[11]_i_11/O
                         net (fo=1, routed)           0.455    11.960    vs0/rgb_reg_reg[11]_3
    SLICE_X58Y79         LUT6 (Prop_lut6_I3_O)        0.124    12.084 r  vs0/rgb_reg[11]_i_4/O
                         net (fo=12, routed)          0.690    12.774    vs0/rgb_reg[11]_i_4_n_0
    SLICE_X59Y78         LUT6 (Prop_lut6_I1_O)        0.124    12.898 r  vs0/rgb_reg[7]_i_1/O
                         net (fo=1, routed)           0.000    12.898    vs0_n_56
    SLICE_X59Y78         FDRE                                         r  rgb_reg_reg[7]/D
  -------------------------------------------------------------------    -------------------

                         (clock sys_clk_pin rise edge)
                                                     10.000    10.000 r  
    Y9                                                0.000    10.000 r  clk (IN)
                         net (fo=0)                   0.000    10.000    clk
    Y9                   IBUF (Prop_ibuf_I_O)         1.420    11.420 r  clk_IBUF_inst/O
                         net (fo=1, routed)           1.972    13.392    clk_IBUF
    BUFGCTRL_X0Y0        BUFG (Prop_bufg_I_O)         0.091    13.483 r  clk_IBUF_BUFG_inst/O
                         net (fo=209, routed)         1.528    15.010    clk_IBUF_BUFG
    SLICE_X59Y78         FDRE                                         r  rgb_reg_reg[7]/C
                         clock pessimism              0.280    15.290    
                         clock uncertainty           -0.035    15.255    
    SLICE_X59Y78         FDRE (Setup_fdre_C_D)        0.031    15.286    rgb_reg_reg[7]
  -------------------------------------------------------------------
                         required time                         15.286    
                         arrival time                         -12.898    
  -------------------------------------------------------------------
                         slack                                  2.388    

Slack (MET) :             2.391ns  (required time - arrival time)
  Source:                 ram_fw/RAM_reg_0_2/CLKARDCLK
                            (rising edge-triggered cell RAMB36E1 clocked by sys_clk_pin  {rise@0.000ns fall@5.000ns period=10.000ns})
  Destination:            rgb_reg_reg[5]/D
                            (rising edge-triggered cell FDRE clocked by sys_clk_pin  {rise@0.000ns fall@5.000ns period=10.000ns})
  Path Group:             sys_clk_pin
  Path Type:              Setup (Max at Slow Process Corner)
  Requirement:            10.000ns  (sys_clk_pin rise@10.000ns - sys_clk_pin rise@0.000ns)
  Data Path Delay:        7.291ns  (logic 3.669ns (50.323%)  route 3.622ns (49.677%))
  Logic Levels:           4  (LUT4=1 LUT6=2 RAMB36E1=1)
  Clock Path Skew:        -0.312ns (DCD - SCD + CPR)
    Destination Clock Delay (DCD):    5.010ns = ( 15.010 - 10.000 ) 
    Source Clock Delay      (SCD):    5.602ns
    Clock Pessimism Removal (CPR):    0.280ns
  Clock Uncertainty:      0.035ns  ((TSJ^2 + TIJ^2)^1/2 + DJ) / 2 + PE
    Total System Jitter     (TSJ):    0.071ns
    Total Input Jitter      (TIJ):    0.000ns
    Discrete Jitter          (DJ):    0.000ns
    Phase Error              (PE):    0.000ns

    Location             Delay type                Incr(ns)  Path(ns)    Netlist Resource(s)
  -------------------------------------------------------------------    -------------------
                         (clock sys_clk_pin rise edge)
                                                      0.000     0.000 r  
    Y9                                                0.000     0.000 r  clk (IN)
                         net (fo=0)                   0.000     0.000    clk
    Y9                   IBUF (Prop_ibuf_I_O)         1.490     1.490 r  clk_IBUF_inst/O
                         net (fo=1, routed)           2.171     3.661    clk_IBUF
    BUFGCTRL_X0Y0        BUFG (Prop_bufg_I_O)         0.101     3.762 r  clk_IBUF_BUFG_inst/O
                         net (fo=209, routed)         1.839     5.602    ram_fw/clk_IBUF_BUFG
    RAMB36_X4Y8          RAMB36E1                                     r  ram_fw/RAM_reg_0_2/CLKARDCLK
  -------------------------------------------------------------------    -------------------
    RAMB36_X4Y8          RAMB36E1 (Prop_ramb36e1_CLKARDCLK_CASCADEOUTA)
                                                      2.872     8.474 r  ram_fw/RAM_reg_0_2/CASCADEOUTA
                         net (fo=1, routed)           0.065     8.539    ram_fw/RAM_reg_0_2_n_0
    RAMB36_X4Y9          RAMB36E1 (Prop_ramb36e1_CASCADEINA_DOADO[0])
                                                      0.425     8.964 r  ram_fw/RAM_reg_1_2/DOADO[0]
                         net (fo=2, routed)           2.417    11.381    ram_fw/data_o[2]
    SLICE_X58Y76         LUT4 (Prop_lut4_I2_O)        0.124    11.505 f  ram_fw/rgb_reg[11]_i_11/O
                         net (fo=1, routed)           0.455    11.960    vs0/rgb_reg_reg[11]_3
    SLICE_X58Y79         LUT6 (Prop_lut6_I3_O)        0.124    12.084 r  vs0/rgb_reg[11]_i_4/O
                         net (fo=12, routed)          0.685    12.769    vs0/rgb_reg[11]_i_4_n_0
    SLICE_X59Y78         LUT6 (Prop_lut6_I1_O)        0.124    12.893 r  vs0/rgb_reg[5]_i_1/O
                         net (fo=1, routed)           0.000    12.893    vs0_n_58
    SLICE_X59Y78         FDRE                                         r  rgb_reg_reg[5]/D
  -------------------------------------------------------------------    -------------------

                         (clock sys_clk_pin rise edge)
                                                     10.000    10.000 r  
    Y9                                                0.000    10.000 r  clk (IN)
                         net (fo=0)                   0.000    10.000    clk
    Y9                   IBUF (Prop_ibuf_I_O)         1.420    11.420 r  clk_IBUF_inst/O
                         net (fo=1, routed)           1.972    13.392    clk_IBUF
    BUFGCTRL_X0Y0        BUFG (Prop_bufg_I_O)         0.091    13.483 r  clk_IBUF_BUFG_inst/O
                         net (fo=209, routed)         1.528    15.010    clk_IBUF_BUFG
    SLICE_X59Y78         FDRE                                         r  rgb_reg_reg[5]/C
                         clock pessimism              0.280    15.290    
                         clock uncertainty           -0.035    15.255    
    SLICE_X59Y78         FDRE (Setup_fdre_C_D)        0.029    15.284    rgb_reg_reg[5]
  -------------------------------------------------------------------
                         required time                         15.284    
                         arrival time                         -12.893    
  -------------------------------------------------------------------
                         slack                                  2.391    

Slack (MET) :             2.469ns  (required time - arrival time)
  Source:                 ram_fw/RAM_reg_0_2/CLKARDCLK
                            (rising edge-triggered cell RAMB36E1 clocked by sys_clk_pin  {rise@0.000ns fall@5.000ns period=10.000ns})
  Destination:            rgb_reg_reg[6]/D
                            (rising edge-triggered cell FDRE clocked by sys_clk_pin  {rise@0.000ns fall@5.000ns period=10.000ns})
  Path Group:             sys_clk_pin
  Path Type:              Setup (Max at Slow Process Corner)
  Requirement:            10.000ns  (sys_clk_pin rise@10.000ns - sys_clk_pin rise@0.000ns)
  Data Path Delay:        7.213ns  (logic 3.669ns (50.866%)  route 3.544ns (49.134%))
  Logic Levels:           4  (LUT4=1 LUT6=2 RAMB36E1=1)
  Clock Path Skew:        -0.314ns (DCD - SCD + CPR)
    Destination Clock Delay (DCD):    5.008ns = ( 15.008 - 10.000 ) 
    Source Clock Delay      (SCD):    5.602ns
    Clock Pessimism Removal (CPR):    0.280ns
  Clock Uncertainty:      0.035ns  ((TSJ^2 + TIJ^2)^1/2 + DJ) / 2 + PE
    Total System Jitter     (TSJ):    0.071ns
    Total Input Jitter      (TIJ):    0.000ns
    Discrete Jitter          (DJ):    0.000ns
    Phase Error              (PE):    0.000ns

    Location             Delay type                Incr(ns)  Path(ns)    Netlist Resource(s)
  -------------------------------------------------------------------    -------------------
                         (clock sys_clk_pin rise edge)
                                                      0.000     0.000 r  
    Y9                                                0.000     0.000 r  clk (IN)
                         net (fo=0)                   0.000     0.000    clk
    Y9                   IBUF (Prop_ibuf_I_O)         1.490     1.490 r  clk_IBUF_inst/O
                         net (fo=1, routed)           2.171     3.661    clk_IBUF
    BUFGCTRL_X0Y0        BUFG (Prop_bufg_I_O)         0.101     3.762 r  clk_IBUF_BUFG_inst/O
                         net (fo=209, routed)         1.839     5.602    ram_fw/clk_IBUF_BUFG
    RAMB36_X4Y8          RAMB36E1                                     r  ram_fw/RAM_reg_0_2/CLKARDCLK
  -------------------------------------------------------------------    -------------------
    RAMB36_X4Y8          RAMB36E1 (Prop_ramb36e1_CLKARDCLK_CASCADEOUTA)
                                                      2.872     8.474 r  ram_fw/RAM_reg_0_2/CASCADEOUTA
                         net (fo=1, routed)           0.065     8.539    ram_fw/RAM_reg_0_2_n_0
    RAMB36_X4Y9          RAMB36E1 (Prop_ramb36e1_CASCADEINA_DOADO[0])
                                                      0.425     8.964 r  ram_fw/RAM_reg_1_2/DOADO[0]
                         net (fo=2, routed)           2.417    11.381    ram_fw/data_o[2]
    SLICE_X58Y76         LUT4 (Prop_lut4_I2_O)        0.124    11.505 f  ram_fw/rgb_reg[11]_i_11/O
                         net (fo=1, routed)           0.455    11.960    vs0/rgb_reg_reg[11]_3
    SLICE_X58Y79         LUT6 (Prop_lut6_I3_O)        0.124    12.084 r  vs0/rgb_reg[11]_i_4/O
                         net (fo=12, routed)          0.607    12.691    vs0/rgb_reg[11]_i_4_n_0
    SLICE_X59Y77         LUT6 (Prop_lut6_I1_O)        0.124    12.815 r  vs0/rgb_reg[6]_i_1/O
                         net (fo=1, routed)           0.000    12.815    vs0_n_57
    SLICE_X59Y77         FDRE                                         r  rgb_reg_reg[6]/D
  -------------------------------------------------------------------    -------------------

                         (clock sys_clk_pin rise edge)
                                                     10.000    10.000 r  
    Y9                                                0.000    10.000 r  clk (IN)
                         net (fo=0)                   0.000    10.000    clk
    Y9                   IBUF (Prop_ibuf_I_O)         1.420    11.420 r  clk_IBUF_inst/O
                         net (fo=1, routed)           1.972    13.392    clk_IBUF
    BUFGCTRL_X0Y0        BUFG (Prop_bufg_I_O)         0.091    13.483 r  clk_IBUF_BUFG_inst/O
                         net (fo=209, routed)         1.526    15.008    clk_IBUF_BUFG
    SLICE_X59Y77         FDRE                                         r  rgb_reg_reg[6]/C
                         clock pessimism              0.280    15.288    
                         clock uncertainty           -0.035    15.253    
    SLICE_X59Y77         FDRE (Setup_fdre_C_D)        0.031    15.284    rgb_reg_reg[6]
  -------------------------------------------------------------------
                         required time                         15.284    
                         arrival time                         -12.815    
  -------------------------------------------------------------------
                         slack                                  2.469    

Slack (MET) :             2.471ns  (required time - arrival time)
  Source:                 ram_fw/RAM_reg_0_2/CLKARDCLK
                            (rising edge-triggered cell RAMB36E1 clocked by sys_clk_pin  {rise@0.000ns fall@5.000ns period=10.000ns})
  Destination:            rgb_reg_reg[4]/D
                            (rising edge-triggered cell FDRE clocked by sys_clk_pin  {rise@0.000ns fall@5.000ns period=10.000ns})
  Path Group:             sys_clk_pin
  Path Type:              Setup (Max at Slow Process Corner)
  Requirement:            10.000ns  (sys_clk_pin rise@10.000ns - sys_clk_pin rise@0.000ns)
  Data Path Delay:        7.209ns  (logic 3.669ns (50.895%)  route 3.540ns (49.105%))
  Logic Levels:           4  (LUT4=1 LUT6=2 RAMB36E1=1)
  Clock Path Skew:        -0.314ns (DCD - SCD + CPR)
    Destination Clock Delay (DCD):    5.008ns = ( 15.008 - 10.000 ) 
    Source Clock Delay      (SCD):    5.602ns
    Clock Pessimism Removal (CPR):    0.280ns
  Clock Uncertainty:      0.035ns  ((TSJ^2 + TIJ^2)^1/2 + DJ) / 2 + PE
    Total System Jitter     (TSJ):    0.071ns
    Total Input Jitter      (TIJ):    0.000ns
    Discrete Jitter          (DJ):    0.000ns
    Phase Error              (PE):    0.000ns

    Location             Delay type                Incr(ns)  Path(ns)    Netlist Resource(s)
  -------------------------------------------------------------------    -------------------
                         (clock sys_clk_pin rise edge)
                                                      0.000     0.000 r  
    Y9                                                0.000     0.000 r  clk (IN)
                         net (fo=0)                   0.000     0.000    clk
    Y9                   IBUF (Prop_ibuf_I_O)         1.490     1.490 r  clk_IBUF_inst/O
                         net (fo=1, routed)           2.171     3.661    clk_IBUF
    BUFGCTRL_X0Y0        BUFG (Prop_bufg_I_O)         0.101     3.762 r  clk_IBUF_BUFG_inst/O
                         net (fo=209, routed)         1.839     5.602    ram_fw/clk_IBUF_BUFG
    RAMB36_X4Y8          RAMB36E1                                     r  ram_fw/RAM_reg_0_2/CLKARDCLK
  -------------------------------------------------------------------    -------------------
    RAMB36_X4Y8          RAMB36E1 (Prop_ramb36e1_CLKARDCLK_CASCADEOUTA)
                                                      2.872     8.474 r  ram_fw/RAM_reg_0_2/CASCADEOUTA
                         net (fo=1, routed)           0.065     8.539    ram_fw/RAM_reg_0_2_n_0
    RAMB36_X4Y9          RAMB36E1 (Prop_ramb36e1_CASCADEINA_DOADO[0])
                                                      0.425     8.964 r  ram_fw/RAM_reg_1_2/DOADO[0]
                         net (fo=2, routed)           2.417    11.381    ram_fw/data_o[2]
    SLICE_X58Y76         LUT4 (Prop_lut4_I2_O)        0.124    11.505 f  ram_fw/rgb_reg[11]_i_11/O
                         net (fo=1, routed)           0.455    11.960    vs0/rgb_reg_reg[11]_3
    SLICE_X58Y79         LUT6 (Prop_lut6_I3_O)        0.124    12.084 r  vs0/rgb_reg[11]_i_4/O
                         net (fo=12, routed)          0.603    12.687    vs0/rgb_reg[11]_i_4_n_0
    SLICE_X59Y77         LUT6 (Prop_lut6_I1_O)        0.124    12.811 r  vs0/rgb_reg[4]_i_1/O
                         net (fo=1, routed)           0.000    12.811    vs0_n_59
    SLICE_X59Y77         FDRE                                         r  rgb_reg_reg[4]/D
  -------------------------------------------------------------------    -------------------

                         (clock sys_clk_pin rise edge)
                                                     10.000    10.000 r  
    Y9                                                0.000    10.000 r  clk (IN)
                         net (fo=0)                   0.000    10.000    clk
    Y9                   IBUF (Prop_ibuf_I_O)         1.420    11.420 r  clk_IBUF_inst/O
                         net (fo=1, routed)           1.972    13.392    clk_IBUF
    BUFGCTRL_X0Y0        BUFG (Prop_bufg_I_O)         0.091    13.483 r  clk_IBUF_BUFG_inst/O
                         net (fo=209, routed)         1.526    15.008    clk_IBUF_BUFG
    SLICE_X59Y77         FDRE                                         r  rgb_reg_reg[4]/C
                         clock pessimism              0.280    15.288    
                         clock uncertainty           -0.035    15.253    
    SLICE_X59Y77         FDRE (Setup_fdre_C_D)        0.029    15.282    rgb_reg_reg[4]
  -------------------------------------------------------------------
                         required time                         15.282    
                         arrival time                         -12.811    
  -------------------------------------------------------------------
                         slack                                  2.471    

Slack (MET) :             2.475ns  (required time - arrival time)
  Source:                 ram_fw/RAM_reg_0_2/CLKARDCLK
                            (rising edge-triggered cell RAMB36E1 clocked by sys_clk_pin  {rise@0.000ns fall@5.000ns period=10.000ns})
  Destination:            rgb_reg_reg[10]/D
                            (rising edge-triggered cell FDRE clocked by sys_clk_pin  {rise@0.000ns fall@5.000ns period=10.000ns})
  Path Group:             sys_clk_pin
  Path Type:              Setup (Max at Slow Process Corner)
  Requirement:            10.000ns  (sys_clk_pin rise@10.000ns - sys_clk_pin rise@0.000ns)
  Data Path Delay:        7.208ns  (logic 3.669ns (50.901%)  route 3.539ns (49.099%))
  Logic Levels:           4  (LUT4=1 LUT6=2 RAMB36E1=1)
  Clock Path Skew:        -0.311ns (DCD - SCD + CPR)
    Destination Clock Delay (DCD):    5.011ns = ( 15.011 - 10.000 ) 
    Source Clock Delay      (SCD):    5.602ns
    Clock Pessimism Removal (CPR):    0.280ns
  Clock Uncertainty:      0.035ns  ((TSJ^2 + TIJ^2)^1/2 + DJ) / 2 + PE
    Total System Jitter     (TSJ):    0.071ns
    Total Input Jitter      (TIJ):    0.000ns
    Discrete Jitter          (DJ):    0.000ns
    Phase Error              (PE):    0.000ns

    Location             Delay type                Incr(ns)  Path(ns)    Netlist Resource(s)
  -------------------------------------------------------------------    -------------------
                         (clock sys_clk_pin rise edge)
                                                      0.000     0.000 r  
    Y9                                                0.000     0.000 r  clk (IN)
                         net (fo=0)                   0.000     0.000    clk
    Y9                   IBUF (Prop_ibuf_I_O)         1.490     1.490 r  clk_IBUF_inst/O
                         net (fo=1, routed)           2.171     3.661    clk_IBUF
    BUFGCTRL_X0Y0        BUFG (Prop_bufg_I_O)         0.101     3.762 r  clk_IBUF_BUFG_inst/O
                         net (fo=209, routed)         1.839     5.602    ram_fw/clk_IBUF_BUFG
    RAMB36_X4Y8          RAMB36E1                                     r  ram_fw/RAM_reg_0_2/CLKARDCLK
  -------------------------------------------------------------------    -------------------
    RAMB36_X4Y8          RAMB36E1 (Prop_ramb36e1_CLKARDCLK_CASCADEOUTA)
                                                      2.872     8.474 r  ram_fw/RAM_reg_0_2/CASCADEOUTA
                         net (fo=1, routed)           0.065     8.539    ram_fw/RAM_reg_0_2_n_0
    RAMB36_X4Y9          RAMB36E1 (Prop_ramb36e1_CASCADEINA_DOADO[0])
                                                      0.425     8.964 r  ram_fw/RAM_reg_1_2/DOADO[0]
                         net (fo=2, routed)           2.417    11.381    ram_fw/data_o[2]
    SLICE_X58Y76         LUT4 (Prop_lut4_I2_O)        0.124    11.505 f  ram_fw/rgb_reg[11]_i_11/O
                         net (fo=1, routed)           0.455    11.960    vs0/rgb_reg_reg[11]_3
    SLICE_X58Y79         LUT6 (Prop_lut6_I3_O)        0.124    12.084 r  vs0/rgb_reg[11]_i_4/O
                         net (fo=12, routed)          0.602    12.686    vs0/rgb_reg[11]_i_4_n_0
    SLICE_X60Y77         LUT6 (Prop_lut6_I1_O)        0.124    12.810 r  vs0/rgb_reg[10]_i_1/O
                         net (fo=1, routed)           0.000    12.810    vs0_n_53
    SLICE_X60Y77         FDRE                                         r  rgb_reg_reg[10]/D
  -------------------------------------------------------------------    -------------------

                         (clock sys_clk_pin rise edge)
                                                     10.000    10.000 r  
    Y9                                                0.000    10.000 r  clk (IN)
                         net (fo=0)                   0.000    10.000    clk
    Y9                   IBUF (Prop_ibuf_I_O)         1.420    11.420 r  clk_IBUF_inst/O
                         net (fo=1, routed)           1.972    13.392    clk_IBUF
    BUFGCTRL_X0Y0        BUFG (Prop_bufg_I_O)         0.091    13.483 r  clk_IBUF_BUFG_inst/O
                         net (fo=209, routed)         1.529    15.011    clk_IBUF_BUFG
    SLICE_X60Y77         FDRE                                         r  rgb_reg_reg[10]/C
                         clock pessimism              0.280    15.291    
                         clock uncertainty           -0.035    15.256    
    SLICE_X60Y77         FDRE (Setup_fdre_C_D)        0.029    15.285    rgb_reg_reg[10]
  -------------------------------------------------------------------
                         required time                         15.285    
                         arrival time                         -12.810    
  -------------------------------------------------------------------
                         slack                                  2.475    





Min Delay Paths
--------------------------------------------------------------------------------------
Slack (MET) :             0.097ns  (arrival time - required time)
  Source:                 pixel_fw_addr_reg[4]/C
                            (rising edge-triggered cell FDRE clocked by sys_clk_pin  {rise@0.000ns fall@5.000ns period=10.000ns})
  Destination:            ram_fw/RAM_reg_0_7/ADDRARDADDR[4]
                            (rising edge-triggered cell RAMB36E1 clocked by sys_clk_pin  {rise@0.000ns fall@5.000ns period=10.000ns})
  Path Group:             sys_clk_pin
  Path Type:              Hold (Min at Fast Process Corner)
  Requirement:            0.000ns  (sys_clk_pin rise@0.000ns - sys_clk_pin rise@0.000ns)
  Data Path Delay:        0.590ns  (logic 0.164ns (27.781%)  route 0.426ns (72.219%))
  Logic Levels:           0  
  Clock Path Skew:        0.311ns (DCD - SCD - CPR)
    Destination Clock Delay (DCD):    2.057ns
    Source Clock Delay      (SCD):    1.494ns
    Clock Pessimism Removal (CPR):    0.252ns

    Location             Delay type                Incr(ns)  Path(ns)    Netlist Resource(s)
  -------------------------------------------------------------------    -------------------
                         (clock sys_clk_pin rise edge)
                                                      0.000     0.000 r  
    Y9                                                0.000     0.000 r  clk (IN)
                         net (fo=0)                   0.000     0.000    clk
    Y9                   IBUF (Prop_ibuf_I_O)         0.258     0.258 r  clk_IBUF_inst/O
                         net (fo=1, routed)           0.663     0.921    clk_IBUF
    BUFGCTRL_X0Y0        BUFG (Prop_bufg_I_O)         0.026     0.947 r  clk_IBUF_BUFG_inst/O
                         net (fo=209, routed)         0.547     1.494    clk_IBUF_BUFG
    SLICE_X50Y81         FDRE                                         r  pixel_fw_addr_reg[4]/C
  -------------------------------------------------------------------    -------------------
    SLICE_X50Y81         FDRE (Prop_fdre_C_Q)         0.164     1.658 r  pixel_fw_addr_reg[4]/Q
                         net (fo=24, routed)          0.426     2.084    ram_fw/Q[4]
    RAMB36_X2Y16         RAMB36E1                                     r  ram_fw/RAM_reg_0_7/ADDRARDADDR[4]
  -------------------------------------------------------------------    -------------------

                         (clock sys_clk_pin rise edge)
                                                      0.000     0.000 r  
    Y9                                                0.000     0.000 r  clk (IN)
                         net (fo=0)                   0.000     0.000    clk
    Y9                   IBUF (Prop_ibuf_I_O)         0.446     0.446 r  clk_IBUF_inst/O
                         net (fo=1, routed)           0.719     1.165    clk_IBUF
    BUFGCTRL_X0Y0        BUFG (Prop_bufg_I_O)         0.029     1.194 r  clk_IBUF_BUFG_inst/O
                         net (fo=209, routed)         0.862     2.057    ram_fw/clk_IBUF_BUFG
    RAMB36_X2Y16         RAMB36E1                                     r  ram_fw/RAM_reg_0_7/CLKARDCLK
                         clock pessimism             -0.252     1.805    
    RAMB36_X2Y16         RAMB36E1 (Hold_ramb36e1_CLKARDCLK_ADDRARDADDR[4])
                                                      0.183     1.988    ram_fw/RAM_reg_0_7
  -------------------------------------------------------------------
                         required time                         -1.988    
                         arrival time                           2.084    
  -------------------------------------------------------------------
                         slack                                  0.097    

Slack (MET) :             0.103ns  (arrival time - required time)
  Source:                 pixel_moon_addr_reg[10]/C
                            (rising edge-triggered cell FDRE clocked by sys_clk_pin  {rise@0.000ns fall@5.000ns period=10.000ns})
  Destination:            ram_moon/RAM_reg_1/ADDRARDADDR[12]
                            (rising edge-triggered cell RAMB18E1 clocked by sys_clk_pin  {rise@0.000ns fall@5.000ns period=10.000ns})
  Path Group:             sys_clk_pin
  Path Type:              Hold (Min at Fast Process Corner)
  Requirement:            0.000ns  (sys_clk_pin rise@0.000ns - sys_clk_pin rise@0.000ns)
  Data Path Delay:        0.362ns  (logic 0.141ns (38.917%)  route 0.221ns (61.083%))
  Logic Levels:           0  
  Clock Path Skew:        0.076ns (DCD - SCD - CPR)
    Destination Clock Delay (DCD):    2.077ns
    Source Clock Delay      (SCD):    1.519ns
    Clock Pessimism Removal (CPR):    0.481ns

    Location             Delay type                Incr(ns)  Path(ns)    Netlist Resource(s)
  -------------------------------------------------------------------    -------------------
                         (clock sys_clk_pin rise edge)
                                                      0.000     0.000 r  
    Y9                                                0.000     0.000 r  clk (IN)
                         net (fo=0)                   0.000     0.000    clk
    Y9                   IBUF (Prop_ibuf_I_O)         0.258     0.258 r  clk_IBUF_inst/O
                         net (fo=1, routed)           0.663     0.921    clk_IBUF
    BUFGCTRL_X0Y0        BUFG (Prop_bufg_I_O)         0.026     0.947 r  clk_IBUF_BUFG_inst/O
                         net (fo=209, routed)         0.572     1.519    clk_IBUF_BUFG
    SLICE_X56Y81         FDRE                                         r  pixel_moon_addr_reg[10]/C
  -------------------------------------------------------------------    -------------------
    SLICE_X56Y81         FDRE (Prop_fdre_C_Q)         0.141     1.660 r  pixel_moon_addr_reg[10]/Q
                         net (fo=2, routed)           0.221     1.881    ram_moon/RAM_reg_1_0[10]
    RAMB18_X3Y32         RAMB18E1                                     r  ram_moon/RAM_reg_1/ADDRARDADDR[12]
  -------------------------------------------------------------------    -------------------

                         (clock sys_clk_pin rise edge)
                                                      0.000     0.000 r  
    Y9                                                0.000     0.000 r  clk (IN)
                         net (fo=0)                   0.000     0.000    clk
    Y9                   IBUF (Prop_ibuf_I_O)         0.446     0.446 r  clk_IBUF_inst/O
                         net (fo=1, routed)           0.719     1.165    clk_IBUF
    BUFGCTRL_X0Y0        BUFG (Prop_bufg_I_O)         0.029     1.194 r  clk_IBUF_BUFG_inst/O
                         net (fo=209, routed)         0.882     2.077    ram_moon/clk_IBUF_BUFG
    RAMB18_X3Y32         RAMB18E1                                     r  ram_moon/RAM_reg_1/CLKARDCLK
                         clock pessimism             -0.481     1.595    
    RAMB18_X3Y32         RAMB18E1 (Hold_ramb18e1_CLKARDCLK_ADDRARDADDR[12])
                                                      0.183     1.778    ram_moon/RAM_reg_1
  -------------------------------------------------------------------
                         required time                         -1.778    
                         arrival time                           1.881    
  -------------------------------------------------------------------
                         slack                                  0.103    

Slack (MET) :             0.103ns  (arrival time - required time)
  Source:                 pixel_moon_addr_reg[0]/C
                            (rising edge-triggered cell FDRE clocked by sys_clk_pin  {rise@0.000ns fall@5.000ns period=10.000ns})
  Destination:            ram_moon/RAM_reg_0/ADDRARDADDR[3]
                            (rising edge-triggered cell RAMB36E1 clocked by sys_clk_pin  {rise@0.000ns fall@5.000ns period=10.000ns})
  Path Group:             sys_clk_pin
  Path Type:              Hold (Min at Fast Process Corner)
  Requirement:            0.000ns  (sys_clk_pin rise@0.000ns - sys_clk_pin rise@0.000ns)
  Data Path Delay:        0.360ns  (logic 0.141ns (39.119%)  route 0.219ns (60.881%))
  Logic Levels:           0  
  Clock Path Skew:        0.074ns (DCD - SCD - CPR)
    Destination Clock Delay (DCD):    2.072ns
    Source Clock Delay      (SCD):    1.516ns
    Clock Pessimism Removal (CPR):    0.481ns

    Location             Delay type                Incr(ns)  Path(ns)    Netlist Resource(s)
  -------------------------------------------------------------------    -------------------
                         (clock sys_clk_pin rise edge)
                                                      0.000     0.000 r  
    Y9                                                0.000     0.000 r  clk (IN)
                         net (fo=0)                   0.000     0.000    clk
    Y9                   IBUF (Prop_ibuf_I_O)         0.258     0.258 r  clk_IBUF_inst/O
                         net (fo=1, routed)           0.663     0.921    clk_IBUF
    BUFGCTRL_X0Y0        BUFG (Prop_bufg_I_O)         0.026     0.947 r  clk_IBUF_BUFG_inst/O
                         net (fo=209, routed)         0.569     1.516    clk_IBUF_BUFG
    SLICE_X56Y77         FDRE                                         r  pixel_moon_addr_reg[0]/C
  -------------------------------------------------------------------    -------------------
    SLICE_X56Y77         FDRE (Prop_fdre_C_Q)         0.141     1.657 r  pixel_moon_addr_reg[0]/Q
                         net (fo=2, routed)           0.219     1.876    ram_moon/RAM_reg_1_0[0]
    RAMB36_X3Y15         RAMB36E1                                     r  ram_moon/RAM_reg_0/ADDRARDADDR[3]
  -------------------------------------------------------------------    -------------------

                         (clock sys_clk_pin rise edge)
                                                      0.000     0.000 r  
    Y9                                                0.000     0.000 r  clk (IN)
                         net (fo=0)                   0.000     0.000    clk
    Y9                   IBUF (Prop_ibuf_I_O)         0.446     0.446 r  clk_IBUF_inst/O
                         net (fo=1, routed)           0.719     1.165    clk_IBUF
    BUFGCTRL_X0Y0        BUFG (Prop_bufg_I_O)         0.029     1.194 r  clk_IBUF_BUFG_inst/O
                         net (fo=209, routed)         0.877     2.072    ram_moon/clk_IBUF_BUFG
    RAMB36_X3Y15         RAMB36E1                                     r  ram_moon/RAM_reg_0/CLKARDCLK
                         clock pessimism             -0.481     1.590    
    RAMB36_X3Y15         RAMB36E1 (Hold_ramb36e1_CLKARDCLK_ADDRARDADDR[3])
                                                      0.183     1.773    ram_moon/RAM_reg_0
  -------------------------------------------------------------------
                         required time                         -1.773    
                         arrival time                           1.876    
  -------------------------------------------------------------------
                         slack                                  0.103    

Slack (MET) :             0.105ns  (arrival time - required time)
  Source:                 pixel_moon_addr_reg[4]/C
                            (rising edge-triggered cell FDRE clocked by sys_clk_pin  {rise@0.000ns fall@5.000ns period=10.000ns})
  Destination:            ram_moon/RAM_reg_0/ADDRARDADDR[7]
                            (rising edge-triggered cell RAMB36E1 clocked by sys_clk_pin  {rise@0.000ns fall@5.000ns period=10.000ns})
  Path Group:             sys_clk_pin
  Path Type:              Hold (Min at Fast Process Corner)
  Requirement:            0.000ns  (sys_clk_pin rise@0.000ns - sys_clk_pin rise@0.000ns)
  Data Path Delay:        0.362ns  (logic 0.141ns (38.946%)  route 0.221ns (61.054%))
  Logic Levels:           0  
  Clock Path Skew:        0.074ns (DCD - SCD - CPR)
    Destination Clock Delay (DCD):    2.072ns
    Source Clock Delay      (SCD):    1.516ns
    Clock Pessimism Removal (CPR):    0.481ns

    Location             Delay type                Incr(ns)  Path(ns)    Netlist Resource(s)
  -------------------------------------------------------------------    -------------------
                         (clock sys_clk_pin rise edge)
                                                      0.000     0.000 r  
    Y9                                                0.000     0.000 r  clk (IN)
                         net (fo=0)                   0.000     0.000    clk
    Y9                   IBUF (Prop_ibuf_I_O)         0.258     0.258 r  clk_IBUF_inst/O
                         net (fo=1, routed)           0.663     0.921    clk_IBUF
    BUFGCTRL_X0Y0        BUFG (Prop_bufg_I_O)         0.026     0.947 r  clk_IBUF_BUFG_inst/O
                         net (fo=209, routed)         0.569     1.516    clk_IBUF_BUFG
    SLICE_X56Y78         FDRE                                         r  pixel_moon_addr_reg[4]/C
  -------------------------------------------------------------------    -------------------
    SLICE_X56Y78         FDRE (Prop_fdre_C_Q)         0.141     1.657 r  pixel_moon_addr_reg[4]/Q
                         net (fo=2, routed)           0.221     1.878    ram_moon/RAM_reg_1_0[4]
    RAMB36_X3Y15         RAMB36E1                                     r  ram_moon/RAM_reg_0/ADDRARDADDR[7]
  -------------------------------------------------------------------    -------------------

                         (clock sys_clk_pin rise edge)
                                                      0.000     0.000 r  
    Y9                                                0.000     0.000 r  clk (IN)
                         net (fo=0)                   0.000     0.000    clk
    Y9                   IBUF (Prop_ibuf_I_O)         0.446     0.446 r  clk_IBUF_inst/O
                         net (fo=1, routed)           0.719     1.165    clk_IBUF
    BUFGCTRL_X0Y0        BUFG (Prop_bufg_I_O)         0.029     1.194 r  clk_IBUF_BUFG_inst/O
                         net (fo=209, routed)         0.877     2.072    ram_moon/clk_IBUF_BUFG
    RAMB36_X3Y15         RAMB36E1                                     r  ram_moon/RAM_reg_0/CLKARDCLK
                         clock pessimism             -0.481     1.590    
    RAMB36_X3Y15         RAMB36E1 (Hold_ramb36e1_CLKARDCLK_ADDRARDADDR[7])
                                                      0.183     1.773    ram_moon/RAM_reg_0
  -------------------------------------------------------------------
                         required time                         -1.773    
                         arrival time                           1.878    
  -------------------------------------------------------------------
                         slack                                  0.105    

Slack (MET) :             0.106ns  (arrival time - required time)
  Source:                 pixel_moon_addr_reg[7]/C
                            (rising edge-triggered cell FDRE clocked by sys_clk_pin  {rise@0.000ns fall@5.000ns period=10.000ns})
  Destination:            ram_moon/RAM_reg_1/ADDRARDADDR[9]
                            (rising edge-triggered cell RAMB18E1 clocked by sys_clk_pin  {rise@0.000ns fall@5.000ns period=10.000ns})
  Path Group:             sys_clk_pin
  Path Type:              Hold (Min at Fast Process Corner)
  Requirement:            0.000ns  (sys_clk_pin rise@0.000ns - sys_clk_pin rise@0.000ns)
  Data Path Delay:        0.367ns  (logic 0.141ns (38.446%)  route 0.226ns (61.554%))
  Logic Levels:           0  
  Clock Path Skew:        0.077ns (DCD - SCD - CPR)
    Destination Clock Delay (DCD):    2.077ns
    Source Clock Delay      (SCD):    1.518ns
    Clock Pessimism Removal (CPR):    0.481ns

    Location             Delay type                Incr(ns)  Path(ns)    Netlist Resource(s)
  -------------------------------------------------------------------    -------------------
                         (clock sys_clk_pin rise edge)
                                                      0.000     0.000 r  
    Y9                                                0.000     0.000 r  clk (IN)
                         net (fo=0)                   0.000     0.000    clk
    Y9                   IBUF (Prop_ibuf_I_O)         0.258     0.258 r  clk_IBUF_inst/O
                         net (fo=1, routed)           0.663     0.921    clk_IBUF
    BUFGCTRL_X0Y0        BUFG (Prop_bufg_I_O)         0.026     0.947 r  clk_IBUF_BUFG_inst/O
                         net (fo=209, routed)         0.571     1.518    clk_IBUF_BUFG
    SLICE_X56Y80         FDRE                                         r  pixel_moon_addr_reg[7]/C
  -------------------------------------------------------------------    -------------------
    SLICE_X56Y80         FDRE (Prop_fdre_C_Q)         0.141     1.659 r  pixel_moon_addr_reg[7]/Q
                         net (fo=2, routed)           0.226     1.885    ram_moon/RAM_reg_1_0[7]
    RAMB18_X3Y32         RAMB18E1                                     r  ram_moon/RAM_reg_1/ADDRARDADDR[9]
  -------------------------------------------------------------------    -------------------

                         (clock sys_clk_pin rise edge)
                                                      0.000     0.000 r  
    Y9                                                0.000     0.000 r  clk (IN)
                         net (fo=0)                   0.000     0.000    clk
    Y9                   IBUF (Prop_ibuf_I_O)         0.446     0.446 r  clk_IBUF_inst/O
                         net (fo=1, routed)           0.719     1.165    clk_IBUF
    BUFGCTRL_X0Y0        BUFG (Prop_bufg_I_O)         0.029     1.194 r  clk_IBUF_BUFG_inst/O
                         net (fo=209, routed)         0.882     2.077    ram_moon/clk_IBUF_BUFG
    RAMB18_X3Y32         RAMB18E1                                     r  ram_moon/RAM_reg_1/CLKARDCLK
                         clock pessimism             -0.481     1.595    
    RAMB18_X3Y32         RAMB18E1 (Hold_ramb18e1_CLKARDCLK_ADDRARDADDR[9])
                                                      0.183     1.778    ram_moon/RAM_reg_1
  -------------------------------------------------------------------
                         required time                         -1.778    
                         arrival time                           1.885    
  -------------------------------------------------------------------
                         slack                                  0.106    

Slack (MET) :             0.106ns  (arrival time - required time)
  Source:                 pixel_moon_addr_reg[2]/C
                            (rising edge-triggered cell FDRE clocked by sys_clk_pin  {rise@0.000ns fall@5.000ns period=10.000ns})
  Destination:            ram_moon/RAM_reg_0/ADDRARDADDR[5]
                            (rising edge-triggered cell RAMB36E1 clocked by sys_clk_pin  {rise@0.000ns fall@5.000ns period=10.000ns})
  Path Group:             sys_clk_pin
  Path Type:              Hold (Min at Fast Process Corner)
  Requirement:            0.000ns  (sys_clk_pin rise@0.000ns - sys_clk_pin rise@0.000ns)
  Data Path Delay:        0.364ns  (logic 0.141ns (38.763%)  route 0.223ns (61.237%))
  Logic Levels:           0  
  Clock Path Skew:        0.074ns (DCD - SCD - CPR)
    Destination Clock Delay (DCD):    2.072ns
    Source Clock Delay      (SCD):    1.516ns
    Clock Pessimism Removal (CPR):    0.481ns

    Location             Delay type                Incr(ns)  Path(ns)    Netlist Resource(s)
  -------------------------------------------------------------------    -------------------
                         (clock sys_clk_pin rise edge)
                                                      0.000     0.000 r  
    Y9                                                0.000     0.000 r  clk (IN)
                         net (fo=0)                   0.000     0.000    clk
    Y9                   IBUF (Prop_ibuf_I_O)         0.258     0.258 r  clk_IBUF_inst/O
                         net (fo=1, routed)           0.663     0.921    clk_IBUF
    BUFGCTRL_X0Y0        BUFG (Prop_bufg_I_O)         0.026     0.947 r  clk_IBUF_BUFG_inst/O
                         net (fo=209, routed)         0.569     1.516    clk_IBUF_BUFG
    SLICE_X56Y77         FDRE                                         r  pixel_moon_addr_reg[2]/C
  -------------------------------------------------------------------    -------------------
    SLICE_X56Y77         FDRE (Prop_fdre_C_Q)         0.141     1.657 r  pixel_moon_addr_reg[2]/Q
                         net (fo=2, routed)           0.223     1.880    ram_moon/RAM_reg_1_0[2]
    RAMB36_X3Y15         RAMB36E1                                     r  ram_moon/RAM_reg_0/ADDRARDADDR[5]
  -------------------------------------------------------------------    -------------------

                         (clock sys_clk_pin rise edge)
                                                      0.000     0.000 r  
    Y9                                                0.000     0.000 r  clk (IN)
                         net (fo=0)                   0.000     0.000    clk
    Y9                   IBUF (Prop_ibuf_I_O)         0.446     0.446 r  clk_IBUF_inst/O
                         net (fo=1, routed)           0.719     1.165    clk_IBUF
    BUFGCTRL_X0Y0        BUFG (Prop_bufg_I_O)         0.029     1.194 r  clk_IBUF_BUFG_inst/O
                         net (fo=209, routed)         0.877     2.072    ram_moon/clk_IBUF_BUFG
    RAMB36_X3Y15         RAMB36E1                                     r  ram_moon/RAM_reg_0/CLKARDCLK
                         clock pessimism             -0.481     1.590    
    RAMB36_X3Y15         RAMB36E1 (Hold_ramb36e1_CLKARDCLK_ADDRARDADDR[5])
                                                      0.183     1.773    ram_moon/RAM_reg_0
  -------------------------------------------------------------------
                         required time                         -1.773    
                         arrival time                           1.880    
  -------------------------------------------------------------------
                         slack                                  0.106    

Slack (MET) :             0.107ns  (arrival time - required time)
  Source:                 pixel_bg_addr_reg[2]_rep/C
                            (rising edge-triggered cell FDRE clocked by sys_clk_pin  {rise@0.000ns fall@5.000ns period=10.000ns})
  Destination:            ram_bg/RAM_reg_1_0__0/ADDRARDADDR[2]
                            (rising edge-triggered cell RAMB36E1 clocked by sys_clk_pin  {rise@0.000ns fall@5.000ns period=10.000ns})
  Path Group:             sys_clk_pin
  Path Type:              Hold (Min at Fast Process Corner)
  Requirement:            0.000ns  (sys_clk_pin rise@0.000ns - sys_clk_pin rise@0.000ns)
  Data Path Delay:        0.711ns  (logic 0.141ns (19.827%)  route 0.570ns (80.173%))
  Logic Levels:           0  
  Clock Path Skew:        0.421ns (DCD - SCD - CPR)
    Destination Clock Delay (DCD):    2.170ns
    Source Clock Delay      (SCD):    1.497ns
    Clock Pessimism Removal (CPR):    0.252ns

    Location             Delay type                Incr(ns)  Path(ns)    Netlist Resource(s)
  -------------------------------------------------------------------    -------------------
                         (clock sys_clk_pin rise edge)
                                                      0.000     0.000 r  
    Y9                                                0.000     0.000 r  clk (IN)
                         net (fo=0)                   0.000     0.000    clk
    Y9                   IBUF (Prop_ibuf_I_O)         0.258     0.258 r  clk_IBUF_inst/O
                         net (fo=1, routed)           0.663     0.921    clk_IBUF
    BUFGCTRL_X0Y0        BUFG (Prop_bufg_I_O)         0.026     0.947 r  clk_IBUF_BUFG_inst/O
                         net (fo=209, routed)         0.550     1.497    clk_IBUF_BUFG
    SLICE_X52Y85         FDRE                                         r  pixel_bg_addr_reg[2]_rep/C
  -------------------------------------------------------------------    -------------------
    SLICE_X52Y85         FDRE (Prop_fdre_C_Q)         0.141     1.638 r  pixel_bg_addr_reg[2]_rep/Q
                         net (fo=12, routed)          0.570     2.208    ram_bg/ADDRARDADDR[2]
    RAMB36_X3Y20         RAMB36E1                                     r  ram_bg/RAM_reg_1_0__0/ADDRARDADDR[2]
  -------------------------------------------------------------------    -------------------

                         (clock sys_clk_pin rise edge)
                                                      0.000     0.000 r  
    Y9                                                0.000     0.000 r  clk (IN)
                         net (fo=0)                   0.000     0.000    clk
    Y9                   IBUF (Prop_ibuf_I_O)         0.446     0.446 r  clk_IBUF_inst/O
                         net (fo=1, routed)           0.719     1.165    clk_IBUF
    BUFGCTRL_X0Y0        BUFG (Prop_bufg_I_O)         0.029     1.194 r  clk_IBUF_BUFG_inst/O
                         net (fo=209, routed)         0.975     2.170    ram_bg/clk_IBUF_BUFG
    RAMB36_X3Y20         RAMB36E1                                     r  ram_bg/RAM_reg_1_0__0/CLKARDCLK
                         clock pessimism             -0.252     1.918    
    RAMB36_X3Y20         RAMB36E1 (Hold_ramb36e1_CLKARDCLK_ADDRARDADDR[2])
                                                      0.183     2.101    ram_bg/RAM_reg_1_0__0
  -------------------------------------------------------------------
                         required time                         -2.101    
                         arrival time                           2.208    
  -------------------------------------------------------------------
                         slack                                  0.107    

Slack (MET) :             0.115ns  (arrival time - required time)
  Source:                 pixel_moon_addr_reg[8]/C
                            (rising edge-triggered cell FDRE clocked by sys_clk_pin  {rise@0.000ns fall@5.000ns period=10.000ns})
  Destination:            ram_moon/RAM_reg_1/ADDRARDADDR[10]
                            (rising edge-triggered cell RAMB18E1 clocked by sys_clk_pin  {rise@0.000ns fall@5.000ns period=10.000ns})
  Path Group:             sys_clk_pin
  Path Type:              Hold (Min at Fast Process Corner)
  Requirement:            0.000ns  (sys_clk_pin rise@0.000ns - sys_clk_pin rise@0.000ns)
  Data Path Delay:        0.376ns  (logic 0.141ns (37.515%)  route 0.235ns (62.485%))
  Logic Levels:           0  
  Clock Path Skew:        0.077ns (DCD - SCD - CPR)
    Destination Clock Delay (DCD):    2.077ns
    Source Clock Delay      (SCD):    1.518ns
    Clock Pessimism Removal (CPR):    0.481ns

    Location             Delay type                Incr(ns)  Path(ns)    Netlist Resource(s)
  -------------------------------------------------------------------    -------------------
                         (clock sys_clk_pin rise edge)
                                                      0.000     0.000 r  
    Y9                                                0.000     0.000 r  clk (IN)
                         net (fo=0)                   0.000     0.000    clk
    Y9                   IBUF (Prop_ibuf_I_O)         0.258     0.258 r  clk_IBUF_inst/O
                         net (fo=1, routed)           0.663     0.921    clk_IBUF
    BUFGCTRL_X0Y0        BUFG (Prop_bufg_I_O)         0.026     0.947 r  clk_IBUF_BUFG_inst/O
                         net (fo=209, routed)         0.571     1.518    clk_IBUF_BUFG
    SLICE_X56Y80         FDRE                                         r  pixel_moon_addr_reg[8]/C
  -------------------------------------------------------------------    -------------------
    SLICE_X56Y80         FDRE (Prop_fdre_C_Q)         0.141     1.659 r  pixel_moon_addr_reg[8]/Q
                         net (fo=2, routed)           0.235     1.894    ram_moon/RAM_reg_1_0[8]
    RAMB18_X3Y32         RAMB18E1                                     r  ram_moon/RAM_reg_1/ADDRARDADDR[10]
  -------------------------------------------------------------------    -------------------

                         (clock sys_clk_pin rise edge)
                                                      0.000     0.000 r  
    Y9                                                0.000     0.000 r  clk (IN)
                         net (fo=0)                   0.000     0.000    clk
    Y9                   IBUF (Prop_ibuf_I_O)         0.446     0.446 r  clk_IBUF_inst/O
                         net (fo=1, routed)           0.719     1.165    clk_IBUF
    BUFGCTRL_X0Y0        BUFG (Prop_bufg_I_O)         0.029     1.194 r  clk_IBUF_BUFG_inst/O
                         net (fo=209, routed)         0.882     2.077    ram_moon/clk_IBUF_BUFG
    RAMB18_X3Y32         RAMB18E1                                     r  ram_moon/RAM_reg_1/CLKARDCLK
                         clock pessimism             -0.481     1.595    
    RAMB18_X3Y32         RAMB18E1 (Hold_ramb18e1_CLKARDCLK_ADDRARDADDR[10])
                                                      0.183     1.778    ram_moon/RAM_reg_1
  -------------------------------------------------------------------
                         required time                         -1.778    
                         arrival time                           1.894    
  -------------------------------------------------------------------
                         slack                                  0.115    

Slack (MET) :             0.122ns  (arrival time - required time)
  Source:                 pixel_moon_addr_reg[11]/C
                            (rising edge-triggered cell FDRE clocked by sys_clk_pin  {rise@0.000ns fall@5.000ns period=10.000ns})
  Destination:            ram_moon/RAM_reg_1/ADDRARDADDR[13]
                            (rising edge-triggered cell RAMB18E1 clocked by sys_clk_pin  {rise@0.000ns fall@5.000ns period=10.000ns})
  Path Group:             sys_clk_pin
  Path Type:              Hold (Min at Fast Process Corner)
  Requirement:            0.000ns  (sys_clk_pin rise@0.000ns - sys_clk_pin rise@0.000ns)
  Data Path Delay:        0.381ns  (logic 0.141ns (36.996%)  route 0.240ns (63.004%))
  Logic Levels:           0  
  Clock Path Skew:        0.076ns (DCD - SCD - CPR)
    Destination Clock Delay (DCD):    2.077ns
    Source Clock Delay      (SCD):    1.519ns
    Clock Pessimism Removal (CPR):    0.481ns

    Location             Delay type                Incr(ns)  Path(ns)    Netlist Resource(s)
  -------------------------------------------------------------------    -------------------
                         (clock sys_clk_pin rise edge)
                                                      0.000     0.000 r  
    Y9                                                0.000     0.000 r  clk (IN)
                         net (fo=0)                   0.000     0.000    clk
    Y9                   IBUF (Prop_ibuf_I_O)         0.258     0.258 r  clk_IBUF_inst/O
                         net (fo=1, routed)           0.663     0.921    clk_IBUF
    BUFGCTRL_X0Y0        BUFG (Prop_bufg_I_O)         0.026     0.947 r  clk_IBUF_BUFG_inst/O
                         net (fo=209, routed)         0.572     1.519    clk_IBUF_BUFG
    SLICE_X56Y81         FDRE                                         r  pixel_moon_addr_reg[11]/C
  -------------------------------------------------------------------    -------------------
    SLICE_X56Y81         FDRE (Prop_fdre_C_Q)         0.141     1.660 r  pixel_moon_addr_reg[11]/Q
                         net (fo=2, routed)           0.240     1.900    ram_moon/RAM_reg_1_0[11]
    RAMB18_X3Y32         RAMB18E1                                     r  ram_moon/RAM_reg_1/ADDRARDADDR[13]
  -------------------------------------------------------------------    -------------------

                         (clock sys_clk_pin rise edge)
                                                      0.000     0.000 r  
    Y9                                                0.000     0.000 r  clk (IN)
                         net (fo=0)                   0.000     0.000    clk
    Y9                   IBUF (Prop_ibuf_I_O)         0.446     0.446 r  clk_IBUF_inst/O
                         net (fo=1, routed)           0.719     1.165    clk_IBUF
    BUFGCTRL_X0Y0        BUFG (Prop_bufg_I_O)         0.029     1.194 r  clk_IBUF_BUFG_inst/O
                         net (fo=209, routed)         0.882     2.077    ram_moon/clk_IBUF_BUFG
    RAMB18_X3Y32         RAMB18E1                                     r  ram_moon/RAM_reg_1/CLKARDCLK
                         clock pessimism             -0.481     1.595    
    RAMB18_X3Y32         RAMB18E1 (Hold_ramb18e1_CLKARDCLK_ADDRARDADDR[13])
                                                      0.183     1.778    ram_moon/RAM_reg_1
  -------------------------------------------------------------------
                         required time                         -1.778    
                         arrival time                           1.900    
  -------------------------------------------------------------------
                         slack                                  0.122    

Slack (MET) :             0.124ns  (arrival time - required time)
  Source:                 pixel_bg_addr_reg[3]_rep/C
                            (rising edge-triggered cell FDRE clocked by sys_clk_pin  {rise@0.000ns fall@5.000ns period=10.000ns})
  Destination:            ram_bg/RAM_reg_1_0__0/ADDRARDADDR[3]
                            (rising edge-triggered cell RAMB36E1 clocked by sys_clk_pin  {rise@0.000ns fall@5.000ns period=10.000ns})
  Path Group:             sys_clk_pin
  Path Type:              Hold (Min at Fast Process Corner)
  Requirement:            0.000ns  (sys_clk_pin rise@0.000ns - sys_clk_pin rise@0.000ns)
  Data Path Delay:        0.728ns  (logic 0.141ns (19.370%)  route 0.587ns (80.630%))
  Logic Levels:           0  
  Clock Path Skew:        0.421ns (DCD - SCD - CPR)
    Destination Clock Delay (DCD):    2.170ns
    Source Clock Delay      (SCD):    1.497ns
    Clock Pessimism Removal (CPR):    0.252ns

    Location             Delay type                Incr(ns)  Path(ns)    Netlist Resource(s)
  -------------------------------------------------------------------    -------------------
                         (clock sys_clk_pin rise edge)
                                                      0.000     0.000 r  
    Y9                                                0.000     0.000 r  clk (IN)
                         net (fo=0)                   0.000     0.000    clk
    Y9                   IBUF (Prop_ibuf_I_O)         0.258     0.258 r  clk_IBUF_inst/O
                         net (fo=1, routed)           0.663     0.921    clk_IBUF
    BUFGCTRL_X0Y0        BUFG (Prop_bufg_I_O)         0.026     0.947 r  clk_IBUF_BUFG_inst/O
                         net (fo=209, routed)         0.550     1.497    clk_IBUF_BUFG
    SLICE_X52Y84         FDRE                                         r  pixel_bg_addr_reg[3]_rep/C
  -------------------------------------------------------------------    -------------------
    SLICE_X52Y84         FDRE (Prop_fdre_C_Q)         0.141     1.638 r  pixel_bg_addr_reg[3]_rep/Q
                         net (fo=12, routed)          0.587     2.225    ram_bg/ADDRARDADDR[3]
    RAMB36_X3Y20         RAMB36E1                                     r  ram_bg/RAM_reg_1_0__0/ADDRARDADDR[3]
  -------------------------------------------------------------------    -------------------

                         (clock sys_clk_pin rise edge)
                                                      0.000     0.000 r  
    Y9                                                0.000     0.000 r  clk (IN)
                         net (fo=0)                   0.000     0.000    clk
    Y9                   IBUF (Prop_ibuf_I_O)         0.446     0.446 r  clk_IBUF_inst/O
                         net (fo=1, routed)           0.719     1.165    clk_IBUF
    BUFGCTRL_X0Y0        BUFG (Prop_bufg_I_O)         0.029     1.194 r  clk_IBUF_BUFG_inst/O
                         net (fo=209, routed)         0.975     2.170    ram_bg/clk_IBUF_BUFG
    RAMB36_X3Y20         RAMB36E1                                     r  ram_bg/RAM_reg_1_0__0/CLKARDCLK
                         clock pessimism             -0.252     1.918    
    RAMB36_X3Y20         RAMB36E1 (Hold_ramb36e1_CLKARDCLK_ADDRARDADDR[3])
                                                      0.183     2.101    ram_bg/RAM_reg_1_0__0
  -------------------------------------------------------------------
                         required time                         -2.101    
                         arrival time                           2.225    
  -------------------------------------------------------------------
                         slack                                  0.124    





Pulse Width Checks
--------------------------------------------------------------------------------------
Clock Name:         sys_clk_pin
Waveform(ns):       { 0.000 5.000 }
Period(ns):         10.000
Sources:            { clk }

Check Type        Corner  Lib Pin             Reference Pin  Required(ns)  Actual(ns)  Slack(ns)  Location      Pin
Min Period        n/a     RAMB36E1/CLKARDCLK  n/a            2.892         10.000      7.108      RAMB36_X2Y21  ram_bg/RAM_reg_0_0/CLKARDCLK
Min Period        n/a     RAMB36E1/CLKARDCLK  n/a            2.892         10.000      7.108      RAMB36_X2Y19  ram_bg/RAM_reg_0_1/CLKARDCLK
Min Period        n/a     RAMB36E1/CLKARDCLK  n/a            2.892         10.000      7.108      RAMB36_X4Y14  ram_bg/RAM_reg_0_10/CLKARDCLK
Min Period        n/a     RAMB36E1/CLKARDCLK  n/a            2.892         10.000      7.108      RAMB36_X5Y10  ram_bg/RAM_reg_0_11/CLKARDCLK
Min Period        n/a     RAMB36E1/CLKARDCLK  n/a            2.892         10.000      7.108      RAMB36_X2Y23  ram_bg/RAM_reg_0_2/CLKARDCLK
Min Period        n/a     RAMB36E1/CLKARDCLK  n/a            2.892         10.000      7.108      RAMB36_X3Y22  ram_bg/RAM_reg_0_3/CLKARDCLK
Min Period        n/a     RAMB36E1/CLKARDCLK  n/a            2.892         10.000      7.108      RAMB36_X5Y12  ram_bg/RAM_reg_0_4/CLKARDCLK
Min Period        n/a     RAMB36E1/CLKARDCLK  n/a            2.892         10.000      7.108      RAMB36_X4Y10  ram_bg/RAM_reg_0_5/CLKARDCLK
Min Period        n/a     RAMB36E1/CLKARDCLK  n/a            2.892         10.000      7.108      RAMB36_X5Y14  ram_bg/RAM_reg_0_6/CLKARDCLK
Min Period        n/a     RAMB36E1/CLKARDCLK  n/a            2.892         10.000      7.108      RAMB36_X4Y12  ram_bg/RAM_reg_0_7/CLKARDCLK
Low Pulse Width   Slow    FDRE/C              n/a            0.500         5.000       4.500      SLICE_X49Y75  fw_clock_reg[0]/C
Low Pulse Width   Fast    FDRE/C              n/a            0.500         5.000       4.500      SLICE_X49Y75  fw_clock_reg[0]/C
Low Pulse Width   Slow    FDRE/C              n/a            0.500         5.000       4.500      SLICE_X49Y77  fw_clock_reg[10]/C
Low Pulse Width   Fast    FDRE/C              n/a            0.500         5.000       4.500      SLICE_X49Y77  fw_clock_reg[10]/C
Low Pulse Width   Slow    FDRE/C              n/a            0.500         5.000       4.500      SLICE_X49Y77  fw_clock_reg[11]/C
Low Pulse Width   Fast    FDRE/C              n/a            0.500         5.000       4.500      SLICE_X49Y77  fw_clock_reg[11]/C
Low Pulse Width   Slow    FDRE/C              n/a            0.500         5.000       4.500      SLICE_X49Y78  fw_clock_reg[12]/C
Low Pulse Width   Fast    FDRE/C              n/a            0.500         5.000       4.500      SLICE_X49Y78  fw_clock_reg[12]/C
Low Pulse Width   Slow    FDRE/C              n/a            0.500         5.000       4.500      SLICE_X49Y78  fw_clock_reg[13]/C
Low Pulse Width   Fast    FDRE/C              n/a            0.500         5.000       4.500      SLICE_X49Y78  fw_clock_reg[13]/C
High Pulse Width  Slow    FDRE/C              n/a            0.500         5.000       4.500      SLICE_X49Y75  fw_clock_reg[0]/C
High Pulse Width  Fast    FDRE/C              n/a            0.500         5.000       4.500      SLICE_X49Y75  fw_clock_reg[0]/C
High Pulse Width  Slow    FDRE/C              n/a            0.500         5.000       4.500      SLICE_X49Y77  fw_clock_reg[10]/C
High Pulse Width  Fast    FDRE/C              n/a            0.500         5.000       4.500      SLICE_X49Y77  fw_clock_reg[10]/C
High Pulse Width  Slow    FDRE/C              n/a            0.500         5.000       4.500      SLICE_X49Y77  fw_clock_reg[11]/C
High Pulse Width  Fast    FDRE/C              n/a            0.500         5.000       4.500      SLICE_X49Y77  fw_clock_reg[11]/C
High Pulse Width  Slow    FDRE/C              n/a            0.500         5.000       4.500      SLICE_X49Y78  fw_clock_reg[12]/C
High Pulse Width  Fast    FDRE/C              n/a            0.500         5.000       4.500      SLICE_X49Y78  fw_clock_reg[12]/C
High Pulse Width  Slow    FDRE/C              n/a            0.500         5.000       4.500      SLICE_X49Y78  fw_clock_reg[13]/C
High Pulse Width  Fast    FDRE/C              n/a            0.500         5.000       4.500      SLICE_X49Y78  fw_clock_reg[13]/C



--------------------------------------------------------------------------------------
Path Group:  (none)
From Clock:  
  To Clock:  

Max Delay            71 Endpoints
Min Delay            71 Endpoints
--------------------------------------------------------------------------------------


Max Delay Paths
--------------------------------------------------------------------------------------
Slack:                    inf
  Source:                 vs0/h_sync_reg_reg/C
                            (rising edge-triggered cell FDRE)
  Destination:            VGA_HSYNC
                            (output port)
  Path Group:             (none)
  Path Type:              Max at Slow Process Corner
  Data Path Delay:        8.756ns  (logic 4.059ns (46.360%)  route 4.696ns (53.640%))
  Logic Levels:           2  (FDRE=1 OBUF=1)

    Location             Delay type                Incr(ns)  Path(ns)    Netlist Resource(s)
  -------------------------------------------------------------------    -------------------
    SLICE_X58Y77         FDRE                         0.000     0.000 r  vs0/h_sync_reg_reg/C
    SLICE_X58Y77         FDRE (Prop_fdre_C_Q)         0.518     0.518 r  vs0/h_sync_reg_reg/Q
                         net (fo=1, routed)           4.696     5.214    VGA_HSYNC_OBUF
    AA19                 OBUF (Prop_obuf_I_O)         3.541     8.756 r  VGA_HSYNC_OBUF_inst/O
                         net (fo=0)                   0.000     8.756    VGA_HSYNC
    AA19                                                              r  VGA_HSYNC (OUT)
  -------------------------------------------------------------------    -------------------

Slack:                    inf
  Source:                 vs0/v_sync_reg_reg/C
                            (rising edge-triggered cell FDRE)
  Destination:            VGA_VSYNC
                            (output port)
  Path Group:             (none)
  Path Type:              Max at Slow Process Corner
  Data Path Delay:        8.733ns  (logic 4.009ns (45.909%)  route 4.724ns (54.091%))
  Logic Levels:           2  (FDRE=1 OBUF=1)

    Location             Delay type                Incr(ns)  Path(ns)    Netlist Resource(s)
  -------------------------------------------------------------------    -------------------
    SLICE_X59Y79         FDRE                         0.000     0.000 r  vs0/v_sync_reg_reg/C
    SLICE_X59Y79         FDRE (Prop_fdre_C_Q)         0.456     0.456 r  vs0/v_sync_reg_reg/Q
                         net (fo=1, routed)           4.724     5.180    VGA_VSYNC_OBUF
    Y19                  OBUF (Prop_obuf_I_O)         3.553     8.733 r  VGA_VSYNC_OBUF_inst/O
                         net (fo=0)                   0.000     8.733    VGA_VSYNC
    Y19                                                               r  VGA_VSYNC (OUT)
  -------------------------------------------------------------------    -------------------

Slack:                    inf
  Source:                 usr_btn[2]
                            (input port)
  Destination:            usr_led[2]
                            (output port)
  Path Group:             (none)
  Path Type:              Max at Slow Process Corner
  Data Path Delay:        7.133ns  (logic 4.991ns (69.963%)  route 2.143ns (30.037%))
  Logic Levels:           2  (IBUF=1 OBUF=1)

    Location             Delay type                Incr(ns)  Path(ns)    Netlist Resource(s)
  -------------------------------------------------------------------    -------------------
    R18                                               0.000     0.000 r  usr_btn[2] (IN)
                         net (fo=0)                   0.000     0.000    usr_btn[2]
    R18                  IBUF (Prop_ibuf_I_O)         1.459     1.459 r  usr_btn_IBUF[2]_inst/O
                         net (fo=1, routed)           2.143     3.602    usr_led_OBUF[2]
    U22                  OBUF (Prop_obuf_I_O)         3.531     7.133 r  usr_led_OBUF[2]_inst/O
                         net (fo=0)                   0.000     7.133    usr_led[2]
    U22                                                               r  usr_led[2] (OUT)
  -------------------------------------------------------------------    -------------------

Slack:                    inf
  Source:                 usr_btn[1]
                            (input port)
  Destination:            usr_led[1]
                            (output port)
  Path Group:             (none)
  Path Type:              Max at Slow Process Corner
  Data Path Delay:        7.123ns  (logic 4.983ns (69.961%)  route 2.140ns (30.039%))
  Logic Levels:           2  (IBUF=1 OBUF=1)

    Location             Delay type                Incr(ns)  Path(ns)    Netlist Resource(s)
  -------------------------------------------------------------------    -------------------
    T18                                               0.000     0.000 r  usr_btn[1] (IN)
                         net (fo=0)                   0.000     0.000    usr_btn[1]
    T18                  IBUF (Prop_ibuf_I_O)         1.470     1.470 r  usr_btn_IBUF[1]_inst/O
                         net (fo=1, routed)           2.140     3.609    usr_led_OBUF[1]
    T21                  OBUF (Prop_obuf_I_O)         3.514     7.123 r  usr_led_OBUF[1]_inst/O
                         net (fo=0)                   0.000     7.123    usr_led[1]
    T21                                                               r  usr_led[1] (OUT)
  -------------------------------------------------------------------    -------------------

Slack:                    inf
  Source:                 usr_btn[3]
                            (input port)
  Destination:            usr_led[3]
                            (output port)
  Path Group:             (none)
  Path Type:              Max at Slow Process Corner
  Data Path Delay:        6.989ns  (logic 5.003ns (71.583%)  route 1.986ns (28.417%))
  Logic Levels:           2  (IBUF=1 OBUF=1)

    Location             Delay type                Incr(ns)  Path(ns)    Netlist Resource(s)
  -------------------------------------------------------------------    -------------------
    R16                                               0.000     0.000 r  usr_btn[3] (IN)
                         net (fo=0)                   0.000     0.000    usr_btn[3]
    R16                  IBUF (Prop_ibuf_I_O)         1.473     1.473 r  usr_btn_IBUF[3]_inst/O
                         net (fo=1, routed)           1.986     3.459    usr_led_OBUF[3]
    U21                  OBUF (Prop_obuf_I_O)         3.530     6.989 r  usr_led_OBUF[3]_inst/O
                         net (fo=0)                   0.000     6.989    usr_led[3]
    U21                                                               r  usr_led[3] (OUT)
  -------------------------------------------------------------------    -------------------

Slack:                    inf
  Source:                 usr_btn[0]
                            (input port)
  Destination:            usr_led[0]
                            (output port)
  Path Group:             (none)
  Path Type:              Max at Slow Process Corner
  Data Path Delay:        6.980ns  (logic 4.970ns (71.212%)  route 2.009ns (28.788%))
  Logic Levels:           2  (IBUF=1 OBUF=1)

    Location             Delay type                Incr(ns)  Path(ns)    Netlist Resource(s)
  -------------------------------------------------------------------    -------------------
    P16                                               0.000     0.000 r  usr_btn[0] (IN)
                         net (fo=0)                   0.000     0.000    usr_btn[0]
    P16                  IBUF (Prop_ibuf_I_O)         1.448     1.448 r  usr_btn_IBUF[0]_inst/O
                         net (fo=42, routed)          2.009     3.457    usr_led_OBUF[0]
    T22                  OBUF (Prop_obuf_I_O)         3.522     6.980 r  usr_led_OBUF[0]_inst/O
                         net (fo=0)                   0.000     6.980    usr_led[0]
    T22                                                               r  usr_led[0] (OUT)
  -------------------------------------------------------------------    -------------------

Slack:                    inf
  Source:                 reset_n
                            (input port)
  Destination:            vs0/v_count_reg_reg[0]/R
  Path Group:             (none)
  Path Type:              Max at Slow Process Corner
  Data Path Delay:        6.650ns  (logic 1.611ns (24.222%)  route 5.039ns (75.778%))
  Logic Levels:           2  (IBUF=1 LUT6=1)

    Location             Delay type                Incr(ns)  Path(ns)    Netlist Resource(s)
  -------------------------------------------------------------------    -------------------
    F22                                               0.000     0.000 f  reset_n (IN)
                         net (fo=0)                   0.000     0.000    reset_n
    F22                  IBUF (Prop_ibuf_I_O)         1.487     1.487 f  reset_n_IBUF_inst/O
                         net (fo=7, routed)           4.043     5.530    vs0/reset_n_IBUF
    SLICE_X57Y80         LUT6 (Prop_lut6_I5_O)        0.124     5.654 r  vs0/v_count_reg[9]_i_1/O
                         net (fo=10, routed)          0.996     6.650    vs0/v_count_reg[9]_i_1_n_0
    SLICE_X58Y79         FDRE                                         r  vs0/v_count_reg_reg[0]/R
  -------------------------------------------------------------------    -------------------

Slack:                    inf
  Source:                 reset_n
                            (input port)
  Destination:            vs0/v_count_reg_reg[1]/R
  Path Group:             (none)
  Path Type:              Max at Slow Process Corner
  Data Path Delay:        6.650ns  (logic 1.611ns (24.222%)  route 5.039ns (75.778%))
  Logic Levels:           2  (IBUF=1 LUT6=1)

    Location             Delay type                Incr(ns)  Path(ns)    Netlist Resource(s)
  -------------------------------------------------------------------    -------------------
    F22                                               0.000     0.000 f  reset_n (IN)
                         net (fo=0)                   0.000     0.000    reset_n
    F22                  IBUF (Prop_ibuf_I_O)         1.487     1.487 f  reset_n_IBUF_inst/O
                         net (fo=7, routed)           4.043     5.530    vs0/reset_n_IBUF
    SLICE_X57Y80         LUT6 (Prop_lut6_I5_O)        0.124     5.654 r  vs0/v_count_reg[9]_i_1/O
                         net (fo=10, routed)          0.996     6.650    vs0/v_count_reg[9]_i_1_n_0
    SLICE_X58Y79         FDRE                                         r  vs0/v_count_reg_reg[1]/R
  -------------------------------------------------------------------    -------------------

Slack:                    inf
  Source:                 reset_n
                            (input port)
  Destination:            vs0/v_count_reg_reg[2]/R
  Path Group:             (none)
  Path Type:              Max at Slow Process Corner
  Data Path Delay:        6.650ns  (logic 1.611ns (24.222%)  route 5.039ns (75.778%))
  Logic Levels:           2  (IBUF=1 LUT6=1)

    Location             Delay type                Incr(ns)  Path(ns)    Netlist Resource(s)
  -------------------------------------------------------------------    -------------------
    F22                                               0.000     0.000 f  reset_n (IN)
                         net (fo=0)                   0.000     0.000    reset_n
    F22                  IBUF (Prop_ibuf_I_O)         1.487     1.487 f  reset_n_IBUF_inst/O
                         net (fo=7, routed)           4.043     5.530    vs0/reset_n_IBUF
    SLICE_X57Y80         LUT6 (Prop_lut6_I5_O)        0.124     5.654 r  vs0/v_count_reg[9]_i_1/O
                         net (fo=10, routed)          0.996     6.650    vs0/v_count_reg[9]_i_1_n_0
    SLICE_X58Y79         FDRE                                         r  vs0/v_count_reg_reg[2]/R
  -------------------------------------------------------------------    -------------------

Slack:                    inf
  Source:                 reset_n
                            (input port)
  Destination:            vs0/v_count_reg_reg[6]/R
  Path Group:             (none)
  Path Type:              Max at Slow Process Corner
  Data Path Delay:        6.650ns  (logic 1.611ns (24.222%)  route 5.039ns (75.778%))
  Logic Levels:           2  (IBUF=1 LUT6=1)

    Location             Delay type                Incr(ns)  Path(ns)    Netlist Resource(s)
  -------------------------------------------------------------------    -------------------
    F22                                               0.000     0.000 f  reset_n (IN)
                         net (fo=0)                   0.000     0.000    reset_n
    F22                  IBUF (Prop_ibuf_I_O)         1.487     1.487 f  reset_n_IBUF_inst/O
                         net (fo=7, routed)           4.043     5.530    vs0/reset_n_IBUF
    SLICE_X57Y80         LUT6 (Prop_lut6_I5_O)        0.124     5.654 r  vs0/v_count_reg[9]_i_1/O
                         net (fo=10, routed)          0.996     6.650    vs0/v_count_reg[9]_i_1_n_0
    SLICE_X58Y79         FDRE                                         r  vs0/v_count_reg_reg[6]/R
  -------------------------------------------------------------------    -------------------





Min Delay Paths
--------------------------------------------------------------------------------------
Slack:                    inf
  Source:                 vs0/mod2_reg_reg/C
                            (rising edge-triggered cell FDRE)
  Destination:            vs0/h_count_reg_reg[4]/CE
  Path Group:             (none)
  Path Type:              Min at Fast Process Corner
  Data Path Delay:        0.352ns  (logic 0.141ns (40.097%)  route 0.211ns (59.903%))
  Logic Levels:           1  (FDRE=1)

    Location             Delay type                Incr(ns)  Path(ns)    Netlist Resource(s)
  -------------------------------------------------------------------    -------------------
    SLICE_X57Y81         FDRE                         0.000     0.000 r  vs0/mod2_reg_reg/C
    SLICE_X57Y81         FDRE (Prop_fdre_C_Q)         0.141     0.141 r  vs0/mod2_reg_reg/Q
                         net (fo=26, routed)          0.211     0.352    vs0/pixel_tick
    SLICE_X57Y79         FDRE                                         r  vs0/h_count_reg_reg[4]/CE
  -------------------------------------------------------------------    -------------------

Slack:                    inf
  Source:                 vs0/mod2_reg_reg/C
                            (rising edge-triggered cell FDRE)
  Destination:            vs0/h_count_reg_reg[6]/CE
  Path Group:             (none)
  Path Type:              Min at Fast Process Corner
  Data Path Delay:        0.370ns  (logic 0.141ns (38.159%)  route 0.229ns (61.841%))
  Logic Levels:           1  (FDRE=1)

    Location             Delay type                Incr(ns)  Path(ns)    Netlist Resource(s)
  -------------------------------------------------------------------    -------------------
    SLICE_X57Y81         FDRE                         0.000     0.000 r  vs0/mod2_reg_reg/C
    SLICE_X57Y81         FDRE (Prop_fdre_C_Q)         0.141     0.141 r  vs0/mod2_reg_reg/Q
                         net (fo=26, routed)          0.229     0.370    vs0/pixel_tick
    SLICE_X54Y80         FDRE                                         r  vs0/h_count_reg_reg[6]/CE
  -------------------------------------------------------------------    -------------------

Slack:                    inf
  Source:                 vs0/mod2_reg_reg/C
                            (rising edge-triggered cell FDRE)
  Destination:            vs0/h_count_reg_reg[7]/CE
  Path Group:             (none)
  Path Type:              Min at Fast Process Corner
  Data Path Delay:        0.370ns  (logic 0.141ns (38.159%)  route 0.229ns (61.841%))
  Logic Levels:           1  (FDRE=1)

    Location             Delay type                Incr(ns)  Path(ns)    Netlist Resource(s)
  -------------------------------------------------------------------    -------------------
    SLICE_X57Y81         FDRE                         0.000     0.000 r  vs0/mod2_reg_reg/C
    SLICE_X57Y81         FDRE (Prop_fdre_C_Q)         0.141     0.141 r  vs0/mod2_reg_reg/Q
                         net (fo=26, routed)          0.229     0.370    vs0/pixel_tick
    SLICE_X54Y80         FDRE                                         r  vs0/h_count_reg_reg[7]/CE
  -------------------------------------------------------------------    -------------------

Slack:                    inf
  Source:                 vs0/mod2_reg_reg/C
                            (rising edge-triggered cell FDRE)
  Destination:            vs0/h_count_reg_reg[8]/CE
  Path Group:             (none)
  Path Type:              Min at Fast Process Corner
  Data Path Delay:        0.370ns  (logic 0.141ns (38.159%)  route 0.229ns (61.841%))
  Logic Levels:           1  (FDRE=1)

    Location             Delay type                Incr(ns)  Path(ns)    Netlist Resource(s)
  -------------------------------------------------------------------    -------------------
    SLICE_X57Y81         FDRE                         0.000     0.000 r  vs0/mod2_reg_reg/C
    SLICE_X57Y81         FDRE (Prop_fdre_C_Q)         0.141     0.141 r  vs0/mod2_reg_reg/Q
                         net (fo=26, routed)          0.229     0.370    vs0/pixel_tick
    SLICE_X54Y80         FDRE                                         r  vs0/h_count_reg_reg[8]/CE
  -------------------------------------------------------------------    -------------------

Slack:                    inf
  Source:                 vs0/v_count_reg_reg[8]/C
                            (rising edge-triggered cell FDRE)
  Destination:            vs0/v_count_reg_reg[8]/D
  Path Group:             (none)
  Path Type:              Min at Fast Process Corner
  Data Path Delay:        0.377ns  (logic 0.183ns (48.597%)  route 0.194ns (51.403%))
  Logic Levels:           2  (FDRE=1 LUT4=1)

    Location             Delay type                Incr(ns)  Path(ns)    Netlist Resource(s)
  -------------------------------------------------------------------    -------------------
    SLICE_X57Y80         FDRE                         0.000     0.000 r  vs0/v_count_reg_reg[8]/C
    SLICE_X57Y80         FDRE (Prop_fdre_C_Q)         0.141     0.141 r  vs0/v_count_reg_reg[8]/Q
                         net (fo=12, routed)          0.194     0.335    vs0/pixel_y__0[8]
    SLICE_X57Y80         LUT4 (Prop_lut4_I0_O)        0.042     0.377 r  vs0/v_count_reg[8]_i_1/O
                         net (fo=1, routed)           0.000     0.377    vs0/p_0_in__0[8]
    SLICE_X57Y80         FDRE                                         r  vs0/v_count_reg_reg[8]/D
  -------------------------------------------------------------------    -------------------

Slack:                    inf
  Source:                 vs0/mod2_reg_reg/C
                            (rising edge-triggered cell FDRE)
  Destination:            vs0/mod2_reg_reg/D
  Path Group:             (none)
  Path Type:              Min at Fast Process Corner
  Data Path Delay:        0.377ns  (logic 0.186ns (49.293%)  route 0.191ns (50.707%))
  Logic Levels:           2  (FDRE=1 LUT2=1)

    Location             Delay type                Incr(ns)  Path(ns)    Netlist Resource(s)
  -------------------------------------------------------------------    -------------------
    SLICE_X57Y81         FDRE                         0.000     0.000 r  vs0/mod2_reg_reg/C
    SLICE_X57Y81         FDRE (Prop_fdre_C_Q)         0.141     0.141 f  vs0/mod2_reg_reg/Q
                         net (fo=26, routed)          0.191     0.332    vs0/pixel_tick
    SLICE_X57Y81         LUT2 (Prop_lut2_I0_O)        0.045     0.377 r  vs0/mod2_reg_i_1/O
                         net (fo=1, routed)           0.000     0.377    vs0/mod2_reg_i_1_n_0
    SLICE_X57Y81         FDRE                                         r  vs0/mod2_reg_reg/D
  -------------------------------------------------------------------    -------------------

Slack:                    inf
  Source:                 vs0/v_count_reg_reg[4]/C
                            (rising edge-triggered cell FDRE)
  Destination:            vs0/v_count_reg_reg[4]/D
  Path Group:             (none)
  Path Type:              Min at Fast Process Corner
  Data Path Delay:        0.379ns  (logic 0.186ns (49.132%)  route 0.193ns (50.868%))
  Logic Levels:           2  (FDRE=1 LUT5=1)

    Location             Delay type                Incr(ns)  Path(ns)    Netlist Resource(s)
  -------------------------------------------------------------------    -------------------
    SLICE_X55Y80         FDRE                         0.000     0.000 r  vs0/v_count_reg_reg[4]/C
    SLICE_X55Y80         FDRE (Prop_fdre_C_Q)         0.141     0.141 r  vs0/v_count_reg_reg[4]/Q
                         net (fo=19, routed)          0.193     0.334    vs0/pixel_y__0[4]
    SLICE_X55Y80         LUT5 (Prop_lut5_I0_O)        0.045     0.379 r  vs0/v_count_reg[4]_i_1/O
                         net (fo=1, routed)           0.000     0.379    vs0/p_0_in__0[4]
    SLICE_X55Y80         FDRE                                         r  vs0/v_count_reg_reg[4]/D
  -------------------------------------------------------------------    -------------------

Slack:                    inf
  Source:                 vs0/h_count_reg_reg[7]/C
                            (rising edge-triggered cell FDRE)
  Destination:            vs0/h_count_reg_reg[8]/D
  Path Group:             (none)
  Path Type:              Min at Fast Process Corner
  Data Path Delay:        0.381ns  (logic 0.246ns (64.527%)  route 0.135ns (35.473%))
  Logic Levels:           2  (FDRE=1 LUT6=1)

    Location             Delay type                Incr(ns)  Path(ns)    Netlist Resource(s)
  -------------------------------------------------------------------    -------------------
    SLICE_X54Y80         FDRE                         0.000     0.000 r  vs0/h_count_reg_reg[7]/C
    SLICE_X54Y80         FDRE (Prop_fdre_C_Q)         0.148     0.148 r  vs0/h_count_reg_reg[7]/Q
                         net (fo=20, routed)          0.135     0.283    vs0/pixel_x__0[7]
    SLICE_X54Y80         LUT6 (Prop_lut6_I3_O)        0.098     0.381 r  vs0/h_count_reg[8]_i_1/O
                         net (fo=1, routed)           0.000     0.381    vs0/p_0_in[8]
    SLICE_X54Y80         FDRE                                         r  vs0/h_count_reg_reg[8]/D
  -------------------------------------------------------------------    -------------------

Slack:                    inf
  Source:                 vs0/h_count_reg_reg[0]/C
                            (rising edge-triggered cell FDRE)
  Destination:            vs0/h_count_reg_reg[1]/D
  Path Group:             (none)
  Path Type:              Min at Fast Process Corner
  Data Path Delay:        0.386ns  (logic 0.183ns (47.461%)  route 0.203ns (52.539%))
  Logic Levels:           2  (FDRE=1 LUT2=1)

    Location             Delay type                Incr(ns)  Path(ns)    Netlist Resource(s)
  -------------------------------------------------------------------    -------------------
    SLICE_X55Y79         FDRE                         0.000     0.000 r  vs0/h_count_reg_reg[0]/C
    SLICE_X55Y79         FDRE (Prop_fdre_C_Q)         0.141     0.141 r  vs0/h_count_reg_reg[0]/Q
                         net (fo=19, routed)          0.203     0.344    vs0/pixel_x__0[0]
    SLICE_X55Y79         LUT2 (Prop_lut2_I0_O)        0.042     0.386 r  vs0/h_count_reg[1]_i_1/O
                         net (fo=1, routed)           0.000     0.386    vs0/h_count_reg[1]_i_1_n_0
    SLICE_X55Y79         FDRE                                         r  vs0/h_count_reg_reg[1]/D
  -------------------------------------------------------------------    -------------------

Slack:                    inf
  Source:                 vs0/h_count_reg_reg[0]/C
                            (rising edge-triggered cell FDRE)
  Destination:            vs0/h_count_reg_reg[0]/D
  Path Group:             (none)
  Path Type:              Min at Fast Process Corner
  Data Path Delay:        0.389ns  (logic 0.186ns (47.866%)  route 0.203ns (52.134%))
  Logic Levels:           2  (FDRE=1 LUT1=1)

    Location             Delay type                Incr(ns)  Path(ns)    Netlist Resource(s)
  -------------------------------------------------------------------    -------------------
    SLICE_X55Y79         FDRE                         0.000     0.000 r  vs0/h_count_reg_reg[0]/C
    SLICE_X55Y79         FDRE (Prop_fdre_C_Q)         0.141     0.141 f  vs0/h_count_reg_reg[0]/Q
                         net (fo=19, routed)          0.203     0.344    vs0/pixel_x__0[0]
    SLICE_X55Y79         LUT1 (Prop_lut1_I0_O)        0.045     0.389 r  vs0/h_count_reg[0]_i_1/O
                         net (fo=1, routed)           0.000     0.389    vs0/h_count_reg[0]_i_1_n_0
    SLICE_X55Y79         FDRE                                         r  vs0/h_count_reg_reg[0]/D
  -------------------------------------------------------------------    -------------------





--------------------------------------------------------------------------------------
Path Group:  (none)
From Clock:  sys_clk_pin
  To Clock:  

Max Delay            12 Endpoints
Min Delay            12 Endpoints
--------------------------------------------------------------------------------------


Max Delay Paths
--------------------------------------------------------------------------------------
Slack:                    inf
  Source:                 rgb_reg_reg[2]/C
                            (rising edge-triggered cell FDRE clocked by sys_clk_pin  {rise@0.000ns fall@5.000ns period=10.000ns})
  Destination:            VGA_BLUE[2]
                            (output port)
  Path Group:             (none)
  Path Type:              Max at Slow Process Corner
  Data Path Delay:        8.654ns  (logic 4.003ns (46.258%)  route 4.651ns (53.742%))
  Logic Levels:           1  (OBUF=1)
  Clock Uncertainty:      0.025ns  ((TSJ^2 + TIJ^2)^1/2 + DJ) / 2 + PE
    Total System Jitter     (TSJ):    0.050ns
    Total Input Jitter      (TIJ):    0.000ns
    Discrete Jitter          (DJ):    0.000ns
    Phase Error              (PE):    0.000ns

    Location             Delay type                Incr(ns)  Path(ns)    Netlist Resource(s)
  -------------------------------------------------------------------    -------------------
                         (clock sys_clk_pin rise edge)
                                                      0.000     0.000 r  
    Y9                                                0.000     0.000 r  clk (IN)
                         net (fo=0)                   0.000     0.000    clk
    Y9                   IBUF (Prop_ibuf_I_O)         1.490     1.490 r  clk_IBUF_inst/O
                         net (fo=1, routed)           2.171     3.661    clk_IBUF
    BUFGCTRL_X0Y0        BUFG (Prop_bufg_I_O)         0.101     3.762 r  clk_IBUF_BUFG_inst/O
                         net (fo=209, routed)         1.697     5.459    clk_IBUF_BUFG
    SLICE_X59Y76         FDRE                                         r  rgb_reg_reg[2]/C
  -------------------------------------------------------------------    -------------------
    SLICE_X59Y76         FDRE (Prop_fdre_C_Q)         0.456     5.915 r  rgb_reg_reg[2]/Q
                         net (fo=1, routed)           4.651    10.566    VGA_BLUE_OBUF[2]
    AB20                 OBUF (Prop_obuf_I_O)         3.547    14.114 r  VGA_BLUE_OBUF[2]_inst/O
                         net (fo=0)                   0.000    14.114    VGA_BLUE[2]
    AB20                                                              r  VGA_BLUE[2] (OUT)
  -------------------------------------------------------------------    -------------------

Slack:                    inf
  Source:                 rgb_reg_reg[3]/C
                            (rising edge-triggered cell FDRE clocked by sys_clk_pin  {rise@0.000ns fall@5.000ns period=10.000ns})
  Destination:            VGA_BLUE[3]
                            (output port)
  Path Group:             (none)
  Path Type:              Max at Slow Process Corner
  Data Path Delay:        8.596ns  (logic 4.055ns (47.169%)  route 4.541ns (52.831%))
  Logic Levels:           1  (OBUF=1)
  Clock Uncertainty:      0.025ns  ((TSJ^2 + TIJ^2)^1/2 + DJ) / 2 + PE
    Total System Jitter     (TSJ):    0.050ns
    Total Input Jitter      (TIJ):    0.000ns
    Discrete Jitter          (DJ):    0.000ns
    Phase Error              (PE):    0.000ns

    Location             Delay type                Incr(ns)  Path(ns)    Netlist Resource(s)
  -------------------------------------------------------------------    -------------------
                         (clock sys_clk_pin rise edge)
                                                      0.000     0.000 r  
    Y9                                                0.000     0.000 r  clk (IN)
                         net (fo=0)                   0.000     0.000    clk
    Y9                   IBUF (Prop_ibuf_I_O)         1.490     1.490 r  clk_IBUF_inst/O
                         net (fo=1, routed)           2.171     3.661    clk_IBUF
    BUFGCTRL_X0Y0        BUFG (Prop_bufg_I_O)         0.101     3.762 r  clk_IBUF_BUFG_inst/O
                         net (fo=209, routed)         1.701     5.463    clk_IBUF_BUFG
    SLICE_X58Y78         FDRE                                         r  rgb_reg_reg[3]/C
  -------------------------------------------------------------------    -------------------
    SLICE_X58Y78         FDRE (Prop_fdre_C_Q)         0.518     5.981 r  rgb_reg_reg[3]/Q
                         net (fo=1, routed)           4.541    10.523    VGA_BLUE_OBUF[3]
    AB19                 OBUF (Prop_obuf_I_O)         3.537    14.059 r  VGA_BLUE_OBUF[3]_inst/O
                         net (fo=0)                   0.000    14.059    VGA_BLUE[3]
    AB19                                                              r  VGA_BLUE[3] (OUT)
  -------------------------------------------------------------------    -------------------

Slack:                    inf
  Source:                 rgb_reg_reg[0]/C
                            (rising edge-triggered cell FDRE clocked by sys_clk_pin  {rise@0.000ns fall@5.000ns period=10.000ns})
  Destination:            VGA_BLUE[0]
                            (output port)
  Path Group:             (none)
  Path Type:              Max at Slow Process Corner
  Data Path Delay:        8.551ns  (logic 4.050ns (47.367%)  route 4.500ns (52.633%))
  Logic Levels:           1  (OBUF=1)
  Clock Uncertainty:      0.025ns  ((TSJ^2 + TIJ^2)^1/2 + DJ) / 2 + PE
    Total System Jitter     (TSJ):    0.050ns
    Total Input Jitter      (TIJ):    0.000ns
    Discrete Jitter          (DJ):    0.000ns
    Phase Error              (PE):    0.000ns

    Location             Delay type                Incr(ns)  Path(ns)    Netlist Resource(s)
  -------------------------------------------------------------------    -------------------
                         (clock sys_clk_pin rise edge)
                                                      0.000     0.000 r  
    Y9                                                0.000     0.000 r  clk (IN)
                         net (fo=0)                   0.000     0.000    clk
    Y9                   IBUF (Prop_ibuf_I_O)         1.490     1.490 r  clk_IBUF_inst/O
                         net (fo=1, routed)           2.171     3.661    clk_IBUF
    BUFGCTRL_X0Y0        BUFG (Prop_bufg_I_O)         0.101     3.762 r  clk_IBUF_BUFG_inst/O
                         net (fo=209, routed)         1.697     5.459    clk_IBUF_BUFG
    SLICE_X58Y76         FDRE                                         r  rgb_reg_reg[0]/C
  -------------------------------------------------------------------    -------------------
    SLICE_X58Y76         FDRE (Prop_fdre_C_Q)         0.518     5.977 r  rgb_reg_reg[0]/Q
                         net (fo=1, routed)           4.500    10.478    VGA_BLUE_OBUF[0]
    Y21                  OBUF (Prop_obuf_I_O)         3.532    14.010 r  VGA_BLUE_OBUF[0]_inst/O
                         net (fo=0)                   0.000    14.010    VGA_BLUE[0]
    Y21                                                               r  VGA_BLUE[0] (OUT)
  -------------------------------------------------------------------    -------------------

Slack:                    inf
  Source:                 rgb_reg_reg[4]/C
                            (rising edge-triggered cell FDRE clocked by sys_clk_pin  {rise@0.000ns fall@5.000ns period=10.000ns})
  Destination:            VGA_GREEN[0]
                            (output port)
  Path Group:             (none)
  Path Type:              Max at Slow Process Corner
  Data Path Delay:        8.471ns  (logic 4.013ns (47.366%)  route 4.459ns (52.634%))
  Logic Levels:           1  (OBUF=1)
  Clock Uncertainty:      0.025ns  ((TSJ^2 + TIJ^2)^1/2 + DJ) / 2 + PE
    Total System Jitter     (TSJ):    0.050ns
    Total Input Jitter      (TIJ):    0.000ns
    Discrete Jitter          (DJ):    0.000ns
    Phase Error              (PE):    0.000ns

    Location             Delay type                Incr(ns)  Path(ns)    Netlist Resource(s)
  -------------------------------------------------------------------    -------------------
                         (clock sys_clk_pin rise edge)
                                                      0.000     0.000 r  
    Y9                                                0.000     0.000 r  clk (IN)
                         net (fo=0)                   0.000     0.000    clk
    Y9                   IBUF (Prop_ibuf_I_O)         1.490     1.490 r  clk_IBUF_inst/O
                         net (fo=1, routed)           2.171     3.661    clk_IBUF
    BUFGCTRL_X0Y0        BUFG (Prop_bufg_I_O)         0.101     3.762 r  clk_IBUF_BUFG_inst/O
                         net (fo=209, routed)         1.698     5.460    clk_IBUF_BUFG
    SLICE_X59Y77         FDRE                                         r  rgb_reg_reg[4]/C
  -------------------------------------------------------------------    -------------------
    SLICE_X59Y77         FDRE (Prop_fdre_C_Q)         0.456     5.916 r  rgb_reg_reg[4]/Q
                         net (fo=1, routed)           4.459    10.375    VGA_GREEN_OBUF[0]
    AB22                 OBUF (Prop_obuf_I_O)         3.557    13.932 r  VGA_GREEN_OBUF[0]_inst/O
                         net (fo=0)                   0.000    13.932    VGA_GREEN[0]
    AB22                                                              r  VGA_GREEN[0] (OUT)
  -------------------------------------------------------------------    -------------------

Slack:                    inf
  Source:                 rgb_reg_reg[6]/C
                            (rising edge-triggered cell FDRE clocked by sys_clk_pin  {rise@0.000ns fall@5.000ns period=10.000ns})
  Destination:            VGA_GREEN[2]
                            (output port)
  Path Group:             (none)
  Path Type:              Max at Slow Process Corner
  Data Path Delay:        8.382ns  (logic 4.014ns (47.890%)  route 4.368ns (52.110%))
  Logic Levels:           1  (OBUF=1)
  Clock Uncertainty:      0.025ns  ((TSJ^2 + TIJ^2)^1/2 + DJ) / 2 + PE
    Total System Jitter     (TSJ):    0.050ns
    Total Input Jitter      (TIJ):    0.000ns
    Discrete Jitter          (DJ):    0.000ns
    Phase Error              (PE):    0.000ns

    Location             Delay type                Incr(ns)  Path(ns)    Netlist Resource(s)
  -------------------------------------------------------------------    -------------------
                         (clock sys_clk_pin rise edge)
                                                      0.000     0.000 r  
    Y9                                                0.000     0.000 r  clk (IN)
                         net (fo=0)                   0.000     0.000    clk
    Y9                   IBUF (Prop_ibuf_I_O)         1.490     1.490 r  clk_IBUF_inst/O
                         net (fo=1, routed)           2.171     3.661    clk_IBUF
    BUFGCTRL_X0Y0        BUFG (Prop_bufg_I_O)         0.101     3.762 r  clk_IBUF_BUFG_inst/O
                         net (fo=209, routed)         1.698     5.460    clk_IBUF_BUFG
    SLICE_X59Y77         FDRE                                         r  rgb_reg_reg[6]/C
  -------------------------------------------------------------------    -------------------
    SLICE_X59Y77         FDRE (Prop_fdre_C_Q)         0.456     5.916 r  rgb_reg_reg[6]/Q
                         net (fo=1, routed)           4.368    10.285    VGA_GREEN_OBUF[2]
    AB21                 OBUF (Prop_obuf_I_O)         3.558    13.843 r  VGA_GREEN_OBUF[2]_inst/O
                         net (fo=0)                   0.000    13.843    VGA_GREEN[2]
    AB21                                                              r  VGA_GREEN[2] (OUT)
  -------------------------------------------------------------------    -------------------

Slack:                    inf
  Source:                 rgb_reg_reg[7]/C
                            (rising edge-triggered cell FDRE clocked by sys_clk_pin  {rise@0.000ns fall@5.000ns period=10.000ns})
  Destination:            VGA_GREEN[3]
                            (output port)
  Path Group:             (none)
  Path Type:              Max at Slow Process Corner
  Data Path Delay:        8.371ns  (logic 4.003ns (47.819%)  route 4.368ns (52.181%))
  Logic Levels:           1  (OBUF=1)
  Clock Uncertainty:      0.025ns  ((TSJ^2 + TIJ^2)^1/2 + DJ) / 2 + PE
    Total System Jitter     (TSJ):    0.050ns
    Total Input Jitter      (TIJ):    0.000ns
    Discrete Jitter          (DJ):    0.000ns
    Phase Error              (PE):    0.000ns

    Location             Delay type                Incr(ns)  Path(ns)    Netlist Resource(s)
  -------------------------------------------------------------------    -------------------
                         (clock sys_clk_pin rise edge)
                                                      0.000     0.000 r  
    Y9                                                0.000     0.000 r  clk (IN)
                         net (fo=0)                   0.000     0.000    clk
    Y9                   IBUF (Prop_ibuf_I_O)         1.490     1.490 r  clk_IBUF_inst/O
                         net (fo=1, routed)           2.171     3.661    clk_IBUF
    BUFGCTRL_X0Y0        BUFG (Prop_bufg_I_O)         0.101     3.762 r  clk_IBUF_BUFG_inst/O
                         net (fo=209, routed)         1.701     5.463    clk_IBUF_BUFG
    SLICE_X59Y78         FDRE                                         r  rgb_reg_reg[7]/C
  -------------------------------------------------------------------    -------------------
    SLICE_X59Y78         FDRE (Prop_fdre_C_Q)         0.456     5.919 r  rgb_reg_reg[7]/Q
                         net (fo=1, routed)           4.368    10.288    VGA_GREEN_OBUF[3]
    AA21                 OBUF (Prop_obuf_I_O)         3.547    13.834 r  VGA_GREEN_OBUF[3]_inst/O
                         net (fo=0)                   0.000    13.834    VGA_GREEN[3]
    AA21                                                              r  VGA_GREEN[3] (OUT)
  -------------------------------------------------------------------    -------------------

Slack:                    inf
  Source:                 rgb_reg_reg[5]/C
                            (rising edge-triggered cell FDRE clocked by sys_clk_pin  {rise@0.000ns fall@5.000ns period=10.000ns})
  Destination:            VGA_GREEN[1]
                            (output port)
  Path Group:             (none)
  Path Type:              Max at Slow Process Corner
  Data Path Delay:        8.344ns  (logic 4.003ns (47.973%)  route 4.341ns (52.027%))
  Logic Levels:           1  (OBUF=1)
  Clock Uncertainty:      0.025ns  ((TSJ^2 + TIJ^2)^1/2 + DJ) / 2 + PE
    Total System Jitter     (TSJ):    0.050ns
    Total Input Jitter      (TIJ):    0.000ns
    Discrete Jitter          (DJ):    0.000ns
    Phase Error              (PE):    0.000ns

    Location             Delay type                Incr(ns)  Path(ns)    Netlist Resource(s)
  -------------------------------------------------------------------    -------------------
                         (clock sys_clk_pin rise edge)
                                                      0.000     0.000 r  
    Y9                                                0.000     0.000 r  clk (IN)
                         net (fo=0)                   0.000     0.000    clk
    Y9                   IBUF (Prop_ibuf_I_O)         1.490     1.490 r  clk_IBUF_inst/O
                         net (fo=1, routed)           2.171     3.661    clk_IBUF
    BUFGCTRL_X0Y0        BUFG (Prop_bufg_I_O)         0.101     3.762 r  clk_IBUF_BUFG_inst/O
                         net (fo=209, routed)         1.701     5.463    clk_IBUF_BUFG
    SLICE_X59Y78         FDRE                                         r  rgb_reg_reg[5]/C
  -------------------------------------------------------------------    -------------------
    SLICE_X59Y78         FDRE (Prop_fdre_C_Q)         0.456     5.919 r  rgb_reg_reg[5]/Q
                         net (fo=1, routed)           4.341    10.261    VGA_GREEN_OBUF[1]
    AA22                 OBUF (Prop_obuf_I_O)         3.547    13.807 r  VGA_GREEN_OBUF[1]_inst/O
                         net (fo=0)                   0.000    13.807    VGA_GREEN[1]
    AA22                                                              r  VGA_GREEN[1] (OUT)
  -------------------------------------------------------------------    -------------------

Slack:                    inf
  Source:                 rgb_reg_reg[1]/C
                            (rising edge-triggered cell FDRE clocked by sys_clk_pin  {rise@0.000ns fall@5.000ns period=10.000ns})
  Destination:            VGA_BLUE[1]
                            (output port)
  Path Group:             (none)
  Path Type:              Max at Slow Process Corner
  Data Path Delay:        8.280ns  (logic 4.049ns (48.897%)  route 4.232ns (51.103%))
  Logic Levels:           1  (OBUF=1)
  Clock Uncertainty:      0.025ns  ((TSJ^2 + TIJ^2)^1/2 + DJ) / 2 + PE
    Total System Jitter     (TSJ):    0.050ns
    Total Input Jitter      (TIJ):    0.000ns
    Discrete Jitter          (DJ):    0.000ns
    Phase Error              (PE):    0.000ns

    Location             Delay type                Incr(ns)  Path(ns)    Netlist Resource(s)
  -------------------------------------------------------------------    -------------------
                         (clock sys_clk_pin rise edge)
                                                      0.000     0.000 r  
    Y9                                                0.000     0.000 r  clk (IN)
                         net (fo=0)                   0.000     0.000    clk
    Y9                   IBUF (Prop_ibuf_I_O)         1.490     1.490 r  clk_IBUF_inst/O
                         net (fo=1, routed)           2.171     3.661    clk_IBUF
    BUFGCTRL_X0Y0        BUFG (Prop_bufg_I_O)         0.101     3.762 r  clk_IBUF_BUFG_inst/O
                         net (fo=209, routed)         1.697     5.459    clk_IBUF_BUFG
    SLICE_X58Y76         FDRE                                         r  rgb_reg_reg[1]/C
  -------------------------------------------------------------------    -------------------
    SLICE_X58Y76         FDRE (Prop_fdre_C_Q)         0.518     5.977 r  rgb_reg_reg[1]/Q
                         net (fo=1, routed)           4.232    10.209    VGA_BLUE_OBUF[1]
    Y20                  OBUF (Prop_obuf_I_O)         3.531    13.740 r  VGA_BLUE_OBUF[1]_inst/O
                         net (fo=0)                   0.000    13.740    VGA_BLUE[1]
    Y20                                                               r  VGA_BLUE[1] (OUT)
  -------------------------------------------------------------------    -------------------

Slack:                    inf
  Source:                 rgb_reg_reg[9]/C
                            (rising edge-triggered cell FDRE clocked by sys_clk_pin  {rise@0.000ns fall@5.000ns period=10.000ns})
  Destination:            VGA_RED[1]
                            (output port)
  Path Group:             (none)
  Path Type:              Max at Slow Process Corner
  Data Path Delay:        8.213ns  (logic 3.971ns (48.351%)  route 4.242ns (51.649%))
  Logic Levels:           1  (OBUF=1)
  Clock Uncertainty:      0.025ns  ((TSJ^2 + TIJ^2)^1/2 + DJ) / 2 + PE
    Total System Jitter     (TSJ):    0.050ns
    Total Input Jitter      (TIJ):    0.000ns
    Discrete Jitter          (DJ):    0.000ns
    Phase Error              (PE):    0.000ns

    Location             Delay type                Incr(ns)  Path(ns)    Netlist Resource(s)
  -------------------------------------------------------------------    -------------------
                         (clock sys_clk_pin rise edge)
                                                      0.000     0.000 r  
    Y9                                                0.000     0.000 r  clk (IN)
                         net (fo=0)                   0.000     0.000    clk
    Y9                   IBUF (Prop_ibuf_I_O)         1.490     1.490 r  clk_IBUF_inst/O
                         net (fo=1, routed)           2.171     3.661    clk_IBUF
    BUFGCTRL_X0Y0        BUFG (Prop_bufg_I_O)         0.101     3.762 r  clk_IBUF_BUFG_inst/O
                         net (fo=209, routed)         1.699     5.461    clk_IBUF_BUFG
    SLICE_X60Y76         FDRE                                         r  rgb_reg_reg[9]/C
  -------------------------------------------------------------------    -------------------
    SLICE_X60Y76         FDRE (Prop_fdre_C_Q)         0.456     5.917 r  rgb_reg_reg[9]/Q
                         net (fo=1, routed)           4.242    10.159    VGA_RED_OBUF[1]
    U20                  OBUF (Prop_obuf_I_O)         3.515    13.674 r  VGA_RED_OBUF[1]_inst/O
                         net (fo=0)                   0.000    13.674    VGA_RED[1]
    U20                                                               r  VGA_RED[1] (OUT)
  -------------------------------------------------------------------    -------------------

Slack:                    inf
  Source:                 rgb_reg_reg[11]/C
                            (rising edge-triggered cell FDRE clocked by sys_clk_pin  {rise@0.000ns fall@5.000ns period=10.000ns})
  Destination:            VGA_RED[3]
                            (output port)
  Path Group:             (none)
  Path Type:              Max at Slow Process Corner
  Data Path Delay:        8.142ns  (logic 3.985ns (48.940%)  route 4.157ns (51.060%))
  Logic Levels:           1  (OBUF=1)
  Clock Uncertainty:      0.025ns  ((TSJ^2 + TIJ^2)^1/2 + DJ) / 2 + PE
    Total System Jitter     (TSJ):    0.050ns
    Total Input Jitter      (TIJ):    0.000ns
    Discrete Jitter          (DJ):    0.000ns
    Phase Error              (PE):    0.000ns

    Location             Delay type                Incr(ns)  Path(ns)    Netlist Resource(s)
  -------------------------------------------------------------------    -------------------
                         (clock sys_clk_pin rise edge)
                                                      0.000     0.000 r  
    Y9                                                0.000     0.000 r  clk (IN)
                         net (fo=0)                   0.000     0.000    clk
    Y9                   IBUF (Prop_ibuf_I_O)         1.490     1.490 r  clk_IBUF_inst/O
                         net (fo=1, routed)           2.171     3.661    clk_IBUF
    BUFGCTRL_X0Y0        BUFG (Prop_bufg_I_O)         0.101     3.762 r  clk_IBUF_BUFG_inst/O
                         net (fo=209, routed)         1.699     5.461    clk_IBUF_BUFG
    SLICE_X60Y76         FDRE                                         r  rgb_reg_reg[11]/C
  -------------------------------------------------------------------    -------------------
    SLICE_X60Y76         FDRE (Prop_fdre_C_Q)         0.456     5.917 r  rgb_reg_reg[11]/Q
                         net (fo=1, routed)           4.157    10.075    VGA_RED_OBUF[3]
    V18                  OBUF (Prop_obuf_I_O)         3.529    13.603 r  VGA_RED_OBUF[3]_inst/O
                         net (fo=0)                   0.000    13.603    VGA_RED[3]
    V18                                                               r  VGA_RED[3] (OUT)
  -------------------------------------------------------------------    -------------------





Min Delay Paths
--------------------------------------------------------------------------------------
Slack:                    inf
  Source:                 rgb_reg_reg[8]/C
                            (rising edge-triggered cell FDRE clocked by sys_clk_pin  {rise@0.000ns fall@5.000ns period=10.000ns})
  Destination:            VGA_RED[0]
                            (output port)
  Path Group:             (none)
  Path Type:              Min at Fast Process Corner
  Data Path Delay:        2.921ns  (logic 1.379ns (47.225%)  route 1.541ns (52.775%))
  Logic Levels:           1  (OBUF=1)
  Clock Uncertainty:      0.025ns  ((TSJ^2 + TIJ^2)^1/2 + DJ) / 2 + PE
    Total System Jitter     (TSJ):    0.050ns
    Total Input Jitter      (TIJ):    0.000ns
    Discrete Jitter          (DJ):    0.000ns
    Phase Error              (PE):    0.000ns

    Location             Delay type                Incr(ns)  Path(ns)    Netlist Resource(s)
  -------------------------------------------------------------------    -------------------
                         (clock sys_clk_pin rise edge)
                                                      0.000     0.000 r  
    Y9                                                0.000     0.000 r  clk (IN)
                         net (fo=0)                   0.000     0.000    clk
    Y9                   IBUF (Prop_ibuf_I_O)         0.258     0.258 r  clk_IBUF_inst/O
                         net (fo=1, routed)           0.663     0.921    clk_IBUF
    BUFGCTRL_X0Y0        BUFG (Prop_bufg_I_O)         0.026     0.947 r  clk_IBUF_BUFG_inst/O
                         net (fo=209, routed)         0.567     1.514    clk_IBUF_BUFG
    SLICE_X59Y76         FDRE                                         r  rgb_reg_reg[8]/C
  -------------------------------------------------------------------    -------------------
    SLICE_X59Y76         FDRE (Prop_fdre_C_Q)         0.141     1.655 r  rgb_reg_reg[8]/Q
                         net (fo=1, routed)           1.541     3.196    VGA_RED_OBUF[0]
    V20                  OBUF (Prop_obuf_I_O)         1.238     4.435 r  VGA_RED_OBUF[0]_inst/O
                         net (fo=0)                   0.000     4.435    VGA_RED[0]
    V20                                                               r  VGA_RED[0] (OUT)
  -------------------------------------------------------------------    -------------------

Slack:                    inf
  Source:                 rgb_reg_reg[11]/C
                            (rising edge-triggered cell FDRE clocked by sys_clk_pin  {rise@0.000ns fall@5.000ns period=10.000ns})
  Destination:            VGA_RED[3]
                            (output port)
  Path Group:             (none)
  Path Type:              Min at Fast Process Corner
  Data Path Delay:        2.925ns  (logic 1.371ns (46.860%)  route 1.554ns (53.140%))
  Logic Levels:           1  (OBUF=1)
  Clock Uncertainty:      0.025ns  ((TSJ^2 + TIJ^2)^1/2 + DJ) / 2 + PE
    Total System Jitter     (TSJ):    0.050ns
    Total Input Jitter      (TIJ):    0.000ns
    Discrete Jitter          (DJ):    0.000ns
    Phase Error              (PE):    0.000ns

    Location             Delay type                Incr(ns)  Path(ns)    Netlist Resource(s)
  -------------------------------------------------------------------    -------------------
                         (clock sys_clk_pin rise edge)
                                                      0.000     0.000 r  
    Y9                                                0.000     0.000 r  clk (IN)
                         net (fo=0)                   0.000     0.000    clk
    Y9                   IBUF (Prop_ibuf_I_O)         0.258     0.258 r  clk_IBUF_inst/O
                         net (fo=1, routed)           0.663     0.921    clk_IBUF
    BUFGCTRL_X0Y0        BUFG (Prop_bufg_I_O)         0.026     0.947 r  clk_IBUF_BUFG_inst/O
                         net (fo=209, routed)         0.569     1.516    clk_IBUF_BUFG
    SLICE_X60Y76         FDRE                                         r  rgb_reg_reg[11]/C
  -------------------------------------------------------------------    -------------------
    SLICE_X60Y76         FDRE (Prop_fdre_C_Q)         0.141     1.657 r  rgb_reg_reg[11]/Q
                         net (fo=1, routed)           1.554     3.211    VGA_RED_OBUF[3]
    V18                  OBUF (Prop_obuf_I_O)         1.230     4.441 r  VGA_RED_OBUF[3]_inst/O
                         net (fo=0)                   0.000     4.441    VGA_RED[3]
    V18                                                               r  VGA_RED[3] (OUT)
  -------------------------------------------------------------------    -------------------

Slack:                    inf
  Source:                 rgb_reg_reg[10]/C
                            (rising edge-triggered cell FDRE clocked by sys_clk_pin  {rise@0.000ns fall@5.000ns period=10.000ns})
  Destination:            VGA_RED[2]
                            (output port)
  Path Group:             (none)
  Path Type:              Min at Fast Process Corner
  Data Path Delay:        2.925ns  (logic 1.353ns (46.250%)  route 1.572ns (53.750%))
  Logic Levels:           1  (OBUF=1)
  Clock Uncertainty:      0.025ns  ((TSJ^2 + TIJ^2)^1/2 + DJ) / 2 + PE
    Total System Jitter     (TSJ):    0.050ns
    Total Input Jitter      (TIJ):    0.000ns
    Discrete Jitter          (DJ):    0.000ns
    Phase Error              (PE):    0.000ns

    Location             Delay type                Incr(ns)  Path(ns)    Netlist Resource(s)
  -------------------------------------------------------------------    -------------------
                         (clock sys_clk_pin rise edge)
                                                      0.000     0.000 r  
    Y9                                                0.000     0.000 r  clk (IN)
                         net (fo=0)                   0.000     0.000    clk
    Y9                   IBUF (Prop_ibuf_I_O)         0.258     0.258 r  clk_IBUF_inst/O
                         net (fo=1, routed)           0.663     0.921    clk_IBUF
    BUFGCTRL_X0Y0        BUFG (Prop_bufg_I_O)         0.026     0.947 r  clk_IBUF_BUFG_inst/O
                         net (fo=209, routed)         0.571     1.518    clk_IBUF_BUFG
    SLICE_X60Y77         FDRE                                         r  rgb_reg_reg[10]/C
  -------------------------------------------------------------------    -------------------
    SLICE_X60Y77         FDRE (Prop_fdre_C_Q)         0.141     1.659 r  rgb_reg_reg[10]/Q
                         net (fo=1, routed)           1.572     3.231    VGA_RED_OBUF[2]
    V19                  OBUF (Prop_obuf_I_O)         1.212     4.443 r  VGA_RED_OBUF[2]_inst/O
                         net (fo=0)                   0.000     4.443    VGA_RED[2]
    V19                                                               r  VGA_RED[2] (OUT)
  -------------------------------------------------------------------    -------------------

Slack:                    inf
  Source:                 rgb_reg_reg[9]/C
                            (rising edge-triggered cell FDRE clocked by sys_clk_pin  {rise@0.000ns fall@5.000ns period=10.000ns})
  Destination:            VGA_RED[1]
                            (output port)
  Path Group:             (none)
  Path Type:              Min at Fast Process Corner
  Data Path Delay:        2.956ns  (logic 1.357ns (45.908%)  route 1.599ns (54.092%))
  Logic Levels:           1  (OBUF=1)
  Clock Uncertainty:      0.025ns  ((TSJ^2 + TIJ^2)^1/2 + DJ) / 2 + PE
    Total System Jitter     (TSJ):    0.050ns
    Total Input Jitter      (TIJ):    0.000ns
    Discrete Jitter          (DJ):    0.000ns
    Phase Error              (PE):    0.000ns

    Location             Delay type                Incr(ns)  Path(ns)    Netlist Resource(s)
  -------------------------------------------------------------------    -------------------
                         (clock sys_clk_pin rise edge)
                                                      0.000     0.000 r  
    Y9                                                0.000     0.000 r  clk (IN)
                         net (fo=0)                   0.000     0.000    clk
    Y9                   IBUF (Prop_ibuf_I_O)         0.258     0.258 r  clk_IBUF_inst/O
                         net (fo=1, routed)           0.663     0.921    clk_IBUF
    BUFGCTRL_X0Y0        BUFG (Prop_bufg_I_O)         0.026     0.947 r  clk_IBUF_BUFG_inst/O
                         net (fo=209, routed)         0.569     1.516    clk_IBUF_BUFG
    SLICE_X60Y76         FDRE                                         r  rgb_reg_reg[9]/C
  -------------------------------------------------------------------    -------------------
    SLICE_X60Y76         FDRE (Prop_fdre_C_Q)         0.141     1.657 r  rgb_reg_reg[9]/Q
                         net (fo=1, routed)           1.599     3.256    VGA_RED_OBUF[1]
    U20                  OBUF (Prop_obuf_I_O)         1.216     4.472 r  VGA_RED_OBUF[1]_inst/O
                         net (fo=0)                   0.000     4.472    VGA_RED[1]
    U20                                                               r  VGA_RED[1] (OUT)
  -------------------------------------------------------------------    -------------------

Slack:                    inf
  Source:                 rgb_reg_reg[1]/C
                            (rising edge-triggered cell FDRE clocked by sys_clk_pin  {rise@0.000ns fall@5.000ns period=10.000ns})
  Destination:            VGA_BLUE[1]
                            (output port)
  Path Group:             (none)
  Path Type:              Min at Fast Process Corner
  Data Path Delay:        3.020ns  (logic 1.396ns (46.211%)  route 1.625ns (53.789%))
  Logic Levels:           1  (OBUF=1)
  Clock Uncertainty:      0.025ns  ((TSJ^2 + TIJ^2)^1/2 + DJ) / 2 + PE
    Total System Jitter     (TSJ):    0.050ns
    Total Input Jitter      (TIJ):    0.000ns
    Discrete Jitter          (DJ):    0.000ns
    Phase Error              (PE):    0.000ns

    Location             Delay type                Incr(ns)  Path(ns)    Netlist Resource(s)
  -------------------------------------------------------------------    -------------------
                         (clock sys_clk_pin rise edge)
                                                      0.000     0.000 r  
    Y9                                                0.000     0.000 r  clk (IN)
                         net (fo=0)                   0.000     0.000    clk
    Y9                   IBUF (Prop_ibuf_I_O)         0.258     0.258 r  clk_IBUF_inst/O
                         net (fo=1, routed)           0.663     0.921    clk_IBUF
    BUFGCTRL_X0Y0        BUFG (Prop_bufg_I_O)         0.026     0.947 r  clk_IBUF_BUFG_inst/O
                         net (fo=209, routed)         0.567     1.514    clk_IBUF_BUFG
    SLICE_X58Y76         FDRE                                         r  rgb_reg_reg[1]/C
  -------------------------------------------------------------------    -------------------
    SLICE_X58Y76         FDRE (Prop_fdre_C_Q)         0.164     1.678 r  rgb_reg_reg[1]/Q
                         net (fo=1, routed)           1.625     3.303    VGA_BLUE_OBUF[1]
    Y20                  OBUF (Prop_obuf_I_O)         1.232     4.534 r  VGA_BLUE_OBUF[1]_inst/O
                         net (fo=0)                   0.000     4.534    VGA_BLUE[1]
    Y20                                                               r  VGA_BLUE[1] (OUT)
  -------------------------------------------------------------------    -------------------

Slack:                    inf
  Source:                 rgb_reg_reg[7]/C
                            (rising edge-triggered cell FDRE clocked by sys_clk_pin  {rise@0.000ns fall@5.000ns period=10.000ns})
  Destination:            VGA_GREEN[3]
                            (output port)
  Path Group:             (none)
  Path Type:              Min at Fast Process Corner
  Data Path Delay:        3.034ns  (logic 1.389ns (45.773%)  route 1.645ns (54.227%))
  Logic Levels:           1  (OBUF=1)
  Clock Uncertainty:      0.025ns  ((TSJ^2 + TIJ^2)^1/2 + DJ) / 2 + PE
    Total System Jitter     (TSJ):    0.050ns
    Total Input Jitter      (TIJ):    0.000ns
    Discrete Jitter          (DJ):    0.000ns
    Phase Error              (PE):    0.000ns

    Location             Delay type                Incr(ns)  Path(ns)    Netlist Resource(s)
  -------------------------------------------------------------------    -------------------
                         (clock sys_clk_pin rise edge)
                                                      0.000     0.000 r  
    Y9                                                0.000     0.000 r  clk (IN)
                         net (fo=0)                   0.000     0.000    clk
    Y9                   IBUF (Prop_ibuf_I_O)         0.258     0.258 r  clk_IBUF_inst/O
                         net (fo=1, routed)           0.663     0.921    clk_IBUF
    BUFGCTRL_X0Y0        BUFG (Prop_bufg_I_O)         0.026     0.947 r  clk_IBUF_BUFG_inst/O
                         net (fo=209, routed)         0.569     1.516    clk_IBUF_BUFG
    SLICE_X59Y78         FDRE                                         r  rgb_reg_reg[7]/C
  -------------------------------------------------------------------    -------------------
    SLICE_X59Y78         FDRE (Prop_fdre_C_Q)         0.141     1.657 r  rgb_reg_reg[7]/Q
                         net (fo=1, routed)           1.645     3.302    VGA_GREEN_OBUF[3]
    AA21                 OBUF (Prop_obuf_I_O)         1.248     4.550 r  VGA_GREEN_OBUF[3]_inst/O
                         net (fo=0)                   0.000     4.550    VGA_GREEN[3]
    AA21                                                              r  VGA_GREEN[3] (OUT)
  -------------------------------------------------------------------    -------------------

Slack:                    inf
  Source:                 rgb_reg_reg[5]/C
                            (rising edge-triggered cell FDRE clocked by sys_clk_pin  {rise@0.000ns fall@5.000ns period=10.000ns})
  Destination:            VGA_GREEN[1]
                            (output port)
  Path Group:             (none)
  Path Type:              Min at Fast Process Corner
  Data Path Delay:        3.036ns  (logic 1.389ns (45.742%)  route 1.647ns (54.258%))
  Logic Levels:           1  (OBUF=1)
  Clock Uncertainty:      0.025ns  ((TSJ^2 + TIJ^2)^1/2 + DJ) / 2 + PE
    Total System Jitter     (TSJ):    0.050ns
    Total Input Jitter      (TIJ):    0.000ns
    Discrete Jitter          (DJ):    0.000ns
    Phase Error              (PE):    0.000ns

    Location             Delay type                Incr(ns)  Path(ns)    Netlist Resource(s)
  -------------------------------------------------------------------    -------------------
                         (clock sys_clk_pin rise edge)
                                                      0.000     0.000 r  
    Y9                                                0.000     0.000 r  clk (IN)
                         net (fo=0)                   0.000     0.000    clk
    Y9                   IBUF (Prop_ibuf_I_O)         0.258     0.258 r  clk_IBUF_inst/O
                         net (fo=1, routed)           0.663     0.921    clk_IBUF
    BUFGCTRL_X0Y0        BUFG (Prop_bufg_I_O)         0.026     0.947 r  clk_IBUF_BUFG_inst/O
                         net (fo=209, routed)         0.569     1.516    clk_IBUF_BUFG
    SLICE_X59Y78         FDRE                                         r  rgb_reg_reg[5]/C
  -------------------------------------------------------------------    -------------------
    SLICE_X59Y78         FDRE (Prop_fdre_C_Q)         0.141     1.657 r  rgb_reg_reg[5]/Q
                         net (fo=1, routed)           1.647     3.304    VGA_GREEN_OBUF[1]
    AA22                 OBUF (Prop_obuf_I_O)         1.248     4.552 r  VGA_GREEN_OBUF[1]_inst/O
                         net (fo=0)                   0.000     4.552    VGA_GREEN[1]
    AA22                                                              r  VGA_GREEN[1] (OUT)
  -------------------------------------------------------------------    -------------------

Slack:                    inf
  Source:                 rgb_reg_reg[6]/C
                            (rising edge-triggered cell FDRE clocked by sys_clk_pin  {rise@0.000ns fall@5.000ns period=10.000ns})
  Destination:            VGA_GREEN[2]
                            (output port)
  Path Group:             (none)
  Path Type:              Min at Fast Process Corner
  Data Path Delay:        3.045ns  (logic 1.400ns (45.974%)  route 1.645ns (54.026%))
  Logic Levels:           1  (OBUF=1)
  Clock Uncertainty:      0.025ns  ((TSJ^2 + TIJ^2)^1/2 + DJ) / 2 + PE
    Total System Jitter     (TSJ):    0.050ns
    Total Input Jitter      (TIJ):    0.000ns
    Discrete Jitter          (DJ):    0.000ns
    Phase Error              (PE):    0.000ns

    Location             Delay type                Incr(ns)  Path(ns)    Netlist Resource(s)
  -------------------------------------------------------------------    -------------------
                         (clock sys_clk_pin rise edge)
                                                      0.000     0.000 r  
    Y9                                                0.000     0.000 r  clk (IN)
                         net (fo=0)                   0.000     0.000    clk
    Y9                   IBUF (Prop_ibuf_I_O)         0.258     0.258 r  clk_IBUF_inst/O
                         net (fo=1, routed)           0.663     0.921    clk_IBUF
    BUFGCTRL_X0Y0        BUFG (Prop_bufg_I_O)         0.026     0.947 r  clk_IBUF_BUFG_inst/O
                         net (fo=209, routed)         0.569     1.516    clk_IBUF_BUFG
    SLICE_X59Y77         FDRE                                         r  rgb_reg_reg[6]/C
  -------------------------------------------------------------------    -------------------
    SLICE_X59Y77         FDRE (Prop_fdre_C_Q)         0.141     1.657 r  rgb_reg_reg[6]/Q
                         net (fo=1, routed)           1.645     3.302    VGA_GREEN_OBUF[2]
    AB21                 OBUF (Prop_obuf_I_O)         1.259     4.561 r  VGA_GREEN_OBUF[2]_inst/O
                         net (fo=0)                   0.000     4.561    VGA_GREEN[2]
    AB21                                                              r  VGA_GREEN[2] (OUT)
  -------------------------------------------------------------------    -------------------

Slack:                    inf
  Source:                 rgb_reg_reg[0]/C
                            (rising edge-triggered cell FDRE clocked by sys_clk_pin  {rise@0.000ns fall@5.000ns period=10.000ns})
  Destination:            VGA_BLUE[0]
                            (output port)
  Path Group:             (none)
  Path Type:              Min at Fast Process Corner
  Data Path Delay:        3.092ns  (logic 1.397ns (45.176%)  route 1.695ns (54.824%))
  Logic Levels:           1  (OBUF=1)
  Clock Uncertainty:      0.025ns  ((TSJ^2 + TIJ^2)^1/2 + DJ) / 2 + PE
    Total System Jitter     (TSJ):    0.050ns
    Total Input Jitter      (TIJ):    0.000ns
    Discrete Jitter          (DJ):    0.000ns
    Phase Error              (PE):    0.000ns

    Location             Delay type                Incr(ns)  Path(ns)    Netlist Resource(s)
  -------------------------------------------------------------------    -------------------
                         (clock sys_clk_pin rise edge)
                                                      0.000     0.000 r  
    Y9                                                0.000     0.000 r  clk (IN)
                         net (fo=0)                   0.000     0.000    clk
    Y9                   IBUF (Prop_ibuf_I_O)         0.258     0.258 r  clk_IBUF_inst/O
                         net (fo=1, routed)           0.663     0.921    clk_IBUF
    BUFGCTRL_X0Y0        BUFG (Prop_bufg_I_O)         0.026     0.947 r  clk_IBUF_BUFG_inst/O
                         net (fo=209, routed)         0.567     1.514    clk_IBUF_BUFG
    SLICE_X58Y76         FDRE                                         r  rgb_reg_reg[0]/C
  -------------------------------------------------------------------    -------------------
    SLICE_X58Y76         FDRE (Prop_fdre_C_Q)         0.164     1.678 r  rgb_reg_reg[0]/Q
                         net (fo=1, routed)           1.695     3.373    VGA_BLUE_OBUF[0]
    Y21                  OBUF (Prop_obuf_I_O)         1.233     4.606 r  VGA_BLUE_OBUF[0]_inst/O
                         net (fo=0)                   0.000     4.606    VGA_BLUE[0]
    Y21                                                               r  VGA_BLUE[0] (OUT)
  -------------------------------------------------------------------    -------------------

Slack:                    inf
  Source:                 rgb_reg_reg[4]/C
                            (rising edge-triggered cell FDRE clocked by sys_clk_pin  {rise@0.000ns fall@5.000ns period=10.000ns})
  Destination:            VGA_GREEN[0]
                            (output port)
  Path Group:             (none)
  Path Type:              Min at Fast Process Corner
  Data Path Delay:        3.093ns  (logic 1.398ns (45.205%)  route 1.695ns (54.795%))
  Logic Levels:           1  (OBUF=1)
  Clock Uncertainty:      0.025ns  ((TSJ^2 + TIJ^2)^1/2 + DJ) / 2 + PE
    Total System Jitter     (TSJ):    0.050ns
    Total Input Jitter      (TIJ):    0.000ns
    Discrete Jitter          (DJ):    0.000ns
    Phase Error              (PE):    0.000ns

    Location             Delay type                Incr(ns)  Path(ns)    Netlist Resource(s)
  -------------------------------------------------------------------    -------------------
                         (clock sys_clk_pin rise edge)
                                                      0.000     0.000 r  
    Y9                                                0.000     0.000 r  clk (IN)
                         net (fo=0)                   0.000     0.000    clk
    Y9                   IBUF (Prop_ibuf_I_O)         0.258     0.258 r  clk_IBUF_inst/O
                         net (fo=1, routed)           0.663     0.921    clk_IBUF
    BUFGCTRL_X0Y0        BUFG (Prop_bufg_I_O)         0.026     0.947 r  clk_IBUF_BUFG_inst/O
                         net (fo=209, routed)         0.569     1.516    clk_IBUF_BUFG
    SLICE_X59Y77         FDRE                                         r  rgb_reg_reg[4]/C
  -------------------------------------------------------------------    -------------------
    SLICE_X59Y77         FDRE (Prop_fdre_C_Q)         0.141     1.657 r  rgb_reg_reg[4]/Q
                         net (fo=1, routed)           1.695     3.352    VGA_GREEN_OBUF[0]
    AB22                 OBUF (Prop_obuf_I_O)         1.257     4.609 r  VGA_GREEN_OBUF[0]_inst/O
                         net (fo=0)                   0.000     4.609    VGA_GREEN[0]
    AB22                                                              r  VGA_GREEN[0] (OUT)
  -------------------------------------------------------------------    -------------------





--------------------------------------------------------------------------------------
Path Group:  (none)
From Clock:  
  To Clock:  sys_clk_pin

Max Delay           290 Endpoints
Min Delay           290 Endpoints
--------------------------------------------------------------------------------------


Max Delay Paths
--------------------------------------------------------------------------------------
Slack:                    inf
  Source:                 usr_btn[0]
                            (input port)
  Destination:            ram_bg/RAM_reg_1_3/WEA[0]
                            (rising edge-triggered cell RAMB36E1 clocked by sys_clk_pin  {rise@0.000ns fall@5.000ns period=10.000ns})
  Path Group:             (none)
  Path Type:              Setup (Max at Slow Process Corner)
  Data Path Delay:        15.898ns  (logic 1.572ns (9.888%)  route 14.326ns (90.112%))
  Logic Levels:           2  (IBUF=1 LUT2=1)
  Clock Path Skew:        5.228ns (DCD - SCD + CPR)
    Destination Clock Delay (DCD):    5.228ns
    Source Clock Delay      (SCD):    0.000ns
    Clock Pessimism Removal (CPR):    0.000ns
  Clock Uncertainty:      0.025ns  ((TSJ^2 + TIJ^2)^1/2 + DJ) / 2 + PE
    Total System Jitter     (TSJ):    0.050ns
    Total Input Jitter      (TIJ):    0.000ns
    Discrete Jitter          (DJ):    0.000ns
    Phase Error              (PE):    0.000ns

    Location             Delay type                Incr(ns)  Path(ns)    Netlist Resource(s)
  -------------------------------------------------------------------    -------------------
    P16                                               0.000     0.000 r  usr_btn[0] (IN)
                         net (fo=0)                   0.000     0.000    usr_btn[0]
    P16                  IBUF (Prop_ibuf_I_O)         1.448     1.448 r  usr_btn_IBUF[0]_inst/O
                         net (fo=42, routed)         12.640    14.088    ram_bg/usr_led_OBUF[0]
    SLICE_X32Y113        LUT2 (Prop_lut2_I0_O)        0.124    14.212 r  ram_bg/RAM_reg_0_2_i_1/O
                         net (fo=3, routed)           1.686    15.898    ram_bg/RAM_reg_0_2_i_1_n_0
    RAMB36_X3Y23         RAMB36E1                                     r  ram_bg/RAM_reg_1_3/WEA[0]
  -------------------------------------------------------------------    -------------------

                         (clock sys_clk_pin rise edge)
                                                      0.000     0.000 r  
    Y9                                                0.000     0.000 r  clk (IN)
                         net (fo=0)                   0.000     0.000    clk
    Y9                   IBUF (Prop_ibuf_I_O)         1.420     1.420 r  clk_IBUF_inst/O
                         net (fo=1, routed)           1.972     3.392    clk_IBUF
    BUFGCTRL_X0Y0        BUFG (Prop_bufg_I_O)         0.091     3.483 r  clk_IBUF_BUFG_inst/O
                         net (fo=209, routed)         1.746     5.228    ram_bg/clk_IBUF_BUFG
    RAMB36_X3Y23         RAMB36E1                                     r  ram_bg/RAM_reg_1_3/CLKARDCLK

Slack:                    inf
  Source:                 usr_btn[0]
                            (input port)
  Destination:            ram_bg/RAM_reg_0_3/WEA[0]
                            (rising edge-triggered cell RAMB36E1 clocked by sys_clk_pin  {rise@0.000ns fall@5.000ns period=10.000ns})
  Path Group:             (none)
  Path Type:              Setup (Max at Slow Process Corner)
  Data Path Delay:        15.303ns  (logic 1.572ns (10.273%)  route 13.731ns (89.727%))
  Logic Levels:           2  (IBUF=1 LUT2=1)
  Clock Path Skew:        5.233ns (DCD - SCD + CPR)
    Destination Clock Delay (DCD):    5.233ns
    Source Clock Delay      (SCD):    0.000ns
    Clock Pessimism Removal (CPR):    0.000ns
  Clock Uncertainty:      0.025ns  ((TSJ^2 + TIJ^2)^1/2 + DJ) / 2 + PE
    Total System Jitter     (TSJ):    0.050ns
    Total Input Jitter      (TIJ):    0.000ns
    Discrete Jitter          (DJ):    0.000ns
    Phase Error              (PE):    0.000ns

    Location             Delay type                Incr(ns)  Path(ns)    Netlist Resource(s)
  -------------------------------------------------------------------    -------------------
    P16                                               0.000     0.000 r  usr_btn[0] (IN)
                         net (fo=0)                   0.000     0.000    usr_btn[0]
    P16                  IBUF (Prop_ibuf_I_O)         1.448     1.448 r  usr_btn_IBUF[0]_inst/O
                         net (fo=42, routed)         12.640    14.088    ram_bg/usr_led_OBUF[0]
    SLICE_X32Y113        LUT2 (Prop_lut2_I0_O)        0.124    14.212 r  ram_bg/RAM_reg_0_2_i_1/O
                         net (fo=3, routed)           1.091    15.303    ram_bg/RAM_reg_0_2_i_1_n_0
    RAMB36_X3Y22         RAMB36E1                                     r  ram_bg/RAM_reg_0_3/WEA[0]
  -------------------------------------------------------------------    -------------------

                         (clock sys_clk_pin rise edge)
                                                      0.000     0.000 r  
    Y9                                                0.000     0.000 r  clk (IN)
                         net (fo=0)                   0.000     0.000    clk
    Y9                   IBUF (Prop_ibuf_I_O)         1.420     1.420 r  clk_IBUF_inst/O
                         net (fo=1, routed)           1.972     3.392    clk_IBUF
    BUFGCTRL_X0Y0        BUFG (Prop_bufg_I_O)         0.091     3.483 r  clk_IBUF_BUFG_inst/O
                         net (fo=209, routed)         1.751     5.233    ram_bg/clk_IBUF_BUFG
    RAMB36_X3Y22         RAMB36E1                                     r  ram_bg/RAM_reg_0_3/CLKARDCLK

Slack:                    inf
  Source:                 usr_btn[0]
                            (input port)
  Destination:            ram_bg/RAM_reg_0_2/WEA[0]
                            (rising edge-triggered cell RAMB36E1 clocked by sys_clk_pin  {rise@0.000ns fall@5.000ns period=10.000ns})
  Path Group:             (none)
  Path Type:              Setup (Max at Slow Process Corner)
  Data Path Delay:        15.070ns  (logic 1.572ns (10.431%)  route 13.498ns (89.569%))
  Logic Levels:           2  (IBUF=1 LUT2=1)
  Clock Path Skew:        5.171ns (DCD - SCD + CPR)
    Destination Clock Delay (DCD):    5.171ns
    Source Clock Delay      (SCD):    0.000ns
    Clock Pessimism Removal (CPR):    0.000ns
  Clock Uncertainty:      0.025ns  ((TSJ^2 + TIJ^2)^1/2 + DJ) / 2 + PE
    Total System Jitter     (TSJ):    0.050ns
    Total Input Jitter      (TIJ):    0.000ns
    Discrete Jitter          (DJ):    0.000ns
    Phase Error              (PE):    0.000ns

    Location             Delay type                Incr(ns)  Path(ns)    Netlist Resource(s)
  -------------------------------------------------------------------    -------------------
    P16                                               0.000     0.000 r  usr_btn[0] (IN)
                         net (fo=0)                   0.000     0.000    usr_btn[0]
    P16                  IBUF (Prop_ibuf_I_O)         1.448     1.448 r  usr_btn_IBUF[0]_inst/O
                         net (fo=42, routed)         12.640    14.088    ram_bg/usr_led_OBUF[0]
    SLICE_X32Y113        LUT2 (Prop_lut2_I0_O)        0.124    14.212 r  ram_bg/RAM_reg_0_2_i_1/O
                         net (fo=3, routed)           0.858    15.070    ram_bg/RAM_reg_0_2_i_1_n_0
    RAMB36_X2Y23         RAMB36E1                                     r  ram_bg/RAM_reg_0_2/WEA[0]
  -------------------------------------------------------------------    -------------------

                         (clock sys_clk_pin rise edge)
                                                      0.000     0.000 r  
    Y9                                                0.000     0.000 r  clk (IN)
                         net (fo=0)                   0.000     0.000    clk
    Y9                   IBUF (Prop_ibuf_I_O)         1.420     1.420 r  clk_IBUF_inst/O
                         net (fo=1, routed)           1.972     3.392    clk_IBUF
    BUFGCTRL_X0Y0        BUFG (Prop_bufg_I_O)         0.091     3.483 r  clk_IBUF_BUFG_inst/O
                         net (fo=209, routed)         1.689     5.171    ram_bg/clk_IBUF_BUFG
    RAMB36_X2Y23         RAMB36E1                                     r  ram_bg/RAM_reg_0_2/CLKARDCLK

Slack:                    inf
  Source:                 usr_btn[0]
                            (input port)
  Destination:            ram_bg/RAM_reg_1_2/WEA[0]
                            (rising edge-triggered cell RAMB36E1 clocked by sys_clk_pin  {rise@0.000ns fall@5.000ns period=10.000ns})
  Path Group:             (none)
  Path Type:              Setup (Max at Slow Process Corner)
  Data Path Delay:        15.030ns  (logic 1.572ns (10.459%)  route 13.458ns (89.541%))
  Logic Levels:           2  (IBUF=1 LUT2=1)
  Clock Path Skew:        5.166ns (DCD - SCD + CPR)
    Destination Clock Delay (DCD):    5.166ns
    Source Clock Delay      (SCD):    0.000ns
    Clock Pessimism Removal (CPR):    0.000ns
  Clock Uncertainty:      0.025ns  ((TSJ^2 + TIJ^2)^1/2 + DJ) / 2 + PE
    Total System Jitter     (TSJ):    0.050ns
    Total Input Jitter      (TIJ):    0.000ns
    Discrete Jitter          (DJ):    0.000ns
    Phase Error              (PE):    0.000ns

    Location             Delay type                Incr(ns)  Path(ns)    Netlist Resource(s)
  -------------------------------------------------------------------    -------------------
    P16                                               0.000     0.000 r  usr_btn[0] (IN)
                         net (fo=0)                   0.000     0.000    usr_btn[0]
    P16                  IBUF (Prop_ibuf_I_O)         1.448     1.448 r  usr_btn_IBUF[0]_inst/O
                         net (fo=42, routed)         11.955    13.403    ram_bg/usr_led_OBUF[0]
    SLICE_X32Y97         LUT2 (Prop_lut2_I0_O)        0.124    13.527 r  ram_bg/RAM_reg_0_1_i_1/O
                         net (fo=2, routed)           1.503    15.030    ram_bg/RAM_reg_0_1_i_1_n_0
    RAMB36_X2Y24         RAMB36E1                                     r  ram_bg/RAM_reg_1_2/WEA[0]
  -------------------------------------------------------------------    -------------------

                         (clock sys_clk_pin rise edge)
                                                      0.000     0.000 r  
    Y9                                                0.000     0.000 r  clk (IN)
                         net (fo=0)                   0.000     0.000    clk
    Y9                   IBUF (Prop_ibuf_I_O)         1.420     1.420 r  clk_IBUF_inst/O
                         net (fo=1, routed)           1.972     3.392    clk_IBUF
    BUFGCTRL_X0Y0        BUFG (Prop_bufg_I_O)         0.091     3.483 r  clk_IBUF_BUFG_inst/O
                         net (fo=209, routed)         1.684     5.166    ram_bg/clk_IBUF_BUFG
    RAMB36_X2Y24         RAMB36E1                                     r  ram_bg/RAM_reg_1_2/CLKARDCLK

Slack:                    inf
  Source:                 usr_btn[0]
                            (input port)
  Destination:            ram_bg/RAM_reg_1_0/WEA[0]
                            (rising edge-triggered cell RAMB36E1 clocked by sys_clk_pin  {rise@0.000ns fall@5.000ns period=10.000ns})
  Path Group:             (none)
  Path Type:              Setup (Max at Slow Process Corner)
  Data Path Delay:        14.930ns  (logic 1.572ns (10.529%)  route 13.358ns (89.471%))
  Logic Levels:           2  (IBUF=1 LUT2=1)
  Clock Path Skew:        5.176ns (DCD - SCD + CPR)
    Destination Clock Delay (DCD):    5.176ns
    Source Clock Delay      (SCD):    0.000ns
    Clock Pessimism Removal (CPR):    0.000ns
  Clock Uncertainty:      0.025ns  ((TSJ^2 + TIJ^2)^1/2 + DJ) / 2 + PE
    Total System Jitter     (TSJ):    0.050ns
    Total Input Jitter      (TIJ):    0.000ns
    Discrete Jitter          (DJ):    0.000ns
    Phase Error              (PE):    0.000ns

    Location             Delay type                Incr(ns)  Path(ns)    Netlist Resource(s)
  -------------------------------------------------------------------    -------------------
    P16                                               0.000     0.000 r  usr_btn[0] (IN)
                         net (fo=0)                   0.000     0.000    usr_btn[0]
    P16                  IBUF (Prop_ibuf_I_O)         1.448     1.448 r  usr_btn_IBUF[0]_inst/O
                         net (fo=42, routed)         12.161    13.610    ram_bg/usr_led_OBUF[0]
    SLICE_X32Y103        LUT2 (Prop_lut2_I0_O)        0.124    13.734 r  ram_bg/RAM_reg_0_0_i_2/O
                         net (fo=3, routed)           1.197    14.930    ram_bg/RAM_reg_0_0_i_2_n_0
    RAMB36_X2Y22         RAMB36E1                                     r  ram_bg/RAM_reg_1_0/WEA[0]
  -------------------------------------------------------------------    -------------------

                         (clock sys_clk_pin rise edge)
                                                      0.000     0.000 r  
    Y9                                                0.000     0.000 r  clk (IN)
                         net (fo=0)                   0.000     0.000    clk
    Y9                   IBUF (Prop_ibuf_I_O)         1.420     1.420 r  clk_IBUF_inst/O
                         net (fo=1, routed)           1.972     3.392    clk_IBUF
    BUFGCTRL_X0Y0        BUFG (Prop_bufg_I_O)         0.091     3.483 r  clk_IBUF_BUFG_inst/O
                         net (fo=209, routed)         1.694     5.176    ram_bg/clk_IBUF_BUFG
    RAMB36_X2Y22         RAMB36E1                                     r  ram_bg/RAM_reg_1_0/CLKARDCLK

Slack:                    inf
  Source:                 usr_btn[0]
                            (input port)
  Destination:            ram_bg/RAM_reg_0_0/WEA[0]
                            (rising edge-triggered cell RAMB36E1 clocked by sys_clk_pin  {rise@0.000ns fall@5.000ns period=10.000ns})
  Path Group:             (none)
  Path Type:              Setup (Max at Slow Process Corner)
  Data Path Delay:        14.689ns  (logic 1.572ns (10.702%)  route 13.117ns (89.298%))
  Logic Levels:           2  (IBUF=1 LUT2=1)
  Clock Path Skew:        5.180ns (DCD - SCD + CPR)
    Destination Clock Delay (DCD):    5.180ns
    Source Clock Delay      (SCD):    0.000ns
    Clock Pessimism Removal (CPR):    0.000ns
  Clock Uncertainty:      0.025ns  ((TSJ^2 + TIJ^2)^1/2 + DJ) / 2 + PE
    Total System Jitter     (TSJ):    0.050ns
    Total Input Jitter      (TIJ):    0.000ns
    Discrete Jitter          (DJ):    0.000ns
    Phase Error              (PE):    0.000ns

    Location             Delay type                Incr(ns)  Path(ns)    Netlist Resource(s)
  -------------------------------------------------------------------    -------------------
    P16                                               0.000     0.000 r  usr_btn[0] (IN)
                         net (fo=0)                   0.000     0.000    usr_btn[0]
    P16                  IBUF (Prop_ibuf_I_O)         1.448     1.448 r  usr_btn_IBUF[0]_inst/O
                         net (fo=42, routed)         12.161    13.610    ram_bg/usr_led_OBUF[0]
    SLICE_X32Y103        LUT2 (Prop_lut2_I0_O)        0.124    13.734 r  ram_bg/RAM_reg_0_0_i_2/O
                         net (fo=3, routed)           0.956    14.689    ram_bg/RAM_reg_0_0_i_2_n_0
    RAMB36_X2Y21         RAMB36E1                                     r  ram_bg/RAM_reg_0_0/WEA[0]
  -------------------------------------------------------------------    -------------------

                         (clock sys_clk_pin rise edge)
                                                      0.000     0.000 r  
    Y9                                                0.000     0.000 r  clk (IN)
                         net (fo=0)                   0.000     0.000    clk
    Y9                   IBUF (Prop_ibuf_I_O)         1.420     1.420 r  clk_IBUF_inst/O
                         net (fo=1, routed)           1.972     3.392    clk_IBUF
    BUFGCTRL_X0Y0        BUFG (Prop_bufg_I_O)         0.091     3.483 r  clk_IBUF_BUFG_inst/O
                         net (fo=209, routed)         1.698     5.180    ram_bg/clk_IBUF_BUFG
    RAMB36_X2Y21         RAMB36E1                                     r  ram_bg/RAM_reg_0_0/CLKARDCLK

Slack:                    inf
  Source:                 usr_btn[0]
                            (input port)
  Destination:            ram_bg/RAM_reg_1_1/WEA[0]
                            (rising edge-triggered cell RAMB36E1 clocked by sys_clk_pin  {rise@0.000ns fall@5.000ns period=10.000ns})
  Path Group:             (none)
  Path Type:              Setup (Max at Slow Process Corner)
  Data Path Delay:        14.348ns  (logic 1.572ns (10.956%)  route 12.776ns (89.044%))
  Logic Levels:           2  (IBUF=1 LUT2=1)
  Clock Path Skew:        5.181ns (DCD - SCD + CPR)
    Destination Clock Delay (DCD):    5.181ns
    Source Clock Delay      (SCD):    0.000ns
    Clock Pessimism Removal (CPR):    0.000ns
  Clock Uncertainty:      0.025ns  ((TSJ^2 + TIJ^2)^1/2 + DJ) / 2 + PE
    Total System Jitter     (TSJ):    0.050ns
    Total Input Jitter      (TIJ):    0.000ns
    Discrete Jitter          (DJ):    0.000ns
    Phase Error              (PE):    0.000ns

    Location             Delay type                Incr(ns)  Path(ns)    Netlist Resource(s)
  -------------------------------------------------------------------    -------------------
    P16                                               0.000     0.000 r  usr_btn[0] (IN)
                         net (fo=0)                   0.000     0.000    usr_btn[0]
    P16                  IBUF (Prop_ibuf_I_O)         1.448     1.448 r  usr_btn_IBUF[0]_inst/O
                         net (fo=42, routed)         12.161    13.610    ram_bg/usr_led_OBUF[0]
    SLICE_X32Y103        LUT2 (Prop_lut2_I0_O)        0.124    13.734 r  ram_bg/RAM_reg_0_0_i_2/O
                         net (fo=3, routed)           0.615    14.348    ram_bg/RAM_reg_0_0_i_2_n_0
    RAMB36_X2Y20         RAMB36E1                                     r  ram_bg/RAM_reg_1_1/WEA[0]
  -------------------------------------------------------------------    -------------------

                         (clock sys_clk_pin rise edge)
                                                      0.000     0.000 r  
    Y9                                                0.000     0.000 r  clk (IN)
                         net (fo=0)                   0.000     0.000    clk
    Y9                   IBUF (Prop_ibuf_I_O)         1.420     1.420 r  clk_IBUF_inst/O
                         net (fo=1, routed)           1.972     3.392    clk_IBUF
    BUFGCTRL_X0Y0        BUFG (Prop_bufg_I_O)         0.091     3.483 r  clk_IBUF_BUFG_inst/O
                         net (fo=209, routed)         1.699     5.181    ram_bg/clk_IBUF_BUFG
    RAMB36_X2Y20         RAMB36E1                                     r  ram_bg/RAM_reg_1_1/CLKARDCLK

Slack:                    inf
  Source:                 usr_btn[0]
                            (input port)
  Destination:            ram_bg/RAM_reg_0_1/WEA[0]
                            (rising edge-triggered cell RAMB36E1 clocked by sys_clk_pin  {rise@0.000ns fall@5.000ns period=10.000ns})
  Path Group:             (none)
  Path Type:              Setup (Max at Slow Process Corner)
  Data Path Delay:        14.124ns  (logic 1.572ns (11.131%)  route 12.552ns (88.869%))
  Logic Levels:           2  (IBUF=1 LUT2=1)
  Clock Path Skew:        5.008ns (DCD - SCD + CPR)
    Destination Clock Delay (DCD):    5.008ns
    Source Clock Delay      (SCD):    0.000ns
    Clock Pessimism Removal (CPR):    0.000ns
  Clock Uncertainty:      0.025ns  ((TSJ^2 + TIJ^2)^1/2 + DJ) / 2 + PE
    Total System Jitter     (TSJ):    0.050ns
    Total Input Jitter      (TIJ):    0.000ns
    Discrete Jitter          (DJ):    0.000ns
    Phase Error              (PE):    0.000ns

    Location             Delay type                Incr(ns)  Path(ns)    Netlist Resource(s)
  -------------------------------------------------------------------    -------------------
    P16                                               0.000     0.000 r  usr_btn[0] (IN)
                         net (fo=0)                   0.000     0.000    usr_btn[0]
    P16                  IBUF (Prop_ibuf_I_O)         1.448     1.448 r  usr_btn_IBUF[0]_inst/O
                         net (fo=42, routed)         11.955    13.403    ram_bg/usr_led_OBUF[0]
    SLICE_X32Y97         LUT2 (Prop_lut2_I0_O)        0.124    13.527 r  ram_bg/RAM_reg_0_1_i_1/O
                         net (fo=2, routed)           0.596    14.124    ram_bg/RAM_reg_0_1_i_1_n_0
    RAMB36_X2Y19         RAMB36E1                                     r  ram_bg/RAM_reg_0_1/WEA[0]
  -------------------------------------------------------------------    -------------------

                         (clock sys_clk_pin rise edge)
                                                      0.000     0.000 r  
    Y9                                                0.000     0.000 r  clk (IN)
                         net (fo=0)                   0.000     0.000    clk
    Y9                   IBUF (Prop_ibuf_I_O)         1.420     1.420 r  clk_IBUF_inst/O
                         net (fo=1, routed)           1.972     3.392    clk_IBUF
    BUFGCTRL_X0Y0        BUFG (Prop_bufg_I_O)         0.091     3.483 r  clk_IBUF_BUFG_inst/O
                         net (fo=209, routed)         1.525     5.008    ram_bg/clk_IBUF_BUFG
    RAMB36_X2Y19         RAMB36E1                                     r  ram_bg/RAM_reg_0_1/CLKARDCLK

Slack:                    inf
  Source:                 usr_btn[0]
                            (input port)
  Destination:            ram_fw/RAM_reg_1_7/WEA[0]
                            (rising edge-triggered cell RAMB36E1 clocked by sys_clk_pin  {rise@0.000ns fall@5.000ns period=10.000ns})
  Path Group:             (none)
  Path Type:              Setup (Max at Slow Process Corner)
  Data Path Delay:        12.691ns  (logic 1.448ns (11.410%)  route 11.243ns (88.590%))
  Logic Levels:           1  (IBUF=1)
  Clock Path Skew:        5.004ns (DCD - SCD + CPR)
    Destination Clock Delay (DCD):    5.004ns
    Source Clock Delay      (SCD):    0.000ns
    Clock Pessimism Removal (CPR):    0.000ns
  Clock Uncertainty:      0.025ns  ((TSJ^2 + TIJ^2)^1/2 + DJ) / 2 + PE
    Total System Jitter     (TSJ):    0.050ns
    Total Input Jitter      (TIJ):    0.000ns
    Discrete Jitter          (DJ):    0.000ns
    Phase Error              (PE):    0.000ns

    Location             Delay type                Incr(ns)  Path(ns)    Netlist Resource(s)
  -------------------------------------------------------------------    -------------------
    P16                                               0.000     0.000 r  usr_btn[0] (IN)
                         net (fo=0)                   0.000     0.000    usr_btn[0]
    P16                  IBUF (Prop_ibuf_I_O)         1.448     1.448 r  usr_btn_IBUF[0]_inst/O
                         net (fo=42, routed)         11.243    12.691    ram_fw/usr_led_OBUF[0]
    RAMB36_X2Y17         RAMB36E1                                     r  ram_fw/RAM_reg_1_7/WEA[0]
  -------------------------------------------------------------------    -------------------

                         (clock sys_clk_pin rise edge)
                                                      0.000     0.000 r  
    Y9                                                0.000     0.000 r  clk (IN)
                         net (fo=0)                   0.000     0.000    clk
    Y9                   IBUF (Prop_ibuf_I_O)         1.420     1.420 r  clk_IBUF_inst/O
                         net (fo=1, routed)           1.972     3.392    clk_IBUF
    BUFGCTRL_X0Y0        BUFG (Prop_bufg_I_O)         0.091     3.483 r  clk_IBUF_BUFG_inst/O
                         net (fo=209, routed)         1.521     5.004    ram_fw/clk_IBUF_BUFG
    RAMB36_X2Y17         RAMB36E1                                     r  ram_fw/RAM_reg_1_7/CLKARDCLK

Slack:                    inf
  Source:                 usr_btn[0]
                            (input port)
  Destination:            ram_fw/RAM_reg_0_7/WEA[0]
                            (rising edge-triggered cell RAMB36E1 clocked by sys_clk_pin  {rise@0.000ns fall@5.000ns period=10.000ns})
  Path Group:             (none)
  Path Type:              Setup (Max at Slow Process Corner)
  Data Path Delay:        12.647ns  (logic 1.448ns (11.449%)  route 11.199ns (88.551%))
  Logic Levels:           1  (IBUF=1)
  Clock Path Skew:        5.000ns (DCD - SCD + CPR)
    Destination Clock Delay (DCD):    5.000ns
    Source Clock Delay      (SCD):    0.000ns
    Clock Pessimism Removal (CPR):    0.000ns
  Clock Uncertainty:      0.025ns  ((TSJ^2 + TIJ^2)^1/2 + DJ) / 2 + PE
    Total System Jitter     (TSJ):    0.050ns
    Total Input Jitter      (TIJ):    0.000ns
    Discrete Jitter          (DJ):    0.000ns
    Phase Error              (PE):    0.000ns

    Location             Delay type                Incr(ns)  Path(ns)    Netlist Resource(s)
  -------------------------------------------------------------------    -------------------
    P16                                               0.000     0.000 r  usr_btn[0] (IN)
                         net (fo=0)                   0.000     0.000    usr_btn[0]
    P16                  IBUF (Prop_ibuf_I_O)         1.448     1.448 r  usr_btn_IBUF[0]_inst/O
                         net (fo=42, routed)         11.199    12.647    ram_fw/usr_led_OBUF[0]
    RAMB36_X2Y16         RAMB36E1                                     r  ram_fw/RAM_reg_0_7/WEA[0]
  -------------------------------------------------------------------    -------------------

                         (clock sys_clk_pin rise edge)
                                                      0.000     0.000 r  
    Y9                                                0.000     0.000 r  clk (IN)
                         net (fo=0)                   0.000     0.000    clk
    Y9                   IBUF (Prop_ibuf_I_O)         1.420     1.420 r  clk_IBUF_inst/O
                         net (fo=1, routed)           1.972     3.392    clk_IBUF
    BUFGCTRL_X0Y0        BUFG (Prop_bufg_I_O)         0.091     3.483 r  clk_IBUF_BUFG_inst/O
                         net (fo=209, routed)         1.517     5.000    ram_fw/clk_IBUF_BUFG
    RAMB36_X2Y16         RAMB36E1                                     r  ram_fw/RAM_reg_0_7/CLKARDCLK





Min Delay Paths
--------------------------------------------------------------------------------------
Slack:                    inf
  Source:                 vs0/h_count_reg_reg[4]/C
                            (rising edge-triggered cell FDRE)
  Destination:            pixel_bg_addr_reg[3]/D
                            (rising edge-triggered cell FDRE clocked by sys_clk_pin  {rise@0.000ns fall@5.000ns period=10.000ns})
  Path Group:             (none)
  Path Type:              Hold (Min at Fast Process Corner)
  Data Path Delay:        0.413ns  (logic 0.141ns (34.113%)  route 0.272ns (65.887%))
  Logic Levels:           1  (FDRE=1)
  Clock Uncertainty:      0.025ns  ((TSJ^2 + TIJ^2)^1/2 + DJ) / 2 + PE
    Total System Jitter     (TSJ):    0.050ns
    Total Input Jitter      (TIJ):    0.000ns
    Discrete Jitter          (DJ):    0.000ns
    Phase Error              (PE):    0.000ns

    Location             Delay type                Incr(ns)  Path(ns)    Netlist Resource(s)
  -------------------------------------------------------------------    -------------------
    SLICE_X57Y79         FDRE                         0.000     0.000 r  vs0/h_count_reg_reg[4]/C
    SLICE_X57Y79         FDRE (Prop_fdre_C_Q)         0.141     0.141 r  vs0/h_count_reg_reg[4]/Q
                         net (fo=25, routed)          0.272     0.413    pixel_x[4]
    SLICE_X60Y78         FDRE                                         r  pixel_bg_addr_reg[3]/D
  -------------------------------------------------------------------    -------------------

                         (clock sys_clk_pin rise edge)
                                                      0.000     0.000 r  
    Y9                                                0.000     0.000 r  clk (IN)
                         net (fo=0)                   0.000     0.000    clk
    Y9                   IBUF (Prop_ibuf_I_O)         0.446     0.446 r  clk_IBUF_inst/O
                         net (fo=1, routed)           0.719     1.165    clk_IBUF
    BUFGCTRL_X0Y0        BUFG (Prop_bufg_I_O)         0.029     1.194 r  clk_IBUF_BUFG_inst/O
                         net (fo=209, routed)         0.838     2.032    clk_IBUF_BUFG
    SLICE_X60Y78         FDRE                                         r  pixel_bg_addr_reg[3]/C

Slack:                    inf
  Source:                 vs0/h_count_reg_reg[2]/C
                            (rising edge-triggered cell FDRE)
  Destination:            pixel_bg_addr_reg[1]/D
                            (rising edge-triggered cell FDRE clocked by sys_clk_pin  {rise@0.000ns fall@5.000ns period=10.000ns})
  Path Group:             (none)
  Path Type:              Hold (Min at Fast Process Corner)
  Data Path Delay:        0.435ns  (logic 0.164ns (37.714%)  route 0.271ns (62.286%))
  Logic Levels:           1  (FDRE=1)
  Clock Uncertainty:      0.025ns  ((TSJ^2 + TIJ^2)^1/2 + DJ) / 2 + PE
    Total System Jitter     (TSJ):    0.050ns
    Total Input Jitter      (TIJ):    0.000ns
    Discrete Jitter          (DJ):    0.000ns
    Phase Error              (PE):    0.000ns

    Location             Delay type                Incr(ns)  Path(ns)    Netlist Resource(s)
  -------------------------------------------------------------------    -------------------
    SLICE_X54Y78         FDRE                         0.000     0.000 r  vs0/h_count_reg_reg[2]/C
    SLICE_X54Y78         FDRE (Prop_fdre_C_Q)         0.164     0.164 r  vs0/h_count_reg_reg[2]/Q
                         net (fo=25, routed)          0.271     0.435    pixel_x[2]
    SLICE_X60Y78         FDRE                                         r  pixel_bg_addr_reg[1]/D
  -------------------------------------------------------------------    -------------------

                         (clock sys_clk_pin rise edge)
                                                      0.000     0.000 r  
    Y9                                                0.000     0.000 r  clk (IN)
                         net (fo=0)                   0.000     0.000    clk
    Y9                   IBUF (Prop_ibuf_I_O)         0.446     0.446 r  clk_IBUF_inst/O
                         net (fo=1, routed)           0.719     1.165    clk_IBUF
    BUFGCTRL_X0Y0        BUFG (Prop_bufg_I_O)         0.029     1.194 r  clk_IBUF_BUFG_inst/O
                         net (fo=209, routed)         0.838     2.032    clk_IBUF_BUFG
    SLICE_X60Y78         FDRE                                         r  pixel_bg_addr_reg[1]/C

Slack:                    inf
  Source:                 vs0/h_count_reg_reg[1]/C
                            (rising edge-triggered cell FDRE)
  Destination:            pixel_bg_addr_reg[0]/D
                            (rising edge-triggered cell FDRE clocked by sys_clk_pin  {rise@0.000ns fall@5.000ns period=10.000ns})
  Path Group:             (none)
  Path Type:              Hold (Min at Fast Process Corner)
  Data Path Delay:        0.439ns  (logic 0.128ns (29.147%)  route 0.311ns (70.853%))
  Logic Levels:           1  (FDRE=1)
  Clock Uncertainty:      0.025ns  ((TSJ^2 + TIJ^2)^1/2 + DJ) / 2 + PE
    Total System Jitter     (TSJ):    0.050ns
    Total Input Jitter      (TIJ):    0.000ns
    Discrete Jitter          (DJ):    0.000ns
    Phase Error              (PE):    0.000ns

    Location             Delay type                Incr(ns)  Path(ns)    Netlist Resource(s)
  -------------------------------------------------------------------    -------------------
    SLICE_X55Y79         FDRE                         0.000     0.000 r  vs0/h_count_reg_reg[1]/C
    SLICE_X55Y79         FDRE (Prop_fdre_C_Q)         0.128     0.128 r  vs0/h_count_reg_reg[1]/Q
                         net (fo=22, routed)          0.311     0.439    pixel_x[1]
    SLICE_X59Y81         FDRE                                         r  pixel_bg_addr_reg[0]/D
  -------------------------------------------------------------------    -------------------

                         (clock sys_clk_pin rise edge)
                                                      0.000     0.000 r  
    Y9                                                0.000     0.000 r  clk (IN)
                         net (fo=0)                   0.000     0.000    clk
    Y9                   IBUF (Prop_ibuf_I_O)         0.446     0.446 r  clk_IBUF_inst/O
                         net (fo=1, routed)           0.719     1.165    clk_IBUF
    BUFGCTRL_X0Y0        BUFG (Prop_bufg_I_O)         0.029     1.194 r  clk_IBUF_BUFG_inst/O
                         net (fo=209, routed)         0.840     2.034    clk_IBUF_BUFG
    SLICE_X59Y81         FDRE                                         r  pixel_bg_addr_reg[0]/C

Slack:                    inf
  Source:                 vs0/h_count_reg_reg[5]/C
                            (rising edge-triggered cell FDRE)
  Destination:            pixel_moon_addr_reg[4]/D
                            (rising edge-triggered cell FDRE clocked by sys_clk_pin  {rise@0.000ns fall@5.000ns period=10.000ns})
  Path Group:             (none)
  Path Type:              Hold (Min at Fast Process Corner)
  Data Path Delay:        0.448ns  (logic 0.274ns (61.122%)  route 0.174ns (38.878%))
  Logic Levels:           3  (CARRY4=1 FDRE=1 LUT2=1)
  Clock Uncertainty:      0.025ns  ((TSJ^2 + TIJ^2)^1/2 + DJ) / 2 + PE
    Total System Jitter     (TSJ):    0.050ns
    Total Input Jitter      (TIJ):    0.000ns
    Discrete Jitter          (DJ):    0.000ns
    Phase Error              (PE):    0.000ns

    Location             Delay type                Incr(ns)  Path(ns)    Netlist Resource(s)
  -------------------------------------------------------------------    -------------------
    SLICE_X54Y79         FDRE                         0.000     0.000 r  vs0/h_count_reg_reg[5]/C
    SLICE_X54Y79         FDRE (Prop_fdre_C_Q)         0.164     0.164 r  vs0/h_count_reg_reg[5]/Q
                         net (fo=24, routed)          0.174     0.338    vs0/Q[4]
    SLICE_X56Y78         LUT2 (Prop_lut2_I0_O)        0.045     0.383 r  vs0/pixel_moon_addr[4]_i_4/O
                         net (fo=1, routed)           0.000     0.383    vs0/pixel_moon_addr[4]_i_4_n_0
    SLICE_X56Y78         CARRY4 (Prop_carry4_S[1]_O[1])
                                                      0.065     0.448 r  vs0/pixel_moon_addr_reg[4]_i_1/O[1]
                         net (fo=1, routed)           0.000     0.448    pixel_moon_addr1[4]
    SLICE_X56Y78         FDRE                                         r  pixel_moon_addr_reg[4]/D
  -------------------------------------------------------------------    -------------------

                         (clock sys_clk_pin rise edge)
                                                      0.000     0.000 r  
    Y9                                                0.000     0.000 r  clk (IN)
                         net (fo=0)                   0.000     0.000    clk
    Y9                   IBUF (Prop_ibuf_I_O)         0.446     0.446 r  clk_IBUF_inst/O
                         net (fo=1, routed)           0.719     1.165    clk_IBUF
    BUFGCTRL_X0Y0        BUFG (Prop_bufg_I_O)         0.029     1.194 r  clk_IBUF_BUFG_inst/O
                         net (fo=209, routed)         0.837     2.031    clk_IBUF_BUFG
    SLICE_X56Y78         FDRE                                         r  pixel_moon_addr_reg[4]/C

Slack:                    inf
  Source:                 vs0/h_count_reg_reg[2]/C
                            (rising edge-triggered cell FDRE)
  Destination:            pixel_moon_addr_reg[2]/D
                            (rising edge-triggered cell FDRE clocked by sys_clk_pin  {rise@0.000ns fall@5.000ns period=10.000ns})
  Path Group:             (none)
  Path Type:              Hold (Min at Fast Process Corner)
  Data Path Delay:        0.471ns  (logic 0.291ns (61.846%)  route 0.180ns (38.154%))
  Logic Levels:           2  (CARRY4=1 FDRE=1)
  Clock Uncertainty:      0.025ns  ((TSJ^2 + TIJ^2)^1/2 + DJ) / 2 + PE
    Total System Jitter     (TSJ):    0.050ns
    Total Input Jitter      (TIJ):    0.000ns
    Discrete Jitter          (DJ):    0.000ns
    Phase Error              (PE):    0.000ns

    Location             Delay type                Incr(ns)  Path(ns)    Netlist Resource(s)
  -------------------------------------------------------------------    -------------------
    SLICE_X54Y78         FDRE                         0.000     0.000 r  vs0/h_count_reg_reg[2]/C
    SLICE_X54Y78         FDRE (Prop_fdre_C_Q)         0.164     0.164 r  vs0/h_count_reg_reg[2]/Q
                         net (fo=25, routed)          0.180     0.344    vs0/Q[1]
    SLICE_X56Y77         CARRY4 (Prop_carry4_DI[2]_O[3])
                                                      0.127     0.471 r  vs0/pixel_moon_addr_reg[2]_i_1/O[3]
                         net (fo=1, routed)           0.000     0.471    pixel_moon_addr1[2]
    SLICE_X56Y77         FDRE                                         r  pixel_moon_addr_reg[2]/D
  -------------------------------------------------------------------    -------------------

                         (clock sys_clk_pin rise edge)
                                                      0.000     0.000 r  
    Y9                                                0.000     0.000 r  clk (IN)
                         net (fo=0)                   0.000     0.000    clk
    Y9                   IBUF (Prop_ibuf_I_O)         0.446     0.446 r  clk_IBUF_inst/O
                         net (fo=1, routed)           0.719     1.165    clk_IBUF
    BUFGCTRL_X0Y0        BUFG (Prop_bufg_I_O)         0.029     1.194 r  clk_IBUF_BUFG_inst/O
                         net (fo=209, routed)         0.836     2.030    clk_IBUF_BUFG
    SLICE_X56Y77         FDRE                                         r  pixel_moon_addr_reg[2]/C

Slack:                    inf
  Source:                 vs0/v_count_reg_reg[5]/C
                            (rising edge-triggered cell FDRE)
  Destination:            pixel_moon_addr_reg[11]/D
                            (rising edge-triggered cell FDRE clocked by sys_clk_pin  {rise@0.000ns fall@5.000ns period=10.000ns})
  Path Group:             (none)
  Path Type:              Hold (Min at Fast Process Corner)
  Data Path Delay:        0.489ns  (logic 0.310ns (63.378%)  route 0.179ns (36.622%))
  Logic Levels:           2  (CARRY4=1 FDRE=1)
  Clock Uncertainty:      0.025ns  ((TSJ^2 + TIJ^2)^1/2 + DJ) / 2 + PE
    Total System Jitter     (TSJ):    0.050ns
    Total Input Jitter      (TIJ):    0.000ns
    Discrete Jitter          (DJ):    0.000ns
    Phase Error              (PE):    0.000ns

    Location             Delay type                Incr(ns)  Path(ns)    Netlist Resource(s)
  -------------------------------------------------------------------    -------------------
    SLICE_X58Y80         FDRE                         0.000     0.000 r  vs0/v_count_reg_reg[5]/C
    SLICE_X58Y80         FDRE (Prop_fdre_C_Q)         0.164     0.164 r  vs0/v_count_reg_reg[5]/Q
                         net (fo=19, routed)          0.179     0.343    vs0/pixel_y__0[5]
    SLICE_X56Y81         CARRY4 (Prop_carry4_DI[1]_O[2])
                                                      0.146     0.489 r  vs0/pixel_moon_addr_reg[11]_i_1/O[2]
                         net (fo=1, routed)           0.000     0.489    vs0_n_4
    SLICE_X56Y81         FDRE                                         r  pixel_moon_addr_reg[11]/D
  -------------------------------------------------------------------    -------------------

                         (clock sys_clk_pin rise edge)
                                                      0.000     0.000 r  
    Y9                                                0.000     0.000 r  clk (IN)
                         net (fo=0)                   0.000     0.000    clk
    Y9                   IBUF (Prop_ibuf_I_O)         0.446     0.446 r  clk_IBUF_inst/O
                         net (fo=1, routed)           0.719     1.165    clk_IBUF
    BUFGCTRL_X0Y0        BUFG (Prop_bufg_I_O)         0.029     1.194 r  clk_IBUF_BUFG_inst/O
                         net (fo=209, routed)         0.840     2.034    clk_IBUF_BUFG
    SLICE_X56Y81         FDRE                                         r  pixel_moon_addr_reg[11]/C

Slack:                    inf
  Source:                 vs0/v_count_reg_reg[1]/C
                            (rising edge-triggered cell FDRE)
  Destination:            pixel_moon_addr_reg[6]/D
                            (rising edge-triggered cell FDRE clocked by sys_clk_pin  {rise@0.000ns fall@5.000ns period=10.000ns})
  Path Group:             (none)
  Path Type:              Hold (Min at Fast Process Corner)
  Data Path Delay:        0.501ns  (logic 0.311ns (62.119%)  route 0.190ns (37.881%))
  Logic Levels:           3  (CARRY4=1 FDRE=1 LUT2=1)
  Clock Uncertainty:      0.025ns  ((TSJ^2 + TIJ^2)^1/2 + DJ) / 2 + PE
    Total System Jitter     (TSJ):    0.050ns
    Total Input Jitter      (TIJ):    0.000ns
    Discrete Jitter          (DJ):    0.000ns
    Phase Error              (PE):    0.000ns

    Location             Delay type                Incr(ns)  Path(ns)    Netlist Resource(s)
  -------------------------------------------------------------------    -------------------
    SLICE_X58Y79         FDRE                         0.000     0.000 r  vs0/v_count_reg_reg[1]/C
    SLICE_X58Y79         FDRE (Prop_fdre_C_Q)         0.148     0.148 r  vs0/v_count_reg_reg[1]/Q
                         net (fo=17, routed)          0.190     0.338    vs0/v_count_reg_reg[6]_0[0]
    SLICE_X56Y80         LUT2 (Prop_lut2_I0_O)        0.098     0.436 r  vs0/pixel_moon_addr[8]_i_4/O
                         net (fo=1, routed)           0.000     0.436    vs0/pixel_moon_addr[8]_i_4_n_0
    SLICE_X56Y80         CARRY4 (Prop_carry4_S[1]_O[1])
                                                      0.065     0.501 r  vs0/pixel_moon_addr_reg[8]_i_1/O[1]
                         net (fo=1, routed)           0.000     0.501    vs0_n_9
    SLICE_X56Y80         FDRE                                         r  pixel_moon_addr_reg[6]/D
  -------------------------------------------------------------------    -------------------

                         (clock sys_clk_pin rise edge)
                                                      0.000     0.000 r  
    Y9                                                0.000     0.000 r  clk (IN)
                         net (fo=0)                   0.000     0.000    clk
    Y9                   IBUF (Prop_ibuf_I_O)         0.446     0.446 r  clk_IBUF_inst/O
                         net (fo=1, routed)           0.719     1.165    clk_IBUF
    BUFGCTRL_X0Y0        BUFG (Prop_bufg_I_O)         0.029     1.194 r  clk_IBUF_BUFG_inst/O
                         net (fo=209, routed)         0.839     2.033    clk_IBUF_BUFG
    SLICE_X56Y80         FDRE                                         r  pixel_moon_addr_reg[6]/C

Slack:                    inf
  Source:                 vs0/h_count_reg_reg[5]/C
                            (rising edge-triggered cell FDRE)
  Destination:            pixel_bg_addr_reg[4]/D
                            (rising edge-triggered cell FDRE clocked by sys_clk_pin  {rise@0.000ns fall@5.000ns period=10.000ns})
  Path Group:             (none)
  Path Type:              Hold (Min at Fast Process Corner)
  Data Path Delay:        0.514ns  (logic 0.164ns (31.910%)  route 0.350ns (68.090%))
  Logic Levels:           1  (FDRE=1)
  Clock Uncertainty:      0.025ns  ((TSJ^2 + TIJ^2)^1/2 + DJ) / 2 + PE
    Total System Jitter     (TSJ):    0.050ns
    Total Input Jitter      (TIJ):    0.000ns
    Discrete Jitter          (DJ):    0.000ns
    Phase Error              (PE):    0.000ns

    Location             Delay type                Incr(ns)  Path(ns)    Netlist Resource(s)
  -------------------------------------------------------------------    -------------------
    SLICE_X54Y79         FDRE                         0.000     0.000 r  vs0/h_count_reg_reg[5]/C
    SLICE_X54Y79         FDRE (Prop_fdre_C_Q)         0.164     0.164 r  vs0/h_count_reg_reg[5]/Q
                         net (fo=24, routed)          0.350     0.514    pixel_x[5]
    SLICE_X60Y81         FDRE                                         r  pixel_bg_addr_reg[4]/D
  -------------------------------------------------------------------    -------------------

                         (clock sys_clk_pin rise edge)
                                                      0.000     0.000 r  
    Y9                                                0.000     0.000 r  clk (IN)
                         net (fo=0)                   0.000     0.000    clk
    Y9                   IBUF (Prop_ibuf_I_O)         0.446     0.446 r  clk_IBUF_inst/O
                         net (fo=1, routed)           0.719     1.165    clk_IBUF
    BUFGCTRL_X0Y0        BUFG (Prop_bufg_I_O)         0.029     1.194 r  clk_IBUF_BUFG_inst/O
                         net (fo=209, routed)         0.841     2.035    clk_IBUF_BUFG
    SLICE_X60Y81         FDRE                                         r  pixel_bg_addr_reg[4]/C

Slack:                    inf
  Source:                 vs0/h_count_reg_reg[2]/C
                            (rising edge-triggered cell FDRE)
  Destination:            pixel_moon_addr_reg[3]/D
                            (rising edge-triggered cell FDRE clocked by sys_clk_pin  {rise@0.000ns fall@5.000ns period=10.000ns})
  Path Group:             (none)
  Path Type:              Hold (Min at Fast Process Corner)
  Data Path Delay:        0.515ns  (logic 0.335ns (65.108%)  route 0.180ns (34.892%))
  Logic Levels:           3  (CARRY4=2 FDRE=1)
  Clock Uncertainty:      0.025ns  ((TSJ^2 + TIJ^2)^1/2 + DJ) / 2 + PE
    Total System Jitter     (TSJ):    0.050ns
    Total Input Jitter      (TIJ):    0.000ns
    Discrete Jitter          (DJ):    0.000ns
    Phase Error              (PE):    0.000ns

    Location             Delay type                Incr(ns)  Path(ns)    Netlist Resource(s)
  -------------------------------------------------------------------    -------------------
    SLICE_X54Y78         FDRE                         0.000     0.000 r  vs0/h_count_reg_reg[2]/C
    SLICE_X54Y78         FDRE (Prop_fdre_C_Q)         0.164     0.164 r  vs0/h_count_reg_reg[2]/Q
                         net (fo=25, routed)          0.180     0.344    vs0/Q[1]
    SLICE_X56Y77         CARRY4 (Prop_carry4_DI[2]_CO[3])
                                                      0.117     0.461 r  vs0/pixel_moon_addr_reg[2]_i_1/CO[3]
                         net (fo=1, routed)           0.000     0.461    vs0/pixel_moon_addr_reg[2]_i_1_n_0
    SLICE_X56Y78         CARRY4 (Prop_carry4_CI_O[0])
                                                      0.054     0.515 r  vs0/pixel_moon_addr_reg[4]_i_1/O[0]
                         net (fo=1, routed)           0.000     0.515    pixel_moon_addr1[3]
    SLICE_X56Y78         FDRE                                         r  pixel_moon_addr_reg[3]/D
  -------------------------------------------------------------------    -------------------

                         (clock sys_clk_pin rise edge)
                                                      0.000     0.000 r  
    Y9                                                0.000     0.000 r  clk (IN)
                         net (fo=0)                   0.000     0.000    clk
    Y9                   IBUF (Prop_ibuf_I_O)         0.446     0.446 r  clk_IBUF_inst/O
                         net (fo=1, routed)           0.719     1.165    clk_IBUF
    BUFGCTRL_X0Y0        BUFG (Prop_bufg_I_O)         0.029     1.194 r  clk_IBUF_BUFG_inst/O
                         net (fo=209, routed)         0.837     2.031    clk_IBUF_BUFG
    SLICE_X56Y78         FDRE                                         r  pixel_moon_addr_reg[3]/C

Slack:                    inf
  Source:                 vs0/h_count_reg_reg[0]/C
                            (rising edge-triggered cell FDRE)
  Destination:            pixel_moon_addr_reg[0]/D
                            (rising edge-triggered cell FDRE clocked by sys_clk_pin  {rise@0.000ns fall@5.000ns period=10.000ns})
  Path Group:             (none)
  Path Type:              Hold (Min at Fast Process Corner)
  Data Path Delay:        0.527ns  (logic 0.265ns (50.292%)  route 0.262ns (49.708%))
  Logic Levels:           2  (CARRY4=1 FDRE=1)
  Clock Uncertainty:      0.025ns  ((TSJ^2 + TIJ^2)^1/2 + DJ) / 2 + PE
    Total System Jitter     (TSJ):    0.050ns
    Total Input Jitter      (TIJ):    0.000ns
    Discrete Jitter          (DJ):    0.000ns
    Phase Error              (PE):    0.000ns

    Location             Delay type                Incr(ns)  Path(ns)    Netlist Resource(s)
  -------------------------------------------------------------------    -------------------
    SLICE_X55Y79         FDRE                         0.000     0.000 r  vs0/h_count_reg_reg[0]/C
    SLICE_X55Y79         FDRE (Prop_fdre_C_Q)         0.141     0.141 r  vs0/h_count_reg_reg[0]/Q
                         net (fo=19, routed)          0.262     0.403    vs0/pixel_x__0[0]
    SLICE_X56Y77         CARRY4 (Prop_carry4_DI[0]_O[1])
                                                      0.124     0.527 r  vs0/pixel_moon_addr_reg[2]_i_1/O[1]
                         net (fo=1, routed)           0.000     0.527    pixel_moon_addr1[0]
    SLICE_X56Y77         FDRE                                         r  pixel_moon_addr_reg[0]/D
  -------------------------------------------------------------------    -------------------

                         (clock sys_clk_pin rise edge)
                                                      0.000     0.000 r  
    Y9                                                0.000     0.000 r  clk (IN)
                         net (fo=0)                   0.000     0.000    clk
    Y9                   IBUF (Prop_ibuf_I_O)         0.446     0.446 r  clk_IBUF_inst/O
                         net (fo=1, routed)           0.719     1.165    clk_IBUF
    BUFGCTRL_X0Y0        BUFG (Prop_bufg_I_O)         0.029     1.194 r  clk_IBUF_BUFG_inst/O
                         net (fo=209, routed)         0.836     2.030    clk_IBUF_BUFG
    SLICE_X56Y77         FDRE                                         r  pixel_moon_addr_reg[0]/C





