Copyright 1986-2022 Xilinx, Inc. All Rights Reserved. Copyright 2022-2025 Advanced Micro Devices, Inc. All Rights Reserved.
------------------------------------------------------------------------------------------------------------------------------------------------------------------------------------------------------------------------
| Tool Version : Vivado v.2025.1.1 (win64) Build 6233196 Thu Sep 11 21:27:30 MDT 2025
| Date         : Wed Jan  7 23:39:21 2026
| Host         : kaiden running 64-bit major release  (build 9200)
| Command      : report_timing_summary -max_paths 10 -routable_nets -report_unconstrained -file lab9_timing_summary_routed.rpt -pb lab9_timing_summary_routed.pb -rpx lab9_timing_summary_routed.rpx -warn_on_violation
| Design       : lab9
| Device       : 7z020-clg484
| Speed File   : -1  PRODUCTION 1.12 2019-11-22
| Design State : Routed
------------------------------------------------------------------------------------------------------------------------------------------------------------------------------------------------------------------------

Timing Summary Report

------------------------------------------------------------------------------------------------
| Timer Settings
| --------------
------------------------------------------------------------------------------------------------

  Enable Multi Corner Analysis               :  Yes
  Enable Pessimism Removal                   :  Yes
  Pessimism Removal Resolution               :  Nearest Common Node
  Enable Input Delay Default Clock           :  No
  Enable Preset / Clear Arcs                 :  No
  Disable Flight Delays                      :  No
  Ignore I/O Paths                           :  No
  Timing Early Launch at Borrowing Latches   :  No
  Borrow Time for Max Delay Exceptions       :  Yes
  Merge Timing Exceptions                    :  Yes
  Inter-SLR Compensation                     :  Conservative

  Corner  Analyze    Analyze    
  Name    Max Paths  Min Paths  
  ------  ---------  ---------  
  Slow    Yes        Yes        
  Fast    Yes        Yes        


------------------------------------------------------------------------------------------------
| Report Methodology
| ------------------
------------------------------------------------------------------------------------------------

Rule       Severity  Description                                 Violations  
---------  --------  ------------------------------------------  ----------  
SYNTH-6    Warning   Timing of a RAM block might be sub-optimal  1           
TIMING-16  Warning   Large setup violation                       1           
TIMING-18  Warning   Missing input or output delay               12          

Note: This report is based on the most recent report_methodology run and may not be up-to-date. Run report_methodology on the current design for the latest report.



check_timing report

Table of Contents
-----------------
1. checking no_clock (0)
2. checking constant_clock (0)
3. checking pulse_width_clock (0)
4. checking unconstrained_internal_endpoints (0)
5. checking no_input_delay (2)
6. checking no_output_delay (7)
7. checking multiple_clock (0)
8. checking generated_clocks (0)
9. checking loops (0)
10. checking partial_input_delay (0)
11. checking partial_output_delay (0)
12. checking latch_loops (0)

1. checking no_clock (0)
------------------------
 There are 0 register/latch pins with no clock.


2. checking constant_clock (0)
------------------------------
 There are 0 register/latch pins with constant_clock.


3. checking pulse_width_clock (0)
---------------------------------
 There are 0 register/latch pins which need pulse_width check


4. checking unconstrained_internal_endpoints (0)
------------------------------------------------
 There are 0 pins that are not constrained for maximum delay.

 There are 0 pins that are not constrained for maximum delay due to constant clock.


5. checking no_input_delay (2)
------------------------------
 There are 2 input ports with no input delay specified. (HIGH)

 There are 0 input ports with no input delay but user has a false path constraint.


6. checking no_output_delay (7)
-------------------------------
 There are 7 ports with no output delay specified. (HIGH)

 There are 0 ports with no output delay but user has a false path constraint

 There are 0 ports with no output delay but with a timing clock defined on it or propagating through it


7. checking multiple_clock (0)
------------------------------
 There are 0 register/latch pins with multiple clocks.


8. checking generated_clocks (0)
--------------------------------
 There are 0 generated clocks that are not connected to a clock source.


9. checking loops (0)
---------------------
 There are 0 combinational loops in the design.


10. checking partial_input_delay (0)
------------------------------------
 There are 0 input ports with partial input delay specified.


11. checking partial_output_delay (0)
-------------------------------------
 There are 0 ports with partial output delay specified.


12. checking latch_loops (0)
----------------------------
 There are 0 combinational latch loops in the design through latch input



------------------------------------------------------------------------------------------------
| Design Timing Summary
| ---------------------
------------------------------------------------------------------------------------------------

    WNS(ns)      TNS(ns)  TNS Failing Endpoints  TNS Total Endpoints      WHS(ns)      THS(ns)  THS Failing Endpoints  THS Total Endpoints     WPWS(ns)     TPWS(ns)  TPWS Failing Endpoints  TPWS Total Endpoints  
    -------      -------  ---------------------  -------------------      -------      -------  ---------------------  -------------------     --------     --------  ----------------------  --------------------  
     -1.011      -10.889                     14                 2608        0.138        0.000                      0                 2608        4.500        0.000                       0                  1310  


Timing constraints are not met.


------------------------------------------------------------------------------------------------
| Clock Summary
| -------------
------------------------------------------------------------------------------------------------

Clock        Waveform(ns)       Period(ns)      Frequency(MHz)
-----        ------------       ----------      --------------
sys_clk_pin  {0.000 5.000}      10.000          100.000         


------------------------------------------------------------------------------------------------
| Intra Clock Table
| -----------------
------------------------------------------------------------------------------------------------

Clock             WNS(ns)      TNS(ns)  TNS Failing Endpoints  TNS Total Endpoints      WHS(ns)      THS(ns)  THS Failing Endpoints  THS Total Endpoints     WPWS(ns)     TPWS(ns)  TPWS Failing Endpoints  TPWS Total Endpoints  
-----             -------      -------  ---------------------  -------------------      -------      -------  ---------------------  -------------------     --------     --------  ----------------------  --------------------  
sys_clk_pin        -1.011      -10.889                     14                 2608        0.138        0.000                      0                 2608        4.500        0.000                       0                  1310  


------------------------------------------------------------------------------------------------
| Inter Clock Table
| -----------------
------------------------------------------------------------------------------------------------

From Clock    To Clock          WNS(ns)      TNS(ns)  TNS Failing Endpoints  TNS Total Endpoints      WHS(ns)      THS(ns)  THS Failing Endpoints  THS Total Endpoints  
----------    --------          -------      -------  ---------------------  -------------------      -------      -------  ---------------------  -------------------  


------------------------------------------------------------------------------------------------
| Other Path Groups Table
| -----------------------
------------------------------------------------------------------------------------------------

Path Group    From Clock    To Clock          WNS(ns)      TNS(ns)  TNS Failing Endpoints  TNS Total Endpoints      WHS(ns)      THS(ns)  THS Failing Endpoints  THS Total Endpoints  
----------    ----------    --------          -------      -------  ---------------------  -------------------      -------      -------  ---------------------  -------------------  


------------------------------------------------------------------------------------------------
| User Ignored Path Table
| -----------------------
------------------------------------------------------------------------------------------------

Path Group    From Clock    To Clock    
----------    ----------    --------    


------------------------------------------------------------------------------------------------
| Unconstrained Path Table
| ------------------------
------------------------------------------------------------------------------------------------

Path Group    From Clock    To Clock    
----------    ----------    --------    
(none)                                    
(none)        sys_clk_pin                 
(none)                      sys_clk_pin   


------------------------------------------------------------------------------------------------
| Timing Details
| --------------
------------------------------------------------------------------------------------------------


---------------------------------------------------------------------------------------------------
From Clock:  sys_clk_pin
  To Clock:  sys_clk_pin

Setup :           14  Failing Endpoints,  Worst Slack       -1.011ns,  Total Violation      -10.889ns
Hold  :            0  Failing Endpoints,  Worst Slack        0.138ns,  Total Violation        0.000ns
PW    :            0  Failing Endpoints,  Worst Slack        4.500ns,  Total Violation        0.000ns
---------------------------------------------------------------------------------------------------


Max Delay Paths
--------------------------------------------------------------------------------------
Slack (VIOLATED) :        -1.011ns  (required time - arrival time)
  Source:                 f_reg[19][4]/C
                            (rising edge-triggered cell FDRE clocked by sys_clk_pin  {rise@0.000ns fall@5.000ns period=10.000ns})
  Destination:            corr_reg[17]/D
                            (rising edge-triggered cell FDRE clocked by sys_clk_pin  {rise@0.000ns fall@5.000ns period=10.000ns})
  Path Group:             sys_clk_pin
  Path Type:              Setup (Max at Slow Process Corner)
  Requirement:            10.000ns  (sys_clk_pin rise@10.000ns - sys_clk_pin rise@0.000ns)
  Data Path Delay:        10.987ns  (logic 4.889ns (44.497%)  route 6.098ns (55.503%))
  Logic Levels:           13  (CARRY4=5 LUT2=2 LUT3=1 LUT5=1 LUT6=3 MUXF7=1)
  Clock Path Skew:        -0.067ns (DCD - SCD + CPR)
    Destination Clock Delay (DCD):    5.046ns = ( 15.046 - 10.000 ) 
    Source Clock Delay      (SCD):    5.507ns
    Clock Pessimism Removal (CPR):    0.394ns
  Clock Uncertainty:      0.035ns  ((TSJ^2 + TIJ^2)^1/2 + DJ) / 2 + PE
    Total System Jitter     (TSJ):    0.071ns
    Total Input Jitter      (TIJ):    0.000ns
    Discrete Jitter          (DJ):    0.000ns
    Phase Error              (PE):    0.000ns

    Location             Delay type                Incr(ns)  Path(ns)    Netlist Resource(s)
  -------------------------------------------------------------------    -------------------
                         (clock sys_clk_pin rise edge)
                                                      0.000     0.000 r  
    Y9                                                0.000     0.000 r  clk (IN)
                         net (fo=0)                   0.000     0.000    clk
    Y9                   IBUF (Prop_ibuf_I_O)         1.490     1.490 r  clk_IBUF_inst/O
                         net (fo=1, routed)           2.171     3.661    clk_IBUF
    BUFGCTRL_X0Y0        BUFG (Prop_bufg_I_O)         0.101     3.762 r  clk_IBUF_BUFG_inst/O
                         net (fo=1309, routed)        1.745     5.507    clk_IBUF_BUFG
    SLICE_X11Y17         FDRE                                         r  f_reg[19][4]/C
  -------------------------------------------------------------------    -------------------
    SLICE_X11Y17         FDRE (Prop_fdre_C_Q)         0.419     5.926 f  f_reg[19][4]/Q
                         net (fo=2, routed)           1.179     7.106    f_reg[19][4]
    SLICE_X10Y16         LUT6 (Prop_lut6_I0_O)        0.297     7.403 f  corr[15]_i_278/O
                         net (fo=1, routed)           0.000     7.403    corr[15]_i_278_n_0
    SLICE_X10Y16         MUXF7 (Prop_muxf7_I0_O)      0.241     7.644 f  corr_reg[15]_i_186/O
                         net (fo=2, routed)           0.619     8.263    corr_reg[15]_i_186_n_0
    SLICE_X10Y18         LUT6 (Prop_lut6_I1_O)        0.298     8.561 f  corr[15]_i_160/O
                         net (fo=6, routed)           1.032     9.592    corr[15]_i_160_n_0
    SLICE_X13Y22         LUT5 (Prop_lut5_I0_O)        0.124     9.716 r  corr[15]_i_106/O
                         net (fo=2, routed)           1.007    10.724    corr[15]_i_106_n_0
    SLICE_X12Y23         LUT6 (Prop_lut6_I3_O)        0.124    10.848 r  corr[15]_i_72/O
                         net (fo=1, routed)           0.000    10.848    corr[15]_i_72_n_0
    SLICE_X12Y23         CARRY4 (Prop_carry4_S[1]_O[3])
                                                      0.643    11.491 r  corr_reg[15]_i_30/O[3]
                         net (fo=2, routed)           0.595    12.086    corr_reg[15]_i_30_n_4
    SLICE_X10Y23         LUT3 (Prop_lut3_I2_O)        0.302    12.388 r  corr[15]_i_18/O
                         net (fo=2, routed)           0.532    12.920    corr[15]_i_18_n_0
    SLICE_X10Y24         CARRY4 (Prop_carry4_DI[0]_CO[3])
                                                      0.781    13.701 r  corr_reg[15]_i_8/CO[3]
                         net (fo=1, routed)           0.009    13.710    corr_reg[15]_i_8_n_0
    SLICE_X10Y25         CARRY4 (Prop_carry4_CI_O[3])
                                                      0.315    14.025 r  corr_reg[15]_i_3/O[3]
                         net (fo=4, routed)           0.531    14.556    corr1[15]
    SLICE_X9Y25          LUT2 (Prop_lut2_I0_O)        0.307    14.863 r  corr[15]_i_4/O
                         net (fo=1, routed)           0.000    14.863    corr[15]_i_4_n_0
    SLICE_X9Y25          CARRY4 (Prop_carry4_S[3]_CO[3])
                                                      0.401    15.264 r  corr_reg[15]_i_2/CO[3]
                         net (fo=1, routed)           0.000    15.264    corr_reg[15]_i_2_n_0
    SLICE_X9Y26          CARRY4 (Prop_carry4_CI_O[1])
                                                      0.334    15.598 r  corr_reg[19]_i_2/O[1]
                         net (fo=1, routed)           0.594    16.192    corr0[17]
    SLICE_X8Y27          LUT2 (Prop_lut2_I1_O)        0.303    16.495 r  corr[17]_i_1/O
                         net (fo=1, routed)           0.000    16.495    corr[17]_i_1_n_0
    SLICE_X8Y27          FDRE                                         r  corr_reg[17]/D
  -------------------------------------------------------------------    -------------------

                         (clock sys_clk_pin rise edge)
                                                     10.000    10.000 r  
    Y9                                                0.000    10.000 r  clk (IN)
                         net (fo=0)                   0.000    10.000    clk
    Y9                   IBUF (Prop_ibuf_I_O)         1.420    11.420 r  clk_IBUF_inst/O
                         net (fo=1, routed)           1.972    13.392    clk_IBUF
    BUFGCTRL_X0Y0        BUFG (Prop_bufg_I_O)         0.091    13.483 r  clk_IBUF_BUFG_inst/O
                         net (fo=1309, routed)        1.563    15.046    clk_IBUF_BUFG
    SLICE_X8Y27          FDRE                                         r  corr_reg[17]/C
                         clock pessimism              0.394    15.440    
                         clock uncertainty           -0.035    15.405    
    SLICE_X8Y27          FDRE (Setup_fdre_C_D)        0.079    15.484    corr_reg[17]
  -------------------------------------------------------------------
                         required time                         15.484    
                         arrival time                         -16.495    
  -------------------------------------------------------------------
                         slack                                 -1.011    

Slack (VIOLATED) :        -0.962ns  (required time - arrival time)
  Source:                 f_reg[19][4]/C
                            (rising edge-triggered cell FDRE clocked by sys_clk_pin  {rise@0.000ns fall@5.000ns period=10.000ns})
  Destination:            corr_reg[16]/D
                            (rising edge-triggered cell FDRE clocked by sys_clk_pin  {rise@0.000ns fall@5.000ns period=10.000ns})
  Path Group:             sys_clk_pin
  Path Type:              Setup (Max at Slow Process Corner)
  Requirement:            10.000ns  (sys_clk_pin rise@10.000ns - sys_clk_pin rise@0.000ns)
  Data Path Delay:        10.940ns  (logic 4.773ns (43.628%)  route 6.167ns (56.372%))
  Logic Levels:           13  (CARRY4=5 LUT2=2 LUT3=1 LUT5=1 LUT6=3 MUXF7=1)
  Clock Path Skew:        -0.067ns (DCD - SCD + CPR)
    Destination Clock Delay (DCD):    5.046ns = ( 15.046 - 10.000 ) 
    Source Clock Delay      (SCD):    5.507ns
    Clock Pessimism Removal (CPR):    0.394ns
  Clock Uncertainty:      0.035ns  ((TSJ^2 + TIJ^2)^1/2 + DJ) / 2 + PE
    Total System Jitter     (TSJ):    0.071ns
    Total Input Jitter      (TIJ):    0.000ns
    Discrete Jitter          (DJ):    0.000ns
    Phase Error              (PE):    0.000ns

    Location             Delay type                Incr(ns)  Path(ns)    Netlist Resource(s)
  -------------------------------------------------------------------    -------------------
                         (clock sys_clk_pin rise edge)
                                                      0.000     0.000 r  
    Y9                                                0.000     0.000 r  clk (IN)
                         net (fo=0)                   0.000     0.000    clk
    Y9                   IBUF (Prop_ibuf_I_O)         1.490     1.490 r  clk_IBUF_inst/O
                         net (fo=1, routed)           2.171     3.661    clk_IBUF
    BUFGCTRL_X0Y0        BUFG (Prop_bufg_I_O)         0.101     3.762 r  clk_IBUF_BUFG_inst/O
                         net (fo=1309, routed)        1.745     5.507    clk_IBUF_BUFG
    SLICE_X11Y17         FDRE                                         r  f_reg[19][4]/C
  -------------------------------------------------------------------    -------------------
    SLICE_X11Y17         FDRE (Prop_fdre_C_Q)         0.419     5.926 f  f_reg[19][4]/Q
                         net (fo=2, routed)           1.179     7.106    f_reg[19][4]
    SLICE_X10Y16         LUT6 (Prop_lut6_I0_O)        0.297     7.403 f  corr[15]_i_278/O
                         net (fo=1, routed)           0.000     7.403    corr[15]_i_278_n_0
    SLICE_X10Y16         MUXF7 (Prop_muxf7_I0_O)      0.241     7.644 f  corr_reg[15]_i_186/O
                         net (fo=2, routed)           0.619     8.263    corr_reg[15]_i_186_n_0
    SLICE_X10Y18         LUT6 (Prop_lut6_I1_O)        0.298     8.561 f  corr[15]_i_160/O
                         net (fo=6, routed)           1.032     9.592    corr[15]_i_160_n_0
    SLICE_X13Y22         LUT5 (Prop_lut5_I0_O)        0.124     9.716 r  corr[15]_i_106/O
                         net (fo=2, routed)           1.007    10.724    corr[15]_i_106_n_0
    SLICE_X12Y23         LUT6 (Prop_lut6_I3_O)        0.124    10.848 r  corr[15]_i_72/O
                         net (fo=1, routed)           0.000    10.848    corr[15]_i_72_n_0
    SLICE_X12Y23         CARRY4 (Prop_carry4_S[1]_O[3])
                                                      0.643    11.491 r  corr_reg[15]_i_30/O[3]
                         net (fo=2, routed)           0.595    12.086    corr_reg[15]_i_30_n_4
    SLICE_X10Y23         LUT3 (Prop_lut3_I2_O)        0.302    12.388 r  corr[15]_i_18/O
                         net (fo=2, routed)           0.532    12.920    corr[15]_i_18_n_0
    SLICE_X10Y24         CARRY4 (Prop_carry4_DI[0]_CO[3])
                                                      0.781    13.701 r  corr_reg[15]_i_8/CO[3]
                         net (fo=1, routed)           0.009    13.710    corr_reg[15]_i_8_n_0
    SLICE_X10Y25         CARRY4 (Prop_carry4_CI_O[3])
                                                      0.315    14.025 r  corr_reg[15]_i_3/O[3]
                         net (fo=4, routed)           0.531    14.556    corr1[15]
    SLICE_X9Y25          LUT2 (Prop_lut2_I0_O)        0.307    14.863 r  corr[15]_i_4/O
                         net (fo=1, routed)           0.000    14.863    corr[15]_i_4_n_0
    SLICE_X9Y25          CARRY4 (Prop_carry4_S[3]_CO[3])
                                                      0.401    15.264 r  corr_reg[15]_i_2/CO[3]
                         net (fo=1, routed)           0.000    15.264    corr_reg[15]_i_2_n_0
    SLICE_X9Y26          CARRY4 (Prop_carry4_CI_O[0])
                                                      0.222    15.486 r  corr_reg[19]_i_2/O[0]
                         net (fo=1, routed)           0.663    16.149    corr0[16]
    SLICE_X8Y27          LUT2 (Prop_lut2_I1_O)        0.299    16.448 r  corr[16]_i_1/O
                         net (fo=1, routed)           0.000    16.448    corr[16]_i_1_n_0
    SLICE_X8Y27          FDRE                                         r  corr_reg[16]/D
  -------------------------------------------------------------------    -------------------

                         (clock sys_clk_pin rise edge)
                                                     10.000    10.000 r  
    Y9                                                0.000    10.000 r  clk (IN)
                         net (fo=0)                   0.000    10.000    clk
    Y9                   IBUF (Prop_ibuf_I_O)         1.420    11.420 r  clk_IBUF_inst/O
                         net (fo=1, routed)           1.972    13.392    clk_IBUF
    BUFGCTRL_X0Y0        BUFG (Prop_bufg_I_O)         0.091    13.483 r  clk_IBUF_BUFG_inst/O
                         net (fo=1309, routed)        1.563    15.046    clk_IBUF_BUFG
    SLICE_X8Y27          FDRE                                         r  corr_reg[16]/C
                         clock pessimism              0.394    15.440    
                         clock uncertainty           -0.035    15.405    
    SLICE_X8Y27          FDRE (Setup_fdre_C_D)        0.081    15.486    corr_reg[16]
  -------------------------------------------------------------------
                         required time                         15.486    
                         arrival time                         -16.448    
  -------------------------------------------------------------------
                         slack                                 -0.962    

Slack (VIOLATED) :        -0.959ns  (required time - arrival time)
  Source:                 f_reg[19][4]/C
                            (rising edge-triggered cell FDRE clocked by sys_clk_pin  {rise@0.000ns fall@5.000ns period=10.000ns})
  Destination:            corr_reg[21]/D
                            (rising edge-triggered cell FDRE clocked by sys_clk_pin  {rise@0.000ns fall@5.000ns period=10.000ns})
  Path Group:             sys_clk_pin
  Path Type:              Setup (Max at Slow Process Corner)
  Requirement:            10.000ns  (sys_clk_pin rise@10.000ns - sys_clk_pin rise@0.000ns)
  Data Path Delay:        10.935ns  (logic 4.999ns (45.717%)  route 5.936ns (54.283%))
  Logic Levels:           14  (CARRY4=6 LUT2=2 LUT3=1 LUT5=1 LUT6=3 MUXF7=1)
  Clock Path Skew:        -0.064ns (DCD - SCD + CPR)
    Destination Clock Delay (DCD):    5.049ns = ( 15.049 - 10.000 ) 
    Source Clock Delay      (SCD):    5.507ns
    Clock Pessimism Removal (CPR):    0.394ns
  Clock Uncertainty:      0.035ns  ((TSJ^2 + TIJ^2)^1/2 + DJ) / 2 + PE
    Total System Jitter     (TSJ):    0.071ns
    Total Input Jitter      (TIJ):    0.000ns
    Discrete Jitter          (DJ):    0.000ns
    Phase Error              (PE):    0.000ns

    Location             Delay type                Incr(ns)  Path(ns)    Netlist Resource(s)
  -------------------------------------------------------------------    -------------------
                         (clock sys_clk_pin rise edge)
                                                      0.000     0.000 r  
    Y9                                                0.000     0.000 r  clk (IN)
                         net (fo=0)                   0.000     0.000    clk
    Y9                   IBUF (Prop_ibuf_I_O)         1.490     1.490 r  clk_IBUF_inst/O
                         net (fo=1, routed)           2.171     3.661    clk_IBUF
    BUFGCTRL_X0Y0        BUFG (Prop_bufg_I_O)         0.101     3.762 r  clk_IBUF_BUFG_inst/O
                         net (fo=1309, routed)        1.745     5.507    clk_IBUF_BUFG
    SLICE_X11Y17         FDRE                                         r  f_reg[19][4]/C
  -------------------------------------------------------------------    -------------------
    SLICE_X11Y17         FDRE (Prop_fdre_C_Q)         0.419     5.926 f  f_reg[19][4]/Q
                         net (fo=2, routed)           1.179     7.106    f_reg[19][4]
    SLICE_X10Y16         LUT6 (Prop_lut6_I0_O)        0.297     7.403 f  corr[15]_i_278/O
                         net (fo=1, routed)           0.000     7.403    corr[15]_i_278_n_0
    SLICE_X10Y16         MUXF7 (Prop_muxf7_I0_O)      0.241     7.644 f  corr_reg[15]_i_186/O
                         net (fo=2, routed)           0.619     8.263    corr_reg[15]_i_186_n_0
    SLICE_X10Y18         LUT6 (Prop_lut6_I1_O)        0.298     8.561 f  corr[15]_i_160/O
                         net (fo=6, routed)           1.032     9.592    corr[15]_i_160_n_0
    SLICE_X13Y22         LUT5 (Prop_lut5_I0_O)        0.124     9.716 r  corr[15]_i_106/O
                         net (fo=2, routed)           1.007    10.724    corr[15]_i_106_n_0
    SLICE_X12Y23         LUT6 (Prop_lut6_I3_O)        0.124    10.848 r  corr[15]_i_72/O
                         net (fo=1, routed)           0.000    10.848    corr[15]_i_72_n_0
    SLICE_X12Y23         CARRY4 (Prop_carry4_S[1]_O[3])
                                                      0.643    11.491 r  corr_reg[15]_i_30/O[3]
                         net (fo=2, routed)           0.595    12.086    corr_reg[15]_i_30_n_4
    SLICE_X10Y23         LUT3 (Prop_lut3_I2_O)        0.302    12.388 r  corr[15]_i_18/O
                         net (fo=2, routed)           0.532    12.920    corr[15]_i_18_n_0
    SLICE_X10Y24         CARRY4 (Prop_carry4_DI[0]_CO[3])
                                                      0.781    13.701 r  corr_reg[15]_i_8/CO[3]
                         net (fo=1, routed)           0.009    13.710    corr_reg[15]_i_8_n_0
    SLICE_X10Y25         CARRY4 (Prop_carry4_CI_O[3])
                                                      0.315    14.025 r  corr_reg[15]_i_3/O[3]
                         net (fo=4, routed)           0.531    14.556    corr1[15]
    SLICE_X9Y25          LUT2 (Prop_lut2_I0_O)        0.307    14.863 r  corr[15]_i_4/O
                         net (fo=1, routed)           0.000    14.863    corr[15]_i_4_n_0
    SLICE_X9Y25          CARRY4 (Prop_carry4_S[3]_CO[3])
                                                      0.401    15.264 r  corr_reg[15]_i_2/CO[3]
                         net (fo=1, routed)           0.000    15.264    corr_reg[15]_i_2_n_0
    SLICE_X9Y26          CARRY4 (Prop_carry4_CI_CO[3])
                                                      0.114    15.378 r  corr_reg[19]_i_2/CO[3]
                         net (fo=1, routed)           0.000    15.378    corr_reg[19]_i_2_n_0
    SLICE_X9Y27          CARRY4 (Prop_carry4_CI_O[1])
                                                      0.334    15.712 r  corr_reg[21]_i_2/O[1]
                         net (fo=1, routed)           0.431    16.143    corr0[21]
    SLICE_X11Y28         LUT2 (Prop_lut2_I1_O)        0.299    16.442 r  corr[21]_i_1/O
                         net (fo=1, routed)           0.000    16.442    corr[21]_i_1_n_0
    SLICE_X11Y28         FDRE                                         r  corr_reg[21]/D
  -------------------------------------------------------------------    -------------------

                         (clock sys_clk_pin rise edge)
                                                     10.000    10.000 r  
    Y9                                                0.000    10.000 r  clk (IN)
                         net (fo=0)                   0.000    10.000    clk
    Y9                   IBUF (Prop_ibuf_I_O)         1.420    11.420 r  clk_IBUF_inst/O
                         net (fo=1, routed)           1.972    13.392    clk_IBUF
    BUFGCTRL_X0Y0        BUFG (Prop_bufg_I_O)         0.091    13.483 r  clk_IBUF_BUFG_inst/O
                         net (fo=1309, routed)        1.566    15.049    clk_IBUF_BUFG
    SLICE_X11Y28         FDRE                                         r  corr_reg[21]/C
                         clock pessimism              0.394    15.443    
                         clock uncertainty           -0.035    15.408    
    SLICE_X11Y28         FDRE (Setup_fdre_C_D)        0.075    15.483    corr_reg[21]
  -------------------------------------------------------------------
                         required time                         15.483    
                         arrival time                         -16.442    
  -------------------------------------------------------------------
                         slack                                 -0.959    

Slack (VIOLATED) :        -0.920ns  (required time - arrival time)
  Source:                 f_reg[19][4]/C
                            (rising edge-triggered cell FDRE clocked by sys_clk_pin  {rise@0.000ns fall@5.000ns period=10.000ns})
  Destination:            corr_reg[19]/D
                            (rising edge-triggered cell FDRE clocked by sys_clk_pin  {rise@0.000ns fall@5.000ns period=10.000ns})
  Path Group:             sys_clk_pin
  Path Type:              Setup (Max at Slow Process Corner)
  Requirement:            10.000ns  (sys_clk_pin rise@10.000ns - sys_clk_pin rise@0.000ns)
  Data Path Delay:        10.936ns  (logic 4.864ns (44.477%)  route 6.072ns (55.523%))
  Logic Levels:           13  (CARRY4=5 LUT2=2 LUT3=1 LUT5=1 LUT6=3 MUXF7=1)
  Clock Path Skew:        -0.067ns (DCD - SCD + CPR)
    Destination Clock Delay (DCD):    5.046ns = ( 15.046 - 10.000 ) 
    Source Clock Delay      (SCD):    5.507ns
    Clock Pessimism Removal (CPR):    0.394ns
  Clock Uncertainty:      0.035ns  ((TSJ^2 + TIJ^2)^1/2 + DJ) / 2 + PE
    Total System Jitter     (TSJ):    0.071ns
    Total Input Jitter      (TIJ):    0.000ns
    Discrete Jitter          (DJ):    0.000ns
    Phase Error              (PE):    0.000ns

    Location             Delay type                Incr(ns)  Path(ns)    Netlist Resource(s)
  -------------------------------------------------------------------    -------------------
                         (clock sys_clk_pin rise edge)
                                                      0.000     0.000 r  
    Y9                                                0.000     0.000 r  clk (IN)
                         net (fo=0)                   0.000     0.000    clk
    Y9                   IBUF (Prop_ibuf_I_O)         1.490     1.490 r  clk_IBUF_inst/O
                         net (fo=1, routed)           2.171     3.661    clk_IBUF
    BUFGCTRL_X0Y0        BUFG (Prop_bufg_I_O)         0.101     3.762 r  clk_IBUF_BUFG_inst/O
                         net (fo=1309, routed)        1.745     5.507    clk_IBUF_BUFG
    SLICE_X11Y17         FDRE                                         r  f_reg[19][4]/C
  -------------------------------------------------------------------    -------------------
    SLICE_X11Y17         FDRE (Prop_fdre_C_Q)         0.419     5.926 f  f_reg[19][4]/Q
                         net (fo=2, routed)           1.179     7.106    f_reg[19][4]
    SLICE_X10Y16         LUT6 (Prop_lut6_I0_O)        0.297     7.403 f  corr[15]_i_278/O
                         net (fo=1, routed)           0.000     7.403    corr[15]_i_278_n_0
    SLICE_X10Y16         MUXF7 (Prop_muxf7_I0_O)      0.241     7.644 f  corr_reg[15]_i_186/O
                         net (fo=2, routed)           0.619     8.263    corr_reg[15]_i_186_n_0
    SLICE_X10Y18         LUT6 (Prop_lut6_I1_O)        0.298     8.561 f  corr[15]_i_160/O
                         net (fo=6, routed)           1.032     9.592    corr[15]_i_160_n_0
    SLICE_X13Y22         LUT5 (Prop_lut5_I0_O)        0.124     9.716 r  corr[15]_i_106/O
                         net (fo=2, routed)           1.007    10.724    corr[15]_i_106_n_0
    SLICE_X12Y23         LUT6 (Prop_lut6_I3_O)        0.124    10.848 r  corr[15]_i_72/O
                         net (fo=1, routed)           0.000    10.848    corr[15]_i_72_n_0
    SLICE_X12Y23         CARRY4 (Prop_carry4_S[1]_O[3])
                                                      0.643    11.491 r  corr_reg[15]_i_30/O[3]
                         net (fo=2, routed)           0.595    12.086    corr_reg[15]_i_30_n_4
    SLICE_X10Y23         LUT3 (Prop_lut3_I2_O)        0.302    12.388 r  corr[15]_i_18/O
                         net (fo=2, routed)           0.532    12.920    corr[15]_i_18_n_0
    SLICE_X10Y24         CARRY4 (Prop_carry4_DI[0]_CO[3])
                                                      0.781    13.701 r  corr_reg[15]_i_8/CO[3]
                         net (fo=1, routed)           0.009    13.710    corr_reg[15]_i_8_n_0
    SLICE_X10Y25         CARRY4 (Prop_carry4_CI_O[3])
                                                      0.315    14.025 r  corr_reg[15]_i_3/O[3]
                         net (fo=4, routed)           0.531    14.556    corr1[15]
    SLICE_X9Y25          LUT2 (Prop_lut2_I0_O)        0.307    14.863 r  corr[15]_i_4/O
                         net (fo=1, routed)           0.000    14.863    corr[15]_i_4_n_0
    SLICE_X9Y25          CARRY4 (Prop_carry4_S[3]_CO[3])
                                                      0.401    15.264 r  corr_reg[15]_i_2/CO[3]
                         net (fo=1, routed)           0.000    15.264    corr_reg[15]_i_2_n_0
    SLICE_X9Y26          CARRY4 (Prop_carry4_CI_O[3])
                                                      0.313    15.577 r  corr_reg[19]_i_2/O[3]
                         net (fo=1, routed)           0.567    16.144    corr0[19]
    SLICE_X8Y27          LUT2 (Prop_lut2_I1_O)        0.299    16.443 r  corr[19]_i_1/O
                         net (fo=1, routed)           0.000    16.443    corr[19]_i_1_n_0
    SLICE_X8Y27          FDRE                                         r  corr_reg[19]/D
  -------------------------------------------------------------------    -------------------

                         (clock sys_clk_pin rise edge)
                                                     10.000    10.000 r  
    Y9                                                0.000    10.000 r  clk (IN)
                         net (fo=0)                   0.000    10.000    clk
    Y9                   IBUF (Prop_ibuf_I_O)         1.420    11.420 r  clk_IBUF_inst/O
                         net (fo=1, routed)           1.972    13.392    clk_IBUF
    BUFGCTRL_X0Y0        BUFG (Prop_bufg_I_O)         0.091    13.483 r  clk_IBUF_BUFG_inst/O
                         net (fo=1309, routed)        1.563    15.046    clk_IBUF_BUFG
    SLICE_X8Y27          FDRE                                         r  corr_reg[19]/C
                         clock pessimism              0.394    15.440    
                         clock uncertainty           -0.035    15.405    
    SLICE_X8Y27          FDRE (Setup_fdre_C_D)        0.118    15.523    corr_reg[19]
  -------------------------------------------------------------------
                         required time                         15.523    
                         arrival time                         -16.443    
  -------------------------------------------------------------------
                         slack                                 -0.920    

Slack (VIOLATED) :        -0.913ns  (required time - arrival time)
  Source:                 f_reg[19][4]/C
                            (rising edge-triggered cell FDRE clocked by sys_clk_pin  {rise@0.000ns fall@5.000ns period=10.000ns})
  Destination:            corr_reg[12]/D
                            (rising edge-triggered cell FDRE clocked by sys_clk_pin  {rise@0.000ns fall@5.000ns period=10.000ns})
  Path Group:             sys_clk_pin
  Path Type:              Setup (Max at Slow Process Corner)
  Requirement:            10.000ns  (sys_clk_pin rise@10.000ns - sys_clk_pin rise@0.000ns)
  Data Path Delay:        10.889ns  (logic 4.449ns (40.858%)  route 6.440ns (59.142%))
  Logic Levels:           14  (CARRY4=5 LUT2=2 LUT3=1 LUT4=1 LUT5=1 LUT6=3 MUXF7=1)
  Clock Path Skew:        -0.066ns (DCD - SCD + CPR)
    Destination Clock Delay (DCD):    5.047ns = ( 15.047 - 10.000 ) 
    Source Clock Delay      (SCD):    5.507ns
    Clock Pessimism Removal (CPR):    0.394ns
  Clock Uncertainty:      0.035ns  ((TSJ^2 + TIJ^2)^1/2 + DJ) / 2 + PE
    Total System Jitter     (TSJ):    0.071ns
    Total Input Jitter      (TIJ):    0.000ns
    Discrete Jitter          (DJ):    0.000ns
    Phase Error              (PE):    0.000ns

    Location             Delay type                Incr(ns)  Path(ns)    Netlist Resource(s)
  -------------------------------------------------------------------    -------------------
                         (clock sys_clk_pin rise edge)
                                                      0.000     0.000 r  
    Y9                                                0.000     0.000 r  clk (IN)
                         net (fo=0)                   0.000     0.000    clk
    Y9                   IBUF (Prop_ibuf_I_O)         1.490     1.490 r  clk_IBUF_inst/O
                         net (fo=1, routed)           2.171     3.661    clk_IBUF
    BUFGCTRL_X0Y0        BUFG (Prop_bufg_I_O)         0.101     3.762 r  clk_IBUF_BUFG_inst/O
                         net (fo=1309, routed)        1.745     5.507    clk_IBUF_BUFG
    SLICE_X11Y17         FDRE                                         r  f_reg[19][4]/C
  -------------------------------------------------------------------    -------------------
    SLICE_X11Y17         FDRE (Prop_fdre_C_Q)         0.419     5.926 f  f_reg[19][4]/Q
                         net (fo=2, routed)           1.179     7.106    f_reg[19][4]
    SLICE_X10Y16         LUT6 (Prop_lut6_I0_O)        0.297     7.403 f  corr[15]_i_278/O
                         net (fo=1, routed)           0.000     7.403    corr[15]_i_278_n_0
    SLICE_X10Y16         MUXF7 (Prop_muxf7_I0_O)      0.241     7.644 f  corr_reg[15]_i_186/O
                         net (fo=2, routed)           0.619     8.263    corr_reg[15]_i_186_n_0
    SLICE_X10Y18         LUT6 (Prop_lut6_I1_O)        0.298     8.561 f  corr[15]_i_160/O
                         net (fo=6, routed)           1.032     9.592    corr[15]_i_160_n_0
    SLICE_X13Y22         LUT5 (Prop_lut5_I0_O)        0.124     9.716 r  corr[15]_i_106/O
                         net (fo=2, routed)           1.007    10.724    corr[15]_i_106_n_0
    SLICE_X12Y23         LUT6 (Prop_lut6_I3_O)        0.124    10.848 r  corr[15]_i_72/O
                         net (fo=1, routed)           0.000    10.848    corr[15]_i_72_n_0
    SLICE_X12Y23         CARRY4 (Prop_carry4_S[1]_O[2])
                                                      0.578    11.426 r  corr_reg[15]_i_30/O[2]
                         net (fo=2, routed)           0.314    11.740    corr_reg[15]_i_30_n_5
    SLICE_X13Y23         LUT3 (Prop_lut3_I2_O)        0.301    12.041 r  corr[7]_i_8/O
                         net (fo=2, routed)           1.039    13.080    corr[7]_i_8_n_0
    SLICE_X10Y23         LUT4 (Prop_lut4_I3_O)        0.124    13.204 r  corr[7]_i_12/O
                         net (fo=1, routed)           0.000    13.204    corr[7]_i_12_n_0
    SLICE_X10Y23         CARRY4 (Prop_carry4_S[3]_CO[3])
                                                      0.376    13.580 r  corr_reg[7]_i_7/CO[3]
                         net (fo=1, routed)           0.000    13.580    corr_reg[7]_i_7_n_0
    SLICE_X10Y24         CARRY4 (Prop_carry4_CI_O[0])
                                                      0.219    13.799 r  corr_reg[15]_i_8/O[0]
                         net (fo=1, routed)           0.495    14.294    corr1[8]
    SLICE_X9Y24          LUT2 (Prop_lut2_I1_O)        0.295    14.589 r  corr[11]_i_6/O
                         net (fo=1, routed)           0.000    14.589    corr[11]_i_6_n_0
    SLICE_X9Y24          CARRY4 (Prop_carry4_S[0]_CO[3])
                                                      0.532    15.121 r  corr_reg[11]_i_2/CO[3]
                         net (fo=1, routed)           0.009    15.130    corr_reg[11]_i_2_n_0
    SLICE_X9Y25          CARRY4 (Prop_carry4_CI_O[0])
                                                      0.222    15.352 r  corr_reg[15]_i_2/O[0]
                         net (fo=1, routed)           0.745    16.097    corr0[12]
    SLICE_X10Y27         LUT2 (Prop_lut2_I1_O)        0.299    16.396 r  corr[12]_i_1/O
                         net (fo=1, routed)           0.000    16.396    corr[12]_i_1_n_0
    SLICE_X10Y27         FDRE                                         r  corr_reg[12]/D
  -------------------------------------------------------------------    -------------------

                         (clock sys_clk_pin rise edge)
                                                     10.000    10.000 r  
    Y9                                                0.000    10.000 r  clk (IN)
                         net (fo=0)                   0.000    10.000    clk
    Y9                   IBUF (Prop_ibuf_I_O)         1.420    11.420 r  clk_IBUF_inst/O
                         net (fo=1, routed)           1.972    13.392    clk_IBUF
    BUFGCTRL_X0Y0        BUFG (Prop_bufg_I_O)         0.091    13.483 r  clk_IBUF_BUFG_inst/O
                         net (fo=1309, routed)        1.564    15.047    clk_IBUF_BUFG
    SLICE_X10Y27         FDRE                                         r  corr_reg[12]/C
                         clock pessimism              0.394    15.441    
                         clock uncertainty           -0.035    15.406    
    SLICE_X10Y27         FDRE (Setup_fdre_C_D)        0.077    15.483    corr_reg[12]
  -------------------------------------------------------------------
                         required time                         15.483    
                         arrival time                         -16.396    
  -------------------------------------------------------------------
                         slack                                 -0.913    

Slack (VIOLATED) :        -0.878ns  (required time - arrival time)
  Source:                 f_reg[19][4]/C
                            (rising edge-triggered cell FDRE clocked by sys_clk_pin  {rise@0.000ns fall@5.000ns period=10.000ns})
  Destination:            corr_reg[13]/D
                            (rising edge-triggered cell FDRE clocked by sys_clk_pin  {rise@0.000ns fall@5.000ns period=10.000ns})
  Path Group:             sys_clk_pin
  Path Type:              Setup (Max at Slow Process Corner)
  Requirement:            10.000ns  (sys_clk_pin rise@10.000ns - sys_clk_pin rise@0.000ns)
  Data Path Delay:        10.853ns  (logic 4.565ns (42.063%)  route 6.288ns (57.937%))
  Logic Levels:           14  (CARRY4=5 LUT2=2 LUT3=1 LUT4=1 LUT5=1 LUT6=3 MUXF7=1)
  Clock Path Skew:        -0.067ns (DCD - SCD + CPR)
    Destination Clock Delay (DCD):    5.046ns = ( 15.046 - 10.000 ) 
    Source Clock Delay      (SCD):    5.507ns
    Clock Pessimism Removal (CPR):    0.394ns
  Clock Uncertainty:      0.035ns  ((TSJ^2 + TIJ^2)^1/2 + DJ) / 2 + PE
    Total System Jitter     (TSJ):    0.071ns
    Total Input Jitter      (TIJ):    0.000ns
    Discrete Jitter          (DJ):    0.000ns
    Phase Error              (PE):    0.000ns

    Location             Delay type                Incr(ns)  Path(ns)    Netlist Resource(s)
  -------------------------------------------------------------------    -------------------
                         (clock sys_clk_pin rise edge)
                                                      0.000     0.000 r  
    Y9                                                0.000     0.000 r  clk (IN)
                         net (fo=0)                   0.000     0.000    clk
    Y9                   IBUF (Prop_ibuf_I_O)         1.490     1.490 r  clk_IBUF_inst/O
                         net (fo=1, routed)           2.171     3.661    clk_IBUF
    BUFGCTRL_X0Y0        BUFG (Prop_bufg_I_O)         0.101     3.762 r  clk_IBUF_BUFG_inst/O
                         net (fo=1309, routed)        1.745     5.507    clk_IBUF_BUFG
    SLICE_X11Y17         FDRE                                         r  f_reg[19][4]/C
  -------------------------------------------------------------------    -------------------
    SLICE_X11Y17         FDRE (Prop_fdre_C_Q)         0.419     5.926 f  f_reg[19][4]/Q
                         net (fo=2, routed)           1.179     7.106    f_reg[19][4]
    SLICE_X10Y16         LUT6 (Prop_lut6_I0_O)        0.297     7.403 f  corr[15]_i_278/O
                         net (fo=1, routed)           0.000     7.403    corr[15]_i_278_n_0
    SLICE_X10Y16         MUXF7 (Prop_muxf7_I0_O)      0.241     7.644 f  corr_reg[15]_i_186/O
                         net (fo=2, routed)           0.619     8.263    corr_reg[15]_i_186_n_0
    SLICE_X10Y18         LUT6 (Prop_lut6_I1_O)        0.298     8.561 f  corr[15]_i_160/O
                         net (fo=6, routed)           1.032     9.592    corr[15]_i_160_n_0
    SLICE_X13Y22         LUT5 (Prop_lut5_I0_O)        0.124     9.716 r  corr[15]_i_106/O
                         net (fo=2, routed)           1.007    10.724    corr[15]_i_106_n_0
    SLICE_X12Y23         LUT6 (Prop_lut6_I3_O)        0.124    10.848 r  corr[15]_i_72/O
                         net (fo=1, routed)           0.000    10.848    corr[15]_i_72_n_0
    SLICE_X12Y23         CARRY4 (Prop_carry4_S[1]_O[2])
                                                      0.578    11.426 r  corr_reg[15]_i_30/O[2]
                         net (fo=2, routed)           0.314    11.740    corr_reg[15]_i_30_n_5
    SLICE_X13Y23         LUT3 (Prop_lut3_I2_O)        0.301    12.041 r  corr[7]_i_8/O
                         net (fo=2, routed)           1.039    13.080    corr[7]_i_8_n_0
    SLICE_X10Y23         LUT4 (Prop_lut4_I3_O)        0.124    13.204 r  corr[7]_i_12/O
                         net (fo=1, routed)           0.000    13.204    corr[7]_i_12_n_0
    SLICE_X10Y23         CARRY4 (Prop_carry4_S[3]_CO[3])
                                                      0.376    13.580 r  corr_reg[7]_i_7/CO[3]
                         net (fo=1, routed)           0.000    13.580    corr_reg[7]_i_7_n_0
    SLICE_X10Y24         CARRY4 (Prop_carry4_CI_O[0])
                                                      0.219    13.799 r  corr_reg[15]_i_8/O[0]
                         net (fo=1, routed)           0.495    14.294    corr1[8]
    SLICE_X9Y24          LUT2 (Prop_lut2_I1_O)        0.295    14.589 r  corr[11]_i_6/O
                         net (fo=1, routed)           0.000    14.589    corr[11]_i_6_n_0
    SLICE_X9Y24          CARRY4 (Prop_carry4_S[0]_CO[3])
                                                      0.532    15.121 r  corr_reg[11]_i_2/CO[3]
                         net (fo=1, routed)           0.009    15.130    corr_reg[11]_i_2_n_0
    SLICE_X9Y25          CARRY4 (Prop_carry4_CI_O[1])
                                                      0.334    15.464 r  corr_reg[15]_i_2/O[1]
                         net (fo=1, routed)           0.593    16.057    corr0[13]
    SLICE_X8Y27          LUT2 (Prop_lut2_I1_O)        0.303    16.360 r  corr[13]_i_1/O
                         net (fo=1, routed)           0.000    16.360    corr[13]_i_1_n_0
    SLICE_X8Y27          FDRE                                         r  corr_reg[13]/D
  -------------------------------------------------------------------    -------------------

                         (clock sys_clk_pin rise edge)
                                                     10.000    10.000 r  
    Y9                                                0.000    10.000 r  clk (IN)
                         net (fo=0)                   0.000    10.000    clk
    Y9                   IBUF (Prop_ibuf_I_O)         1.420    11.420 r  clk_IBUF_inst/O
                         net (fo=1, routed)           1.972    13.392    clk_IBUF
    BUFGCTRL_X0Y0        BUFG (Prop_bufg_I_O)         0.091    13.483 r  clk_IBUF_BUFG_inst/O
                         net (fo=1309, routed)        1.563    15.046    clk_IBUF_BUFG
    SLICE_X8Y27          FDRE                                         r  corr_reg[13]/C
                         clock pessimism              0.394    15.440    
                         clock uncertainty           -0.035    15.405    
    SLICE_X8Y27          FDRE (Setup_fdre_C_D)        0.077    15.482    corr_reg[13]
  -------------------------------------------------------------------
                         required time                         15.482    
                         arrival time                         -16.360    
  -------------------------------------------------------------------
                         slack                                 -0.878    

Slack (VIOLATED) :        -0.850ns  (required time - arrival time)
  Source:                 f_reg[19][4]/C
                            (rising edge-triggered cell FDRE clocked by sys_clk_pin  {rise@0.000ns fall@5.000ns period=10.000ns})
  Destination:            corr_reg[15]/D
                            (rising edge-triggered cell FDRE clocked by sys_clk_pin  {rise@0.000ns fall@5.000ns period=10.000ns})
  Path Group:             sys_clk_pin
  Path Type:              Setup (Max at Slow Process Corner)
  Requirement:            10.000ns  (sys_clk_pin rise@10.000ns - sys_clk_pin rise@0.000ns)
  Data Path Delay:        10.866ns  (logic 4.573ns (42.086%)  route 6.293ns (57.914%))
  Logic Levels:           14  (CARRY4=5 LUT2=2 LUT3=1 LUT4=1 LUT5=1 LUT6=3 MUXF7=1)
  Clock Path Skew:        -0.067ns (DCD - SCD + CPR)
    Destination Clock Delay (DCD):    5.046ns = ( 15.046 - 10.000 ) 
    Source Clock Delay      (SCD):    5.507ns
    Clock Pessimism Removal (CPR):    0.394ns
  Clock Uncertainty:      0.035ns  ((TSJ^2 + TIJ^2)^1/2 + DJ) / 2 + PE
    Total System Jitter     (TSJ):    0.071ns
    Total Input Jitter      (TIJ):    0.000ns
    Discrete Jitter          (DJ):    0.000ns
    Phase Error              (PE):    0.000ns

    Location             Delay type                Incr(ns)  Path(ns)    Netlist Resource(s)
  -------------------------------------------------------------------    -------------------
                         (clock sys_clk_pin rise edge)
                                                      0.000     0.000 r  
    Y9                                                0.000     0.000 r  clk (IN)
                         net (fo=0)                   0.000     0.000    clk
    Y9                   IBUF (Prop_ibuf_I_O)         1.490     1.490 r  clk_IBUF_inst/O
                         net (fo=1, routed)           2.171     3.661    clk_IBUF
    BUFGCTRL_X0Y0        BUFG (Prop_bufg_I_O)         0.101     3.762 r  clk_IBUF_BUFG_inst/O
                         net (fo=1309, routed)        1.745     5.507    clk_IBUF_BUFG
    SLICE_X11Y17         FDRE                                         r  f_reg[19][4]/C
  -------------------------------------------------------------------    -------------------
    SLICE_X11Y17         FDRE (Prop_fdre_C_Q)         0.419     5.926 f  f_reg[19][4]/Q
                         net (fo=2, routed)           1.179     7.106    f_reg[19][4]
    SLICE_X10Y16         LUT6 (Prop_lut6_I0_O)        0.297     7.403 f  corr[15]_i_278/O
                         net (fo=1, routed)           0.000     7.403    corr[15]_i_278_n_0
    SLICE_X10Y16         MUXF7 (Prop_muxf7_I0_O)      0.241     7.644 f  corr_reg[15]_i_186/O
                         net (fo=2, routed)           0.619     8.263    corr_reg[15]_i_186_n_0
    SLICE_X10Y18         LUT6 (Prop_lut6_I1_O)        0.298     8.561 f  corr[15]_i_160/O
                         net (fo=6, routed)           1.032     9.592    corr[15]_i_160_n_0
    SLICE_X13Y22         LUT5 (Prop_lut5_I0_O)        0.124     9.716 r  corr[15]_i_106/O
                         net (fo=2, routed)           1.007    10.724    corr[15]_i_106_n_0
    SLICE_X12Y23         LUT6 (Prop_lut6_I3_O)        0.124    10.848 r  corr[15]_i_72/O
                         net (fo=1, routed)           0.000    10.848    corr[15]_i_72_n_0
    SLICE_X12Y23         CARRY4 (Prop_carry4_S[1]_O[2])
                                                      0.578    11.426 r  corr_reg[15]_i_30/O[2]
                         net (fo=2, routed)           0.314    11.740    corr_reg[15]_i_30_n_5
    SLICE_X13Y23         LUT3 (Prop_lut3_I2_O)        0.301    12.041 r  corr[7]_i_8/O
                         net (fo=2, routed)           1.039    13.080    corr[7]_i_8_n_0
    SLICE_X10Y23         LUT4 (Prop_lut4_I3_O)        0.124    13.204 r  corr[7]_i_12/O
                         net (fo=1, routed)           0.000    13.204    corr[7]_i_12_n_0
    SLICE_X10Y23         CARRY4 (Prop_carry4_S[3]_CO[3])
                                                      0.376    13.580 r  corr_reg[7]_i_7/CO[3]
                         net (fo=1, routed)           0.000    13.580    corr_reg[7]_i_7_n_0
    SLICE_X10Y24         CARRY4 (Prop_carry4_CI_O[0])
                                                      0.219    13.799 r  corr_reg[15]_i_8/O[0]
                         net (fo=1, routed)           0.495    14.294    corr1[8]
    SLICE_X9Y24          LUT2 (Prop_lut2_I1_O)        0.295    14.589 r  corr[11]_i_6/O
                         net (fo=1, routed)           0.000    14.589    corr[11]_i_6_n_0
    SLICE_X9Y24          CARRY4 (Prop_carry4_S[0]_CO[3])
                                                      0.532    15.121 r  corr_reg[11]_i_2/CO[3]
                         net (fo=1, routed)           0.009    15.130    corr_reg[11]_i_2_n_0
    SLICE_X9Y25          CARRY4 (Prop_carry4_CI_O[3])
                                                      0.313    15.443 r  corr_reg[15]_i_2/O[3]
                         net (fo=1, routed)           0.598    16.041    corr0[15]
    SLICE_X8Y27          LUT2 (Prop_lut2_I1_O)        0.332    16.373 r  corr[15]_i_1/O
                         net (fo=1, routed)           0.000    16.373    corr[15]_i_1_n_0
    SLICE_X8Y27          FDRE                                         r  corr_reg[15]/D
  -------------------------------------------------------------------    -------------------

                         (clock sys_clk_pin rise edge)
                                                     10.000    10.000 r  
    Y9                                                0.000    10.000 r  clk (IN)
                         net (fo=0)                   0.000    10.000    clk
    Y9                   IBUF (Prop_ibuf_I_O)         1.420    11.420 r  clk_IBUF_inst/O
                         net (fo=1, routed)           1.972    13.392    clk_IBUF
    BUFGCTRL_X0Y0        BUFG (Prop_bufg_I_O)         0.091    13.483 r  clk_IBUF_BUFG_inst/O
                         net (fo=1309, routed)        1.563    15.046    clk_IBUF_BUFG
    SLICE_X8Y27          FDRE                                         r  corr_reg[15]/C
                         clock pessimism              0.394    15.440    
                         clock uncertainty           -0.035    15.405    
    SLICE_X8Y27          FDRE (Setup_fdre_C_D)        0.118    15.523    corr_reg[15]
  -------------------------------------------------------------------
                         required time                         15.523    
                         arrival time                         -16.373    
  -------------------------------------------------------------------
                         slack                                 -0.850    

Slack (VIOLATED) :        -0.849ns  (required time - arrival time)
  Source:                 f_reg[19][4]/C
                            (rising edge-triggered cell FDRE clocked by sys_clk_pin  {rise@0.000ns fall@5.000ns period=10.000ns})
  Destination:            corr_reg[20]/D
                            (rising edge-triggered cell FDRE clocked by sys_clk_pin  {rise@0.000ns fall@5.000ns period=10.000ns})
  Path Group:             sys_clk_pin
  Path Type:              Setup (Max at Slow Process Corner)
  Requirement:            10.000ns  (sys_clk_pin rise@10.000ns - sys_clk_pin rise@0.000ns)
  Data Path Delay:        10.865ns  (logic 4.882ns (44.933%)  route 5.983ns (55.067%))
  Logic Levels:           14  (CARRY4=6 LUT2=2 LUT3=1 LUT5=1 LUT6=3 MUXF7=1)
  Clock Path Skew:        -0.067ns (DCD - SCD + CPR)
    Destination Clock Delay (DCD):    5.046ns = ( 15.046 - 10.000 ) 
    Source Clock Delay      (SCD):    5.507ns
    Clock Pessimism Removal (CPR):    0.394ns
  Clock Uncertainty:      0.035ns  ((TSJ^2 + TIJ^2)^1/2 + DJ) / 2 + PE
    Total System Jitter     (TSJ):    0.071ns
    Total Input Jitter      (TIJ):    0.000ns
    Discrete Jitter          (DJ):    0.000ns
    Phase Error              (PE):    0.000ns

    Location             Delay type                Incr(ns)  Path(ns)    Netlist Resource(s)
  -------------------------------------------------------------------    -------------------
                         (clock sys_clk_pin rise edge)
                                                      0.000     0.000 r  
    Y9                                                0.000     0.000 r  clk (IN)
                         net (fo=0)                   0.000     0.000    clk
    Y9                   IBUF (Prop_ibuf_I_O)         1.490     1.490 r  clk_IBUF_inst/O
                         net (fo=1, routed)           2.171     3.661    clk_IBUF
    BUFGCTRL_X0Y0        BUFG (Prop_bufg_I_O)         0.101     3.762 r  clk_IBUF_BUFG_inst/O
                         net (fo=1309, routed)        1.745     5.507    clk_IBUF_BUFG
    SLICE_X11Y17         FDRE                                         r  f_reg[19][4]/C
  -------------------------------------------------------------------    -------------------
    SLICE_X11Y17         FDRE (Prop_fdre_C_Q)         0.419     5.926 f  f_reg[19][4]/Q
                         net (fo=2, routed)           1.179     7.106    f_reg[19][4]
    SLICE_X10Y16         LUT6 (Prop_lut6_I0_O)        0.297     7.403 f  corr[15]_i_278/O
                         net (fo=1, routed)           0.000     7.403    corr[15]_i_278_n_0
    SLICE_X10Y16         MUXF7 (Prop_muxf7_I0_O)      0.241     7.644 f  corr_reg[15]_i_186/O
                         net (fo=2, routed)           0.619     8.263    corr_reg[15]_i_186_n_0
    SLICE_X10Y18         LUT6 (Prop_lut6_I1_O)        0.298     8.561 f  corr[15]_i_160/O
                         net (fo=6, routed)           1.032     9.592    corr[15]_i_160_n_0
    SLICE_X13Y22         LUT5 (Prop_lut5_I0_O)        0.124     9.716 r  corr[15]_i_106/O
                         net (fo=2, routed)           1.007    10.724    corr[15]_i_106_n_0
    SLICE_X12Y23         LUT6 (Prop_lut6_I3_O)        0.124    10.848 r  corr[15]_i_72/O
                         net (fo=1, routed)           0.000    10.848    corr[15]_i_72_n_0
    SLICE_X12Y23         CARRY4 (Prop_carry4_S[1]_O[3])
                                                      0.643    11.491 r  corr_reg[15]_i_30/O[3]
                         net (fo=2, routed)           0.595    12.086    corr_reg[15]_i_30_n_4
    SLICE_X10Y23         LUT3 (Prop_lut3_I2_O)        0.302    12.388 r  corr[15]_i_18/O
                         net (fo=2, routed)           0.532    12.920    corr[15]_i_18_n_0
    SLICE_X10Y24         CARRY4 (Prop_carry4_DI[0]_CO[3])
                                                      0.781    13.701 r  corr_reg[15]_i_8/CO[3]
                         net (fo=1, routed)           0.009    13.710    corr_reg[15]_i_8_n_0
    SLICE_X10Y25         CARRY4 (Prop_carry4_CI_O[3])
                                                      0.315    14.025 r  corr_reg[15]_i_3/O[3]
                         net (fo=4, routed)           0.531    14.556    corr1[15]
    SLICE_X9Y25          LUT2 (Prop_lut2_I0_O)        0.307    14.863 r  corr[15]_i_4/O
                         net (fo=1, routed)           0.000    14.863    corr[15]_i_4_n_0
    SLICE_X9Y25          CARRY4 (Prop_carry4_S[3]_CO[3])
                                                      0.401    15.264 r  corr_reg[15]_i_2/CO[3]
                         net (fo=1, routed)           0.000    15.264    corr_reg[15]_i_2_n_0
    SLICE_X9Y26          CARRY4 (Prop_carry4_CI_CO[3])
                                                      0.114    15.378 r  corr_reg[19]_i_2/CO[3]
                         net (fo=1, routed)           0.000    15.378    corr_reg[19]_i_2_n_0
    SLICE_X9Y27          CARRY4 (Prop_carry4_CI_O[0])
                                                      0.222    15.600 r  corr_reg[21]_i_2/O[0]
                         net (fo=1, routed)           0.479    16.078    corr0[20]
    SLICE_X8Y27          LUT2 (Prop_lut2_I1_O)        0.294    16.372 r  corr[20]_i_1/O
                         net (fo=1, routed)           0.000    16.372    corr[20]_i_1_n_0
    SLICE_X8Y27          FDRE                                         r  corr_reg[20]/D
  -------------------------------------------------------------------    -------------------

                         (clock sys_clk_pin rise edge)
                                                     10.000    10.000 r  
    Y9                                                0.000    10.000 r  clk (IN)
                         net (fo=0)                   0.000    10.000    clk
    Y9                   IBUF (Prop_ibuf_I_O)         1.420    11.420 r  clk_IBUF_inst/O
                         net (fo=1, routed)           1.972    13.392    clk_IBUF
    BUFGCTRL_X0Y0        BUFG (Prop_bufg_I_O)         0.091    13.483 r  clk_IBUF_BUFG_inst/O
                         net (fo=1309, routed)        1.563    15.046    clk_IBUF_BUFG
    SLICE_X8Y27          FDRE                                         r  corr_reg[20]/C
                         clock pessimism              0.394    15.440    
                         clock uncertainty           -0.035    15.405    
    SLICE_X8Y27          FDRE (Setup_fdre_C_D)        0.118    15.523    corr_reg[20]
  -------------------------------------------------------------------
                         required time                         15.523    
                         arrival time                         -16.372    
  -------------------------------------------------------------------
                         slack                                 -0.849    

Slack (VIOLATED) :        -0.719ns  (required time - arrival time)
  Source:                 f_reg[19][4]/C
                            (rising edge-triggered cell FDRE clocked by sys_clk_pin  {rise@0.000ns fall@5.000ns period=10.000ns})
  Destination:            corr_reg[14]/D
                            (rising edge-triggered cell FDRE clocked by sys_clk_pin  {rise@0.000ns fall@5.000ns period=10.000ns})
  Path Group:             sys_clk_pin
  Path Type:              Setup (Max at Slow Process Corner)
  Requirement:            10.000ns  (sys_clk_pin rise@10.000ns - sys_clk_pin rise@0.000ns)
  Data Path Delay:        10.736ns  (logic 4.461ns (41.553%)  route 6.275ns (58.447%))
  Logic Levels:           14  (CARRY4=5 LUT2=2 LUT3=1 LUT4=1 LUT5=1 LUT6=3 MUXF7=1)
  Clock Path Skew:        -0.066ns (DCD - SCD + CPR)
    Destination Clock Delay (DCD):    5.047ns = ( 15.047 - 10.000 ) 
    Source Clock Delay      (SCD):    5.507ns
    Clock Pessimism Removal (CPR):    0.394ns
  Clock Uncertainty:      0.035ns  ((TSJ^2 + TIJ^2)^1/2 + DJ) / 2 + PE
    Total System Jitter     (TSJ):    0.071ns
    Total Input Jitter      (TIJ):    0.000ns
    Discrete Jitter          (DJ):    0.000ns
    Phase Error              (PE):    0.000ns

    Location             Delay type                Incr(ns)  Path(ns)    Netlist Resource(s)
  -------------------------------------------------------------------    -------------------
                         (clock sys_clk_pin rise edge)
                                                      0.000     0.000 r  
    Y9                                                0.000     0.000 r  clk (IN)
                         net (fo=0)                   0.000     0.000    clk
    Y9                   IBUF (Prop_ibuf_I_O)         1.490     1.490 r  clk_IBUF_inst/O
                         net (fo=1, routed)           2.171     3.661    clk_IBUF
    BUFGCTRL_X0Y0        BUFG (Prop_bufg_I_O)         0.101     3.762 r  clk_IBUF_BUFG_inst/O
                         net (fo=1309, routed)        1.745     5.507    clk_IBUF_BUFG
    SLICE_X11Y17         FDRE                                         r  f_reg[19][4]/C
  -------------------------------------------------------------------    -------------------
    SLICE_X11Y17         FDRE (Prop_fdre_C_Q)         0.419     5.926 f  f_reg[19][4]/Q
                         net (fo=2, routed)           1.179     7.106    f_reg[19][4]
    SLICE_X10Y16         LUT6 (Prop_lut6_I0_O)        0.297     7.403 f  corr[15]_i_278/O
                         net (fo=1, routed)           0.000     7.403    corr[15]_i_278_n_0
    SLICE_X10Y16         MUXF7 (Prop_muxf7_I0_O)      0.241     7.644 f  corr_reg[15]_i_186/O
                         net (fo=2, routed)           0.619     8.263    corr_reg[15]_i_186_n_0
    SLICE_X10Y18         LUT6 (Prop_lut6_I1_O)        0.298     8.561 f  corr[15]_i_160/O
                         net (fo=6, routed)           1.032     9.592    corr[15]_i_160_n_0
    SLICE_X13Y22         LUT5 (Prop_lut5_I0_O)        0.124     9.716 r  corr[15]_i_106/O
                         net (fo=2, routed)           1.007    10.724    corr[15]_i_106_n_0
    SLICE_X12Y23         LUT6 (Prop_lut6_I3_O)        0.124    10.848 r  corr[15]_i_72/O
                         net (fo=1, routed)           0.000    10.848    corr[15]_i_72_n_0
    SLICE_X12Y23         CARRY4 (Prop_carry4_S[1]_O[2])
                                                      0.578    11.426 r  corr_reg[15]_i_30/O[2]
                         net (fo=2, routed)           0.314    11.740    corr_reg[15]_i_30_n_5
    SLICE_X13Y23         LUT3 (Prop_lut3_I2_O)        0.301    12.041 r  corr[7]_i_8/O
                         net (fo=2, routed)           1.039    13.080    corr[7]_i_8_n_0
    SLICE_X10Y23         LUT4 (Prop_lut4_I3_O)        0.124    13.204 r  corr[7]_i_12/O
                         net (fo=1, routed)           0.000    13.204    corr[7]_i_12_n_0
    SLICE_X10Y23         CARRY4 (Prop_carry4_S[3]_CO[3])
                                                      0.376    13.580 r  corr_reg[7]_i_7/CO[3]
                         net (fo=1, routed)           0.000    13.580    corr_reg[7]_i_7_n_0
    SLICE_X10Y24         CARRY4 (Prop_carry4_CI_O[0])
                                                      0.219    13.799 r  corr_reg[15]_i_8/O[0]
                         net (fo=1, routed)           0.495    14.294    corr1[8]
    SLICE_X9Y24          LUT2 (Prop_lut2_I1_O)        0.295    14.589 r  corr[11]_i_6/O
                         net (fo=1, routed)           0.000    14.589    corr[11]_i_6_n_0
    SLICE_X9Y24          CARRY4 (Prop_carry4_S[0]_CO[3])
                                                      0.532    15.121 r  corr_reg[11]_i_2/CO[3]
                         net (fo=1, routed)           0.009    15.130    corr_reg[11]_i_2_n_0
    SLICE_X9Y25          CARRY4 (Prop_carry4_CI_O[2])
                                                      0.239    15.369 r  corr_reg[15]_i_2/O[2]
                         net (fo=1, routed)           0.580    15.949    corr0[14]
    SLICE_X10Y27         LUT2 (Prop_lut2_I1_O)        0.294    16.243 r  corr[14]_i_1/O
                         net (fo=1, routed)           0.000    16.243    corr[14]_i_1_n_0
    SLICE_X10Y27         FDRE                                         r  corr_reg[14]/D
  -------------------------------------------------------------------    -------------------

                         (clock sys_clk_pin rise edge)
                                                     10.000    10.000 r  
    Y9                                                0.000    10.000 r  clk (IN)
                         net (fo=0)                   0.000    10.000    clk
    Y9                   IBUF (Prop_ibuf_I_O)         1.420    11.420 r  clk_IBUF_inst/O
                         net (fo=1, routed)           1.972    13.392    clk_IBUF
    BUFGCTRL_X0Y0        BUFG (Prop_bufg_I_O)         0.091    13.483 r  clk_IBUF_BUFG_inst/O
                         net (fo=1309, routed)        1.564    15.047    clk_IBUF_BUFG
    SLICE_X10Y27         FDRE                                         r  corr_reg[14]/C
                         clock pessimism              0.394    15.441    
                         clock uncertainty           -0.035    15.406    
    SLICE_X10Y27         FDRE (Setup_fdre_C_D)        0.118    15.524    corr_reg[14]
  -------------------------------------------------------------------
                         required time                         15.524    
                         arrival time                         -16.243    
  -------------------------------------------------------------------
                         slack                                 -0.719    

Slack (VIOLATED) :        -0.706ns  (required time - arrival time)
  Source:                 f_reg[19][4]/C
                            (rising edge-triggered cell FDRE clocked by sys_clk_pin  {rise@0.000ns fall@5.000ns period=10.000ns})
  Destination:            corr_reg[18]/D
                            (rising edge-triggered cell FDRE clocked by sys_clk_pin  {rise@0.000ns fall@5.000ns period=10.000ns})
  Path Group:             sys_clk_pin
  Path Type:              Setup (Max at Slow Process Corner)
  Requirement:            10.000ns  (sys_clk_pin rise@10.000ns - sys_clk_pin rise@0.000ns)
  Data Path Delay:        10.722ns  (logic 4.786ns (44.637%)  route 5.936ns (55.363%))
  Logic Levels:           13  (CARRY4=5 LUT2=2 LUT3=1 LUT5=1 LUT6=3 MUXF7=1)
  Clock Path Skew:        -0.067ns (DCD - SCD + CPR)
    Destination Clock Delay (DCD):    5.046ns = ( 15.046 - 10.000 ) 
    Source Clock Delay      (SCD):    5.507ns
    Clock Pessimism Removal (CPR):    0.394ns
  Clock Uncertainty:      0.035ns  ((TSJ^2 + TIJ^2)^1/2 + DJ) / 2 + PE
    Total System Jitter     (TSJ):    0.071ns
    Total Input Jitter      (TIJ):    0.000ns
    Discrete Jitter          (DJ):    0.000ns
    Phase Error              (PE):    0.000ns

    Location             Delay type                Incr(ns)  Path(ns)    Netlist Resource(s)
  -------------------------------------------------------------------    -------------------
                         (clock sys_clk_pin rise edge)
                                                      0.000     0.000 r  
    Y9                                                0.000     0.000 r  clk (IN)
                         net (fo=0)                   0.000     0.000    clk
    Y9                   IBUF (Prop_ibuf_I_O)         1.490     1.490 r  clk_IBUF_inst/O
                         net (fo=1, routed)           2.171     3.661    clk_IBUF
    BUFGCTRL_X0Y0        BUFG (Prop_bufg_I_O)         0.101     3.762 r  clk_IBUF_BUFG_inst/O
                         net (fo=1309, routed)        1.745     5.507    clk_IBUF_BUFG
    SLICE_X11Y17         FDRE                                         r  f_reg[19][4]/C
  -------------------------------------------------------------------    -------------------
    SLICE_X11Y17         FDRE (Prop_fdre_C_Q)         0.419     5.926 f  f_reg[19][4]/Q
                         net (fo=2, routed)           1.179     7.106    f_reg[19][4]
    SLICE_X10Y16         LUT6 (Prop_lut6_I0_O)        0.297     7.403 f  corr[15]_i_278/O
                         net (fo=1, routed)           0.000     7.403    corr[15]_i_278_n_0
    SLICE_X10Y16         MUXF7 (Prop_muxf7_I0_O)      0.241     7.644 f  corr_reg[15]_i_186/O
                         net (fo=2, routed)           0.619     8.263    corr_reg[15]_i_186_n_0
    SLICE_X10Y18         LUT6 (Prop_lut6_I1_O)        0.298     8.561 f  corr[15]_i_160/O
                         net (fo=6, routed)           1.032     9.592    corr[15]_i_160_n_0
    SLICE_X13Y22         LUT5 (Prop_lut5_I0_O)        0.124     9.716 r  corr[15]_i_106/O
                         net (fo=2, routed)           1.007    10.724    corr[15]_i_106_n_0
    SLICE_X12Y23         LUT6 (Prop_lut6_I3_O)        0.124    10.848 r  corr[15]_i_72/O
                         net (fo=1, routed)           0.000    10.848    corr[15]_i_72_n_0
    SLICE_X12Y23         CARRY4 (Prop_carry4_S[1]_O[3])
                                                      0.643    11.491 r  corr_reg[15]_i_30/O[3]
                         net (fo=2, routed)           0.595    12.086    corr_reg[15]_i_30_n_4
    SLICE_X10Y23         LUT3 (Prop_lut3_I2_O)        0.302    12.388 r  corr[15]_i_18/O
                         net (fo=2, routed)           0.532    12.920    corr[15]_i_18_n_0
    SLICE_X10Y24         CARRY4 (Prop_carry4_DI[0]_CO[3])
                                                      0.781    13.701 r  corr_reg[15]_i_8/CO[3]
                         net (fo=1, routed)           0.009    13.710    corr_reg[15]_i_8_n_0
    SLICE_X10Y25         CARRY4 (Prop_carry4_CI_O[3])
                                                      0.315    14.025 r  corr_reg[15]_i_3/O[3]
                         net (fo=4, routed)           0.531    14.556    corr1[15]
    SLICE_X9Y25          LUT2 (Prop_lut2_I0_O)        0.307    14.863 r  corr[15]_i_4/O
                         net (fo=1, routed)           0.000    14.863    corr[15]_i_4_n_0
    SLICE_X9Y25          CARRY4 (Prop_carry4_S[3]_CO[3])
                                                      0.401    15.264 r  corr_reg[15]_i_2/CO[3]
                         net (fo=1, routed)           0.000    15.264    corr_reg[15]_i_2_n_0
    SLICE_X9Y26          CARRY4 (Prop_carry4_CI_O[2])
                                                      0.239    15.503 r  corr_reg[19]_i_2/O[2]
                         net (fo=1, routed)           0.432    15.934    corr0[18]
    SLICE_X8Y27          LUT2 (Prop_lut2_I1_O)        0.295    16.229 r  corr[18]_i_1/O
                         net (fo=1, routed)           0.000    16.229    corr[18]_i_1_n_0
    SLICE_X8Y27          FDRE                                         r  corr_reg[18]/D
  -------------------------------------------------------------------    -------------------

                         (clock sys_clk_pin rise edge)
                                                     10.000    10.000 r  
    Y9                                                0.000    10.000 r  clk (IN)
                         net (fo=0)                   0.000    10.000    clk
    Y9                   IBUF (Prop_ibuf_I_O)         1.420    11.420 r  clk_IBUF_inst/O
                         net (fo=1, routed)           1.972    13.392    clk_IBUF
    BUFGCTRL_X0Y0        BUFG (Prop_bufg_I_O)         0.091    13.483 r  clk_IBUF_BUFG_inst/O
                         net (fo=1309, routed)        1.563    15.046    clk_IBUF_BUFG
    SLICE_X8Y27          FDRE                                         r  corr_reg[18]/C
                         clock pessimism              0.394    15.440    
                         clock uncertainty           -0.035    15.405    
    SLICE_X8Y27          FDRE (Setup_fdre_C_D)        0.118    15.523    corr_reg[18]
  -------------------------------------------------------------------
                         required time                         15.523    
                         arrival time                         -16.229    
  -------------------------------------------------------------------
                         slack                                 -0.706    





Min Delay Paths
--------------------------------------------------------------------------------------
Slack (MET) :             0.138ns  (arrival time - required time)
  Source:                 f_reg[46][6]/C
                            (rising edge-triggered cell FDRE clocked by sys_clk_pin  {rise@0.000ns fall@5.000ns period=10.000ns})
  Destination:            f_reg[45][6]/D
                            (rising edge-triggered cell FDRE clocked by sys_clk_pin  {rise@0.000ns fall@5.000ns period=10.000ns})
  Path Group:             sys_clk_pin
  Path Type:              Hold (Min at Fast Process Corner)
  Requirement:            0.000ns  (sys_clk_pin rise@0.000ns - sys_clk_pin rise@0.000ns)
  Data Path Delay:        0.282ns  (logic 0.190ns (67.319%)  route 0.092ns (32.681%))
  Logic Levels:           1  (LUT3=1)
  Clock Path Skew:        0.013ns (DCD - SCD - CPR)
    Destination Clock Delay (DCD):    2.047ns
    Source Clock Delay      (SCD):    1.533ns
    Clock Pessimism Removal (CPR):    0.501ns

    Location             Delay type                Incr(ns)  Path(ns)    Netlist Resource(s)
  -------------------------------------------------------------------    -------------------
                         (clock sys_clk_pin rise edge)
                                                      0.000     0.000 r  
    Y9                                                0.000     0.000 r  clk (IN)
                         net (fo=0)                   0.000     0.000    clk
    Y9                   IBUF (Prop_ibuf_I_O)         0.258     0.258 r  clk_IBUF_inst/O
                         net (fo=1, routed)           0.663     0.921    clk_IBUF
    BUFGCTRL_X0Y0        BUFG (Prop_bufg_I_O)         0.026     0.947 r  clk_IBUF_BUFG_inst/O
                         net (fo=1309, routed)        0.586     1.533    clk_IBUF_BUFG
    SLICE_X21Y18         FDRE                                         r  f_reg[46][6]/C
  -------------------------------------------------------------------    -------------------
    SLICE_X21Y18         FDRE (Prop_fdre_C_Q)         0.141     1.674 r  f_reg[46][6]/Q
                         net (fo=2, routed)           0.092     1.766    f_reg[46][6]
    SLICE_X20Y18         LUT3 (Prop_lut3_I2_O)        0.049     1.815 r  f[45][6]_i_1/O
                         net (fo=1, routed)           0.000     1.815    f[45][6]_i_1_n_0
    SLICE_X20Y18         FDRE                                         r  f_reg[45][6]/D
  -------------------------------------------------------------------    -------------------

                         (clock sys_clk_pin rise edge)
                                                      0.000     0.000 r  
    Y9                                                0.000     0.000 r  clk (IN)
                         net (fo=0)                   0.000     0.000    clk
    Y9                   IBUF (Prop_ibuf_I_O)         0.446     0.446 r  clk_IBUF_inst/O
                         net (fo=1, routed)           0.719     1.165    clk_IBUF
    BUFGCTRL_X0Y0        BUFG (Prop_bufg_I_O)         0.029     1.194 r  clk_IBUF_BUFG_inst/O
                         net (fo=1309, routed)        0.853     2.047    clk_IBUF_BUFG
    SLICE_X20Y18         FDRE                                         r  f_reg[45][6]/C
                         clock pessimism             -0.501     1.546    
    SLICE_X20Y18         FDRE (Hold_fdre_C_D)         0.131     1.677    f_reg[45][6]
  -------------------------------------------------------------------
                         required time                         -1.677    
                         arrival time                           1.815    
  -------------------------------------------------------------------
                         slack                                  0.138    

Slack (MET) :             0.138ns  (arrival time - required time)
  Source:                 g_reg[29][3]/C
                            (rising edge-triggered cell FDRE clocked by sys_clk_pin  {rise@0.000ns fall@5.000ns period=10.000ns})
  Destination:            g_reg[28][3]/D
                            (rising edge-triggered cell FDRE clocked by sys_clk_pin  {rise@0.000ns fall@5.000ns period=10.000ns})
  Path Group:             sys_clk_pin
  Path Type:              Hold (Min at Fast Process Corner)
  Requirement:            0.000ns  (sys_clk_pin rise@0.000ns - sys_clk_pin rise@0.000ns)
  Data Path Delay:        0.282ns  (logic 0.190ns (67.304%)  route 0.092ns (32.696%))
  Logic Levels:           1  (LUT3=1)
  Clock Path Skew:        0.013ns (DCD - SCD - CPR)
    Destination Clock Delay (DCD):    2.051ns
    Source Clock Delay      (SCD):    1.537ns
    Clock Pessimism Removal (CPR):    0.501ns

    Location             Delay type                Incr(ns)  Path(ns)    Netlist Resource(s)
  -------------------------------------------------------------------    -------------------
                         (clock sys_clk_pin rise edge)
                                                      0.000     0.000 r  
    Y9                                                0.000     0.000 r  clk (IN)
                         net (fo=0)                   0.000     0.000    clk
    Y9                   IBUF (Prop_ibuf_I_O)         0.258     0.258 r  clk_IBUF_inst/O
                         net (fo=1, routed)           0.663     0.921    clk_IBUF
    BUFGCTRL_X0Y0        BUFG (Prop_bufg_I_O)         0.026     0.947 r  clk_IBUF_BUFG_inst/O
                         net (fo=1309, routed)        0.590     1.537    clk_IBUF_BUFG
    SLICE_X9Y15          FDRE                                         r  g_reg[29][3]/C
  -------------------------------------------------------------------    -------------------
    SLICE_X9Y15          FDRE (Prop_fdre_C_Q)         0.141     1.678 r  g_reg[29][3]/Q
                         net (fo=2, routed)           0.092     1.770    g[29][3]
    SLICE_X8Y15          LUT3 (Prop_lut3_I2_O)        0.049     1.819 r  g[28][3]_i_1/O
                         net (fo=1, routed)           0.000     1.819    g[28][3]_i_1_n_0
    SLICE_X8Y15          FDRE                                         r  g_reg[28][3]/D
  -------------------------------------------------------------------    -------------------

                         (clock sys_clk_pin rise edge)
                                                      0.000     0.000 r  
    Y9                                                0.000     0.000 r  clk (IN)
                         net (fo=0)                   0.000     0.000    clk
    Y9                   IBUF (Prop_ibuf_I_O)         0.446     0.446 r  clk_IBUF_inst/O
                         net (fo=1, routed)           0.719     1.165    clk_IBUF
    BUFGCTRL_X0Y0        BUFG (Prop_bufg_I_O)         0.029     1.194 r  clk_IBUF_BUFG_inst/O
                         net (fo=1309, routed)        0.857     2.051    clk_IBUF_BUFG
    SLICE_X8Y15          FDRE                                         r  g_reg[28][3]/C
                         clock pessimism             -0.501     1.550    
    SLICE_X8Y15          FDRE (Hold_fdre_C_D)         0.131     1.681    g_reg[28][3]
  -------------------------------------------------------------------
                         required time                         -1.681    
                         arrival time                           1.819    
  -------------------------------------------------------------------
                         slack                                  0.138    

Slack (MET) :             0.155ns  (arrival time - required time)
  Source:                 g_reg[52][6]/C
                            (rising edge-triggered cell FDRE clocked by sys_clk_pin  {rise@0.000ns fall@5.000ns period=10.000ns})
  Destination:            g_reg[51][6]/D
                            (rising edge-triggered cell FDRE clocked by sys_clk_pin  {rise@0.000ns fall@5.000ns period=10.000ns})
  Path Group:             sys_clk_pin
  Path Type:              Hold (Min at Fast Process Corner)
  Requirement:            0.000ns  (sys_clk_pin rise@0.000ns - sys_clk_pin rise@0.000ns)
  Data Path Delay:        0.289ns  (logic 0.186ns (64.293%)  route 0.103ns (35.707%))
  Logic Levels:           1  (LUT3=1)
  Clock Path Skew:        0.013ns (DCD - SCD - CPR)
    Destination Clock Delay (DCD):    2.046ns
    Source Clock Delay      (SCD):    1.531ns
    Clock Pessimism Removal (CPR):    0.502ns

    Location             Delay type                Incr(ns)  Path(ns)    Netlist Resource(s)
  -------------------------------------------------------------------    -------------------
                         (clock sys_clk_pin rise edge)
                                                      0.000     0.000 r  
    Y9                                                0.000     0.000 r  clk (IN)
                         net (fo=0)                   0.000     0.000    clk
    Y9                   IBUF (Prop_ibuf_I_O)         0.258     0.258 r  clk_IBUF_inst/O
                         net (fo=1, routed)           0.663     0.921    clk_IBUF
    BUFGCTRL_X0Y0        BUFG (Prop_bufg_I_O)         0.026     0.947 r  clk_IBUF_BUFG_inst/O
                         net (fo=1309, routed)        0.584     1.531    clk_IBUF_BUFG
    SLICE_X17Y29         FDRE                                         r  g_reg[52][6]/C
  -------------------------------------------------------------------    -------------------
    SLICE_X17Y29         FDRE (Prop_fdre_C_Q)         0.141     1.672 r  g_reg[52][6]/Q
                         net (fo=2, routed)           0.103     1.775    g[52][6]
    SLICE_X16Y29         LUT3 (Prop_lut3_I2_O)        0.045     1.820 r  g[51][6]_i_1/O
                         net (fo=1, routed)           0.000     1.820    g[51][6]_i_1_n_0
    SLICE_X16Y29         FDRE                                         r  g_reg[51][6]/D
  -------------------------------------------------------------------    -------------------

                         (clock sys_clk_pin rise edge)
                                                      0.000     0.000 r  
    Y9                                                0.000     0.000 r  clk (IN)
                         net (fo=0)                   0.000     0.000    clk
    Y9                   IBUF (Prop_ibuf_I_O)         0.446     0.446 r  clk_IBUF_inst/O
                         net (fo=1, routed)           0.719     1.165    clk_IBUF
    BUFGCTRL_X0Y0        BUFG (Prop_bufg_I_O)         0.029     1.194 r  clk_IBUF_BUFG_inst/O
                         net (fo=1309, routed)        0.852     2.046    clk_IBUF_BUFG
    SLICE_X16Y29         FDRE                                         r  g_reg[51][6]/C
                         clock pessimism             -0.502     1.544    
    SLICE_X16Y29         FDRE (Hold_fdre_C_D)         0.121     1.665    g_reg[51][6]
  -------------------------------------------------------------------
                         required time                         -1.665    
                         arrival time                           1.820    
  -------------------------------------------------------------------
                         slack                                  0.155    

Slack (MET) :             0.182ns  (arrival time - required time)
  Source:                 g_reg[43][5]/C
                            (rising edge-triggered cell FDRE clocked by sys_clk_pin  {rise@0.000ns fall@5.000ns period=10.000ns})
  Destination:            g_reg[42][5]/D
                            (rising edge-triggered cell FDRE clocked by sys_clk_pin  {rise@0.000ns fall@5.000ns period=10.000ns})
  Path Group:             sys_clk_pin
  Path Type:              Hold (Min at Fast Process Corner)
  Requirement:            0.000ns  (sys_clk_pin rise@0.000ns - sys_clk_pin rise@0.000ns)
  Data Path Delay:        0.326ns  (logic 0.190ns (58.363%)  route 0.136ns (41.637%))
  Logic Levels:           1  (LUT3=1)
  Clock Path Skew:        0.013ns (DCD - SCD - CPR)
    Destination Clock Delay (DCD):    2.073ns
    Source Clock Delay      (SCD):    1.560ns
    Clock Pessimism Removal (CPR):    0.500ns

    Location             Delay type                Incr(ns)  Path(ns)    Netlist Resource(s)
  -------------------------------------------------------------------    -------------------
                         (clock sys_clk_pin rise edge)
                                                      0.000     0.000 r  
    Y9                                                0.000     0.000 r  clk (IN)
                         net (fo=0)                   0.000     0.000    clk
    Y9                   IBUF (Prop_ibuf_I_O)         0.258     0.258 r  clk_IBUF_inst/O
                         net (fo=1, routed)           0.663     0.921    clk_IBUF
    BUFGCTRL_X0Y0        BUFG (Prop_bufg_I_O)         0.026     0.947 r  clk_IBUF_BUFG_inst/O
                         net (fo=1309, routed)        0.613     1.560    clk_IBUF_BUFG
    SLICE_X5Y22          FDRE                                         r  g_reg[43][5]/C
  -------------------------------------------------------------------    -------------------
    SLICE_X5Y22          FDRE (Prop_fdre_C_Q)         0.141     1.701 r  g_reg[43][5]/Q
                         net (fo=2, routed)           0.136     1.836    g[43][5]
    SLICE_X6Y22          LUT3 (Prop_lut3_I2_O)        0.049     1.885 r  g[42][5]_i_1/O
                         net (fo=1, routed)           0.000     1.885    g[42][5]_i_1_n_0
    SLICE_X6Y22          FDRE                                         r  g_reg[42][5]/D
  -------------------------------------------------------------------    -------------------

                         (clock sys_clk_pin rise edge)
                                                      0.000     0.000 r  
    Y9                                                0.000     0.000 r  clk (IN)
                         net (fo=0)                   0.000     0.000    clk
    Y9                   IBUF (Prop_ibuf_I_O)         0.446     0.446 r  clk_IBUF_inst/O
                         net (fo=1, routed)           0.719     1.165    clk_IBUF
    BUFGCTRL_X0Y0        BUFG (Prop_bufg_I_O)         0.029     1.194 r  clk_IBUF_BUFG_inst/O
                         net (fo=1309, routed)        0.879     2.073    clk_IBUF_BUFG
    SLICE_X6Y22          FDRE                                         r  g_reg[42][5]/C
                         clock pessimism             -0.500     1.573    
    SLICE_X6Y22          FDRE (Hold_fdre_C_D)         0.131     1.704    g_reg[42][5]
  -------------------------------------------------------------------
                         required time                         -1.704    
                         arrival time                           1.885    
  -------------------------------------------------------------------
                         slack                                  0.182    

Slack (MET) :             0.186ns  (arrival time - required time)
  Source:                 corr_counter_reg[6]/C
                            (rising edge-triggered cell FDRE clocked by sys_clk_pin  {rise@0.000ns fall@5.000ns period=10.000ns})
  Destination:            FSM_onehot_state_reg[2]/D
                            (rising edge-triggered cell FDRE clocked by sys_clk_pin  {rise@0.000ns fall@5.000ns period=10.000ns})
  Path Group:             sys_clk_pin
  Path Type:              Hold (Min at Fast Process Corner)
  Requirement:            0.000ns  (sys_clk_pin rise@0.000ns - sys_clk_pin rise@0.000ns)
  Data Path Delay:        0.321ns  (logic 0.186ns (57.858%)  route 0.135ns (42.142%))
  Logic Levels:           1  (LUT6=1)
  Clock Path Skew:        0.015ns (DCD - SCD - CPR)
    Destination Clock Delay (DCD):    2.046ns
    Source Clock Delay      (SCD):    1.531ns
    Clock Pessimism Removal (CPR):    0.500ns

    Location             Delay type                Incr(ns)  Path(ns)    Netlist Resource(s)
  -------------------------------------------------------------------    -------------------
                         (clock sys_clk_pin rise edge)
                                                      0.000     0.000 r  
    Y9                                                0.000     0.000 r  clk (IN)
                         net (fo=0)                   0.000     0.000    clk
    Y9                   IBUF (Prop_ibuf_I_O)         0.258     0.258 r  clk_IBUF_inst/O
                         net (fo=1, routed)           0.663     0.921    clk_IBUF
    BUFGCTRL_X0Y0        BUFG (Prop_bufg_I_O)         0.026     0.947 r  clk_IBUF_BUFG_inst/O
                         net (fo=1309, routed)        0.584     1.531    clk_IBUF_BUFG
    SLICE_X11Y28         FDRE                                         r  corr_counter_reg[6]/C
  -------------------------------------------------------------------    -------------------
    SLICE_X11Y28         FDRE (Prop_fdre_C_Q)         0.141     1.672 r  corr_counter_reg[6]/Q
                         net (fo=8, routed)           0.135     1.807    corr_counter_reg_n_0_[6]
    SLICE_X10Y29         LUT6 (Prop_lut6_I2_O)        0.045     1.852 r  FSM_onehot_state[2]_i_1/O
                         net (fo=1, routed)           0.000     1.852    FSM_onehot_state[2]_i_1_n_0
    SLICE_X10Y29         FDRE                                         r  FSM_onehot_state_reg[2]/D
  -------------------------------------------------------------------    -------------------

                         (clock sys_clk_pin rise edge)
                                                      0.000     0.000 r  
    Y9                                                0.000     0.000 r  clk (IN)
                         net (fo=0)                   0.000     0.000    clk
    Y9                   IBUF (Prop_ibuf_I_O)         0.446     0.446 r  clk_IBUF_inst/O
                         net (fo=1, routed)           0.719     1.165    clk_IBUF
    BUFGCTRL_X0Y0        BUFG (Prop_bufg_I_O)         0.029     1.194 r  clk_IBUF_BUFG_inst/O
                         net (fo=1309, routed)        0.852     2.046    clk_IBUF_BUFG
    SLICE_X10Y29         FDRE                                         r  FSM_onehot_state_reg[2]/C
                         clock pessimism             -0.500     1.546    
    SLICE_X10Y29         FDRE (Hold_fdre_C_D)         0.120     1.666    FSM_onehot_state_reg[2]
  -------------------------------------------------------------------
                         required time                         -1.666    
                         arrival time                           1.852    
  -------------------------------------------------------------------
                         slack                                  0.186    

Slack (MET) :             0.187ns  (arrival time - required time)
  Source:                 g_reg[16][7]/C
                            (rising edge-triggered cell FDRE clocked by sys_clk_pin  {rise@0.000ns fall@5.000ns period=10.000ns})
  Destination:            g_reg[15][7]/D
                            (rising edge-triggered cell FDRE clocked by sys_clk_pin  {rise@0.000ns fall@5.000ns period=10.000ns})
  Path Group:             sys_clk_pin
  Path Type:              Hold (Min at Fast Process Corner)
  Requirement:            0.000ns  (sys_clk_pin rise@0.000ns - sys_clk_pin rise@0.000ns)
  Data Path Delay:        0.307ns  (logic 0.213ns (69.381%)  route 0.094ns (30.619%))
  Logic Levels:           1  (LUT3=1)
  Clock Path Skew:        0.013ns (DCD - SCD - CPR)
    Destination Clock Delay (DCD):    2.048ns
    Source Clock Delay      (SCD):    1.534ns
    Clock Pessimism Removal (CPR):    0.501ns

    Location             Delay type                Incr(ns)  Path(ns)    Netlist Resource(s)
  -------------------------------------------------------------------    -------------------
                         (clock sys_clk_pin rise edge)
                                                      0.000     0.000 r  
    Y9                                                0.000     0.000 r  clk (IN)
                         net (fo=0)                   0.000     0.000    clk
    Y9                   IBUF (Prop_ibuf_I_O)         0.258     0.258 r  clk_IBUF_inst/O
                         net (fo=1, routed)           0.663     0.921    clk_IBUF
    BUFGCTRL_X0Y0        BUFG (Prop_bufg_I_O)         0.026     0.947 r  clk_IBUF_BUFG_inst/O
                         net (fo=1309, routed)        0.587     1.534    clk_IBUF_BUFG
    SLICE_X12Y31         FDRE                                         r  g_reg[16][7]/C
  -------------------------------------------------------------------    -------------------
    SLICE_X12Y31         FDRE (Prop_fdre_C_Q)         0.164     1.698 r  g_reg[16][7]/Q
                         net (fo=2, routed)           0.094     1.792    g[16][7]
    SLICE_X13Y31         LUT3 (Prop_lut3_I2_O)        0.049     1.841 r  g[15][7]_i_1/O
                         net (fo=1, routed)           0.000     1.841    g[15][7]_i_1_n_0
    SLICE_X13Y31         FDRE                                         r  g_reg[15][7]/D
  -------------------------------------------------------------------    -------------------

                         (clock sys_clk_pin rise edge)
                                                      0.000     0.000 r  
    Y9                                                0.000     0.000 r  clk (IN)
                         net (fo=0)                   0.000     0.000    clk
    Y9                   IBUF (Prop_ibuf_I_O)         0.446     0.446 r  clk_IBUF_inst/O
                         net (fo=1, routed)           0.719     1.165    clk_IBUF
    BUFGCTRL_X0Y0        BUFG (Prop_bufg_I_O)         0.029     1.194 r  clk_IBUF_BUFG_inst/O
                         net (fo=1309, routed)        0.854     2.048    clk_IBUF_BUFG
    SLICE_X13Y31         FDRE                                         r  g_reg[15][7]/C
                         clock pessimism             -0.501     1.547    
    SLICE_X13Y31         FDRE (Hold_fdre_C_D)         0.107     1.654    g_reg[15][7]
  -------------------------------------------------------------------
                         required time                         -1.654    
                         arrival time                           1.841    
  -------------------------------------------------------------------
                         slack                                  0.187    

Slack (MET) :             0.188ns  (arrival time - required time)
  Source:                 g_reg[42][4]/C
                            (rising edge-triggered cell FDRE clocked by sys_clk_pin  {rise@0.000ns fall@5.000ns period=10.000ns})
  Destination:            g_reg[41][4]/D
                            (rising edge-triggered cell FDRE clocked by sys_clk_pin  {rise@0.000ns fall@5.000ns period=10.000ns})
  Path Group:             sys_clk_pin
  Path Type:              Hold (Min at Fast Process Corner)
  Requirement:            0.000ns  (sys_clk_pin rise@0.000ns - sys_clk_pin rise@0.000ns)
  Data Path Delay:        0.308ns  (logic 0.213ns (69.088%)  route 0.095ns (30.912%))
  Logic Levels:           1  (LUT3=1)
  Clock Path Skew:        0.013ns (DCD - SCD - CPR)
    Destination Clock Delay (DCD):    2.078ns
    Source Clock Delay      (SCD):    1.563ns
    Clock Pessimism Removal (CPR):    0.502ns

    Location             Delay type                Incr(ns)  Path(ns)    Netlist Resource(s)
  -------------------------------------------------------------------    -------------------
                         (clock sys_clk_pin rise edge)
                                                      0.000     0.000 r  
    Y9                                                0.000     0.000 r  clk (IN)
                         net (fo=0)                   0.000     0.000    clk
    Y9                   IBUF (Prop_ibuf_I_O)         0.258     0.258 r  clk_IBUF_inst/O
                         net (fo=1, routed)           0.663     0.921    clk_IBUF
    BUFGCTRL_X0Y0        BUFG (Prop_bufg_I_O)         0.026     0.947 r  clk_IBUF_BUFG_inst/O
                         net (fo=1309, routed)        0.616     1.563    clk_IBUF_BUFG
    SLICE_X2Y18          FDRE                                         r  g_reg[42][4]/C
  -------------------------------------------------------------------    -------------------
    SLICE_X2Y18          FDRE (Prop_fdre_C_Q)         0.164     1.727 r  g_reg[42][4]/Q
                         net (fo=2, routed)           0.095     1.822    g[42][4]
    SLICE_X3Y18          LUT3 (Prop_lut3_I2_O)        0.049     1.871 r  g[41][4]_i_1/O
                         net (fo=1, routed)           0.000     1.871    g[41][4]_i_1_n_0
    SLICE_X3Y18          FDRE                                         r  g_reg[41][4]/D
  -------------------------------------------------------------------    -------------------

                         (clock sys_clk_pin rise edge)
                                                      0.000     0.000 r  
    Y9                                                0.000     0.000 r  clk (IN)
                         net (fo=0)                   0.000     0.000    clk
    Y9                   IBUF (Prop_ibuf_I_O)         0.446     0.446 r  clk_IBUF_inst/O
                         net (fo=1, routed)           0.719     1.165    clk_IBUF
    BUFGCTRL_X0Y0        BUFG (Prop_bufg_I_O)         0.029     1.194 r  clk_IBUF_BUFG_inst/O
                         net (fo=1309, routed)        0.884     2.078    clk_IBUF_BUFG
    SLICE_X3Y18          FDRE                                         r  g_reg[41][4]/C
                         clock pessimism             -0.502     1.576    
    SLICE_X3Y18          FDRE (Hold_fdre_C_D)         0.107     1.683    g_reg[41][4]
  -------------------------------------------------------------------
                         required time                         -1.683    
                         arrival time                           1.871    
  -------------------------------------------------------------------
                         slack                                  0.188    

Slack (MET) :             0.190ns  (arrival time - required time)
  Source:                 f_reg[33][3]/C
                            (rising edge-triggered cell FDRE clocked by sys_clk_pin  {rise@0.000ns fall@5.000ns period=10.000ns})
  Destination:            f_reg[32][3]/D
                            (rising edge-triggered cell FDRE clocked by sys_clk_pin  {rise@0.000ns fall@5.000ns period=10.000ns})
  Path Group:             sys_clk_pin
  Path Type:              Hold (Min at Fast Process Corner)
  Requirement:            0.000ns  (sys_clk_pin rise@0.000ns - sys_clk_pin rise@0.000ns)
  Data Path Delay:        0.310ns  (logic 0.213ns (68.606%)  route 0.097ns (31.394%))
  Logic Levels:           1  (LUT3=1)
  Clock Path Skew:        0.013ns (DCD - SCD - CPR)
    Destination Clock Delay (DCD):    2.044ns
    Source Clock Delay      (SCD):    1.530ns
    Clock Pessimism Removal (CPR):    0.501ns

    Location             Delay type                Incr(ns)  Path(ns)    Netlist Resource(s)
  -------------------------------------------------------------------    -------------------
                         (clock sys_clk_pin rise edge)
                                                      0.000     0.000 r  
    Y9                                                0.000     0.000 r  clk (IN)
                         net (fo=0)                   0.000     0.000    clk
    Y9                   IBUF (Prop_ibuf_I_O)         0.258     0.258 r  clk_IBUF_inst/O
                         net (fo=1, routed)           0.663     0.921    clk_IBUF
    BUFGCTRL_X0Y0        BUFG (Prop_bufg_I_O)         0.026     0.947 r  clk_IBUF_BUFG_inst/O
                         net (fo=1309, routed)        0.583     1.530    clk_IBUF_BUFG
    SLICE_X20Y21         FDRE                                         r  f_reg[33][3]/C
  -------------------------------------------------------------------    -------------------
    SLICE_X20Y21         FDRE (Prop_fdre_C_Q)         0.164     1.694 r  f_reg[33][3]/Q
                         net (fo=2, routed)           0.097     1.791    f_reg[33][3]
    SLICE_X21Y21         LUT3 (Prop_lut3_I2_O)        0.049     1.840 r  f[32][3]_i_1/O
                         net (fo=1, routed)           0.000     1.840    f[32][3]_i_1_n_0
    SLICE_X21Y21         FDRE                                         r  f_reg[32][3]/D
  -------------------------------------------------------------------    -------------------

                         (clock sys_clk_pin rise edge)
                                                      0.000     0.000 r  
    Y9                                                0.000     0.000 r  clk (IN)
                         net (fo=0)                   0.000     0.000    clk
    Y9                   IBUF (Prop_ibuf_I_O)         0.446     0.446 r  clk_IBUF_inst/O
                         net (fo=1, routed)           0.719     1.165    clk_IBUF
    BUFGCTRL_X0Y0        BUFG (Prop_bufg_I_O)         0.029     1.194 r  clk_IBUF_BUFG_inst/O
                         net (fo=1309, routed)        0.850     2.044    clk_IBUF_BUFG
    SLICE_X21Y21         FDRE                                         r  f_reg[32][3]/C
                         clock pessimism             -0.501     1.543    
    SLICE_X21Y21         FDRE (Hold_fdre_C_D)         0.107     1.650    f_reg[32][3]
  -------------------------------------------------------------------
                         required time                         -1.650    
                         arrival time                           1.840    
  -------------------------------------------------------------------
                         slack                                  0.190    

Slack (MET) :             0.196ns  (arrival time - required time)
  Source:                 g_reg[53][1]/C
                            (rising edge-triggered cell FDRE clocked by sys_clk_pin  {rise@0.000ns fall@5.000ns period=10.000ns})
  Destination:            g_reg[52][1]/D
                            (rising edge-triggered cell FDRE clocked by sys_clk_pin  {rise@0.000ns fall@5.000ns period=10.000ns})
  Path Group:             sys_clk_pin
  Path Type:              Hold (Min at Fast Process Corner)
  Requirement:            0.000ns  (sys_clk_pin rise@0.000ns - sys_clk_pin rise@0.000ns)
  Data Path Delay:        0.330ns  (logic 0.186ns (56.347%)  route 0.144ns (43.654%))
  Logic Levels:           1  (LUT3=1)
  Clock Path Skew:        0.013ns (DCD - SCD - CPR)
    Destination Clock Delay (DCD):    2.049ns
    Source Clock Delay      (SCD):    1.535ns
    Clock Pessimism Removal (CPR):    0.501ns

    Location             Delay type                Incr(ns)  Path(ns)    Netlist Resource(s)
  -------------------------------------------------------------------    -------------------
                         (clock sys_clk_pin rise edge)
                                                      0.000     0.000 r  
    Y9                                                0.000     0.000 r  clk (IN)
                         net (fo=0)                   0.000     0.000    clk
    Y9                   IBUF (Prop_ibuf_I_O)         0.258     0.258 r  clk_IBUF_inst/O
                         net (fo=1, routed)           0.663     0.921    clk_IBUF
    BUFGCTRL_X0Y0        BUFG (Prop_bufg_I_O)         0.026     0.947 r  clk_IBUF_BUFG_inst/O
                         net (fo=1309, routed)        0.588     1.535    clk_IBUF_BUFG
    SLICE_X13Y17         FDRE                                         r  g_reg[53][1]/C
  -------------------------------------------------------------------    -------------------
    SLICE_X13Y17         FDRE (Prop_fdre_C_Q)         0.141     1.676 r  g_reg[53][1]/Q
                         net (fo=2, routed)           0.144     1.820    g[53][1]
    SLICE_X12Y17         LUT3 (Prop_lut3_I2_O)        0.045     1.865 r  g[52][1]_i_1/O
                         net (fo=1, routed)           0.000     1.865    g[52][1]_i_1_n_0
    SLICE_X12Y17         FDRE                                         r  g_reg[52][1]/D
  -------------------------------------------------------------------    -------------------

                         (clock sys_clk_pin rise edge)
                                                      0.000     0.000 r  
    Y9                                                0.000     0.000 r  clk (IN)
                         net (fo=0)                   0.000     0.000    clk
    Y9                   IBUF (Prop_ibuf_I_O)         0.446     0.446 r  clk_IBUF_inst/O
                         net (fo=1, routed)           0.719     1.165    clk_IBUF
    BUFGCTRL_X0Y0        BUFG (Prop_bufg_I_O)         0.029     1.194 r  clk_IBUF_BUFG_inst/O
                         net (fo=1309, routed)        0.855     2.049    clk_IBUF_BUFG
    SLICE_X12Y17         FDRE                                         r  g_reg[52][1]/C
                         clock pessimism             -0.501     1.548    
    SLICE_X12Y17         FDRE (Hold_fdre_C_D)         0.121     1.669    g_reg[52][1]
  -------------------------------------------------------------------
                         required time                         -1.669    
                         arrival time                           1.865    
  -------------------------------------------------------------------
                         slack                                  0.196    

Slack (MET) :             0.196ns  (arrival time - required time)
  Source:                 f_reg[11][3]/C
                            (rising edge-triggered cell FDRE clocked by sys_clk_pin  {rise@0.000ns fall@5.000ns period=10.000ns})
  Destination:            f_reg[10][3]/D
                            (rising edge-triggered cell FDRE clocked by sys_clk_pin  {rise@0.000ns fall@5.000ns period=10.000ns})
  Path Group:             sys_clk_pin
  Path Type:              Hold (Min at Fast Process Corner)
  Requirement:            0.000ns  (sys_clk_pin rise@0.000ns - sys_clk_pin rise@0.000ns)
  Data Path Delay:        0.362ns  (logic 0.213ns (58.786%)  route 0.149ns (41.214%))
  Logic Levels:           1  (LUT3=1)
  Clock Path Skew:        0.035ns (DCD - SCD - CPR)
    Destination Clock Delay (DCD):    2.047ns
    Source Clock Delay      (SCD):    1.532ns
    Clock Pessimism Removal (CPR):    0.480ns

    Location             Delay type                Incr(ns)  Path(ns)    Netlist Resource(s)
  -------------------------------------------------------------------    -------------------
                         (clock sys_clk_pin rise edge)
                                                      0.000     0.000 r  
    Y9                                                0.000     0.000 r  clk (IN)
                         net (fo=0)                   0.000     0.000    clk
    Y9                   IBUF (Prop_ibuf_I_O)         0.258     0.258 r  clk_IBUF_inst/O
                         net (fo=1, routed)           0.663     0.921    clk_IBUF
    BUFGCTRL_X0Y0        BUFG (Prop_bufg_I_O)         0.026     0.947 r  clk_IBUF_BUFG_inst/O
                         net (fo=1309, routed)        0.585     1.532    clk_IBUF_BUFG
    SLICE_X8Y20          FDRE                                         r  f_reg[11][3]/C
  -------------------------------------------------------------------    -------------------
    SLICE_X8Y20          FDRE (Prop_fdre_C_Q)         0.164     1.696 r  f_reg[11][3]/Q
                         net (fo=2, routed)           0.149     1.845    f_reg[11][3]
    SLICE_X10Y19         LUT3 (Prop_lut3_I2_O)        0.049     1.894 r  f[10][3]_i_1/O
                         net (fo=1, routed)           0.000     1.894    f[10][3]_i_1_n_0
    SLICE_X10Y19         FDRE                                         r  f_reg[10][3]/D
  -------------------------------------------------------------------    -------------------

                         (clock sys_clk_pin rise edge)
                                                      0.000     0.000 r  
    Y9                                                0.000     0.000 r  clk (IN)
                         net (fo=0)                   0.000     0.000    clk
    Y9                   IBUF (Prop_ibuf_I_O)         0.446     0.446 r  clk_IBUF_inst/O
                         net (fo=1, routed)           0.719     1.165    clk_IBUF
    BUFGCTRL_X0Y0        BUFG (Prop_bufg_I_O)         0.029     1.194 r  clk_IBUF_BUFG_inst/O
                         net (fo=1309, routed)        0.853     2.047    clk_IBUF_BUFG
    SLICE_X10Y19         FDRE                                         r  f_reg[10][3]/C
                         clock pessimism             -0.480     1.567    
    SLICE_X10Y19         FDRE (Hold_fdre_C_D)         0.131     1.698    f_reg[10][3]
  -------------------------------------------------------------------
                         required time                         -1.698    
                         arrival time                           1.894    
  -------------------------------------------------------------------
                         slack                                  0.196    





Pulse Width Checks
--------------------------------------------------------------------------------------
Clock Name:         sys_clk_pin
Waveform(ns):       { 0.000 5.000 }
Period(ns):         10.000
Sources:            { clk }

Check Type        Corner  Lib Pin             Reference Pin  Required(ns)  Actual(ns)  Slack(ns)  Location       Pin
Min Period        n/a     RAMB18E1/CLKARDCLK  n/a            2.576         10.000      7.424      RAMB18_X0Y8    ram0/RAM_reg/CLKARDCLK
Min Period        n/a     BUFG/I              n/a            2.155         10.000      7.845      BUFGCTRL_X0Y0  clk_IBUF_BUFG_inst/I
Min Period        n/a     FDRE/C              n/a            1.000         10.000      9.000      SLICE_X8Y13    FSM_onehot_state_reg[0]/C
Min Period        n/a     FDRE/C              n/a            1.000         10.000      9.000      SLICE_X7Y15    FSM_onehot_state_reg[0]_rep/C
Min Period        n/a     FDRE/C              n/a            1.000         10.000      9.000      SLICE_X8Y13    FSM_onehot_state_reg[0]_rep__0/C
Min Period        n/a     FDRE/C              n/a            1.000         10.000      9.000      SLICE_X7Y15    FSM_onehot_state_reg[0]_rep__1/C
Min Period        n/a     FDRE/C              n/a            1.000         10.000      9.000      SLICE_X8Y13    FSM_onehot_state_reg[0]_rep__2/C
Min Period        n/a     FDRE/C              n/a            1.000         10.000      9.000      SLICE_X8Y14    FSM_onehot_state_reg[1]/C
Min Period        n/a     FDRE/C              n/a            1.000         10.000      9.000      SLICE_X8Y14    FSM_onehot_state_reg[1]_rep/C
Min Period        n/a     FDRE/C              n/a            1.000         10.000      9.000      SLICE_X8Y14    FSM_onehot_state_reg[1]_rep__0/C
Low Pulse Width   Slow    FDRE/C              n/a            0.500         5.000       4.500      SLICE_X8Y13    FSM_onehot_state_reg[0]/C
Low Pulse Width   Fast    FDRE/C              n/a            0.500         5.000       4.500      SLICE_X8Y13    FSM_onehot_state_reg[0]/C
Low Pulse Width   Slow    FDRE/C              n/a            0.500         5.000       4.500      SLICE_X7Y15    FSM_onehot_state_reg[0]_rep/C
Low Pulse Width   Fast    FDRE/C              n/a            0.500         5.000       4.500      SLICE_X7Y15    FSM_onehot_state_reg[0]_rep/C
Low Pulse Width   Slow    FDRE/C              n/a            0.500         5.000       4.500      SLICE_X8Y13    FSM_onehot_state_reg[0]_rep__0/C
Low Pulse Width   Fast    FDRE/C              n/a            0.500         5.000       4.500      SLICE_X8Y13    FSM_onehot_state_reg[0]_rep__0/C
Low Pulse Width   Slow    FDRE/C              n/a            0.500         5.000       4.500      SLICE_X7Y15    FSM_onehot_state_reg[0]_rep__1/C
Low Pulse Width   Fast    FDRE/C              n/a            0.500         5.000       4.500      SLICE_X7Y15    FSM_onehot_state_reg[0]_rep__1/C
Low Pulse Width   Slow    FDRE/C              n/a            0.500         5.000       4.500      SLICE_X8Y13    FSM_onehot_state_reg[0]_rep__2/C
Low Pulse Width   Fast    FDRE/C              n/a            0.500         5.000       4.500      SLICE_X8Y13    FSM_onehot_state_reg[0]_rep__2/C
High Pulse Width  Slow    FDRE/C              n/a            0.500         5.000       4.500      SLICE_X8Y13    FSM_onehot_state_reg[0]/C
High Pulse Width  Fast    FDRE/C              n/a            0.500         5.000       4.500      SLICE_X8Y13    FSM_onehot_state_reg[0]/C
High Pulse Width  Slow    FDRE/C              n/a            0.500         5.000       4.500      SLICE_X7Y15    FSM_onehot_state_reg[0]_rep/C
High Pulse Width  Fast    FDRE/C              n/a            0.500         5.000       4.500      SLICE_X7Y15    FSM_onehot_state_reg[0]_rep/C
High Pulse Width  Slow    FDRE/C              n/a            0.500         5.000       4.500      SLICE_X8Y13    FSM_onehot_state_reg[0]_rep__0/C
High Pulse Width  Fast    FDRE/C              n/a            0.500         5.000       4.500      SLICE_X8Y13    FSM_onehot_state_reg[0]_rep__0/C
High Pulse Width  Slow    FDRE/C              n/a            0.500         5.000       4.500      SLICE_X7Y15    FSM_onehot_state_reg[0]_rep__1/C
High Pulse Width  Fast    FDRE/C              n/a            0.500         5.000       4.500      SLICE_X7Y15    FSM_onehot_state_reg[0]_rep__1/C
High Pulse Width  Slow    FDRE/C              n/a            0.500         5.000       4.500      SLICE_X8Y13    FSM_onehot_state_reg[0]_rep__2/C
High Pulse Width  Fast    FDRE/C              n/a            0.500         5.000       4.500      SLICE_X8Y13    FSM_onehot_state_reg[0]_rep__2/C



--------------------------------------------------------------------------------------
Path Group:  (none)
From Clock:  
  To Clock:  

Max Delay             4 Endpoints
Min Delay             4 Endpoints
--------------------------------------------------------------------------------------


Max Delay Paths
--------------------------------------------------------------------------------------
Slack:                    inf
  Source:                 usr_btn[3]
                            (input port)
  Destination:            usr_led[3]
                            (output port)
  Path Group:             (none)
  Path Type:              Max at Slow Process Corner
  Data Path Delay:        7.854ns  (logic 5.021ns (63.924%)  route 2.833ns (36.076%))
  Logic Levels:           2  (IBUF=1 OBUF=1)

    Location             Delay type                Incr(ns)  Path(ns)    Netlist Resource(s)
  -------------------------------------------------------------------    -------------------
    N15                                               0.000     0.000 r  usr_btn[3] (IN)
                         net (fo=0)                   0.000     0.000    usr_btn[3]
    N15                  IBUF (Prop_ibuf_I_O)         1.491     1.491 r  usr_btn_IBUF[3]_inst/O
                         net (fo=10, routed)          2.833     4.324    usr_led_OBUF[3]
    U21                  OBUF (Prop_obuf_I_O)         3.530     7.854 r  usr_led_OBUF[3]_inst/O
                         net (fo=0)                   0.000     7.854    usr_led[3]
    U21                                                               r  usr_led[3] (OUT)
  -------------------------------------------------------------------    -------------------

Slack:                    inf
  Source:                 usr_btn[0]
                            (input port)
  Destination:            usr_led[0]
                            (output port)
  Path Group:             (none)
  Path Type:              Max at Slow Process Corner
  Data Path Delay:        7.129ns  (logic 4.992ns (70.024%)  route 2.137ns (29.976%))
  Logic Levels:           2  (IBUF=1 OBUF=1)

    Location             Delay type                Incr(ns)  Path(ns)    Netlist Resource(s)
  -------------------------------------------------------------------    -------------------
    T18                                               0.000     0.000 r  usr_btn[0] (IN)
                         net (fo=0)                   0.000     0.000    usr_btn[0]
    T18                  IBUF (Prop_ibuf_I_O)         1.470     1.470 r  usr_btn_IBUF[0]_inst/O
                         net (fo=1, routed)           2.137     3.606    usr_led_OBUF[0]
    T22                  OBUF (Prop_obuf_I_O)         3.522     7.129 r  usr_led_OBUF[0]_inst/O
                         net (fo=0)                   0.000     7.129    usr_led[0]
    T22                                                               r  usr_led[0] (OUT)
  -------------------------------------------------------------------    -------------------

Slack:                    inf
  Source:                 usr_btn[1]
                            (input port)
  Destination:            usr_led[1]
                            (output port)
  Path Group:             (none)
  Path Type:              Max at Slow Process Corner
  Data Path Delay:        7.103ns  (logic 4.973ns (70.015%)  route 2.130ns (29.985%))
  Logic Levels:           2  (IBUF=1 OBUF=1)

    Location             Delay type                Incr(ns)  Path(ns)    Netlist Resource(s)
  -------------------------------------------------------------------    -------------------
    R18                                               0.000     0.000 r  usr_btn[1] (IN)
                         net (fo=0)                   0.000     0.000    usr_btn[1]
    R18                  IBUF (Prop_ibuf_I_O)         1.459     1.459 r  usr_btn_IBUF[1]_inst/O
                         net (fo=1, routed)           2.130     3.589    usr_led_OBUF[1]
    T21                  OBUF (Prop_obuf_I_O)         3.514     7.103 r  usr_led_OBUF[1]_inst/O
                         net (fo=0)                   0.000     7.103    usr_led[1]
    T21                                                               r  usr_led[1] (OUT)
  -------------------------------------------------------------------    -------------------

Slack:                    inf
  Source:                 usr_btn[2]
                            (input port)
  Destination:            usr_led[2]
                            (output port)
  Path Group:             (none)
  Path Type:              Max at Slow Process Corner
  Data Path Delay:        7.000ns  (logic 5.004ns (71.485%)  route 1.996ns (28.515%))
  Logic Levels:           2  (IBUF=1 OBUF=1)

    Location             Delay type                Incr(ns)  Path(ns)    Netlist Resource(s)
  -------------------------------------------------------------------    -------------------
    R16                                               0.000     0.000 r  usr_btn[2] (IN)
                         net (fo=0)                   0.000     0.000    usr_btn[2]
    R16                  IBUF (Prop_ibuf_I_O)         1.473     1.473 r  usr_btn_IBUF[2]_inst/O
                         net (fo=1, routed)           1.996     3.469    usr_led_OBUF[2]
    U22                  OBUF (Prop_obuf_I_O)         3.531     7.000 r  usr_led_OBUF[2]_inst/O
                         net (fo=0)                   0.000     7.000    usr_led[2]
    U22                                                               r  usr_led[2] (OUT)
  -------------------------------------------------------------------    -------------------





Min Delay Paths
--------------------------------------------------------------------------------------
Slack:                    inf
  Source:                 usr_btn[2]
                            (input port)
  Destination:            usr_led[2]
                            (output port)
  Path Group:             (none)
  Path Type:              Min at Fast Process Corner
  Data Path Delay:        1.869ns  (logic 1.473ns (78.808%)  route 0.396ns (21.192%))
  Logic Levels:           2  (IBUF=1 OBUF=1)

    Location             Delay type                Incr(ns)  Path(ns)    Netlist Resource(s)
  -------------------------------------------------------------------    -------------------
    R16                                               0.000     0.000 r  usr_btn[2] (IN)
                         net (fo=0)                   0.000     0.000    usr_btn[2]
    R16                  IBUF (Prop_ibuf_I_O)         0.241     0.241 r  usr_btn_IBUF[2]_inst/O
                         net (fo=1, routed)           0.396     0.637    usr_led_OBUF[2]
    U22                  OBUF (Prop_obuf_I_O)         1.232     1.869 r  usr_led_OBUF[2]_inst/O
                         net (fo=0)                   0.000     1.869    usr_led[2]
    U22                                                               r  usr_led[2] (OUT)
  -------------------------------------------------------------------    -------------------

Slack:                    inf
  Source:                 usr_btn[1]
                            (input port)
  Destination:            usr_led[1]
                            (output port)
  Path Group:             (none)
  Path Type:              Min at Fast Process Corner
  Data Path Delay:        1.893ns  (logic 1.442ns (76.185%)  route 0.451ns (23.815%))
  Logic Levels:           2  (IBUF=1 OBUF=1)

    Location             Delay type                Incr(ns)  Path(ns)    Netlist Resource(s)
  -------------------------------------------------------------------    -------------------
    R18                                               0.000     0.000 r  usr_btn[1] (IN)
                         net (fo=0)                   0.000     0.000    usr_btn[1]
    R18                  IBUF (Prop_ibuf_I_O)         0.227     0.227 r  usr_btn_IBUF[1]_inst/O
                         net (fo=1, routed)           0.451     0.678    usr_led_OBUF[1]
    T21                  OBUF (Prop_obuf_I_O)         1.215     1.893 r  usr_led_OBUF[1]_inst/O
                         net (fo=0)                   0.000     1.893    usr_led[1]
    T21                                                               r  usr_led[1] (OUT)
  -------------------------------------------------------------------    -------------------

Slack:                    inf
  Source:                 usr_btn[0]
                            (input port)
  Destination:            usr_led[0]
                            (output port)
  Path Group:             (none)
  Path Type:              Min at Fast Process Corner
  Data Path Delay:        1.911ns  (logic 1.461ns (76.454%)  route 0.450ns (23.546%))
  Logic Levels:           2  (IBUF=1 OBUF=1)

    Location             Delay type                Incr(ns)  Path(ns)    Netlist Resource(s)
  -------------------------------------------------------------------    -------------------
    T18                                               0.000     0.000 r  usr_btn[0] (IN)
                         net (fo=0)                   0.000     0.000    usr_btn[0]
    T18                  IBUF (Prop_ibuf_I_O)         0.237     0.237 r  usr_btn_IBUF[0]_inst/O
                         net (fo=1, routed)           0.450     0.687    usr_led_OBUF[0]
    T22                  OBUF (Prop_obuf_I_O)         1.223     1.911 r  usr_led_OBUF[0]_inst/O
                         net (fo=0)                   0.000     1.911    usr_led[0]
    T22                                                               r  usr_led[0] (OUT)
  -------------------------------------------------------------------    -------------------

Slack:                    inf
  Source:                 usr_btn[3]
                            (input port)
  Destination:            usr_led[3]
                            (output port)
  Path Group:             (none)
  Path Type:              Min at Fast Process Corner
  Data Path Delay:        2.303ns  (logic 1.489ns (64.676%)  route 0.813ns (35.324%))
  Logic Levels:           2  (IBUF=1 OBUF=1)

    Location             Delay type                Incr(ns)  Path(ns)    Netlist Resource(s)
  -------------------------------------------------------------------    -------------------
    N15                                               0.000     0.000 r  usr_btn[3] (IN)
                         net (fo=0)                   0.000     0.000    usr_btn[3]
    N15                  IBUF (Prop_ibuf_I_O)         0.258     0.258 r  usr_btn_IBUF[3]_inst/O
                         net (fo=10, routed)          0.813     1.072    usr_led_OBUF[3]
    U21                  OBUF (Prop_obuf_I_O)         1.231     2.303 r  usr_led_OBUF[3]_inst/O
                         net (fo=0)                   0.000     2.303    usr_led[3]
    U21                                                               r  usr_led[3] (OUT)
  -------------------------------------------------------------------    -------------------





--------------------------------------------------------------------------------------
Path Group:  (none)
From Clock:  sys_clk_pin
  To Clock:  

Max Delay             7 Endpoints
Min Delay             7 Endpoints
--------------------------------------------------------------------------------------


Max Delay Paths
--------------------------------------------------------------------------------------
Slack:                    inf
  Source:                 lcd0/lcd_initialized_reg/C
                            (rising edge-triggered cell FDRE clocked by sys_clk_pin  {rise@0.000ns fall@5.000ns period=10.000ns})
  Destination:            LCD_D[1]
                            (output port)
  Path Group:             (none)
  Path Type:              Max at Slow Process Corner
  Data Path Delay:        7.741ns  (logic 4.403ns (56.874%)  route 3.338ns (43.126%))
  Logic Levels:           2  (LUT3=1 OBUF=1)
  Clock Uncertainty:      0.025ns  ((TSJ^2 + TIJ^2)^1/2 + DJ) / 2 + PE
    Total System Jitter     (TSJ):    0.050ns
    Total Input Jitter      (TIJ):    0.000ns
    Discrete Jitter          (DJ):    0.000ns
    Phase Error              (PE):    0.000ns

    Location             Delay type                Incr(ns)  Path(ns)    Netlist Resource(s)
  -------------------------------------------------------------------    -------------------
                         (clock sys_clk_pin rise edge)
                                                      0.000     0.000 r  
    Y9                                                0.000     0.000 r  clk (IN)
                         net (fo=0)                   0.000     0.000    clk
    Y9                   IBUF (Prop_ibuf_I_O)         1.490     1.490 r  clk_IBUF_inst/O
                         net (fo=1, routed)           2.171     3.661    clk_IBUF
    BUFGCTRL_X0Y0        BUFG (Prop_bufg_I_O)         0.101     3.762 r  clk_IBUF_BUFG_inst/O
                         net (fo=1309, routed)        1.834     5.596    lcd0/clk_IBUF_BUFG
    SLICE_X1Y41          FDRE                                         r  lcd0/lcd_initialized_reg/C
  -------------------------------------------------------------------    -------------------
    SLICE_X1Y41          FDRE (Prop_fdre_C_Q)         0.456     6.052 r  lcd0/lcd_initialized_reg/Q
                         net (fo=44, routed)          1.421     7.474    lcd0/lcd_initialized_reg_n_0
    SLICE_X1Y37          LUT3 (Prop_lut3_I1_O)        0.150     7.624 r  lcd0/LCD_D_OBUF[1]_inst_i_1/O
                         net (fo=1, routed)           1.917     9.541    LCD_D_OBUF[1]
    Y10                  OBUF (Prop_obuf_I_O)         3.797    13.337 r  LCD_D_OBUF[1]_inst/O
                         net (fo=0)                   0.000    13.337    LCD_D[1]
    Y10                                                               r  LCD_D[1] (OUT)
  -------------------------------------------------------------------    -------------------

Slack:                    inf
  Source:                 lcd0/lcd_initialized_reg/C
                            (rising edge-triggered cell FDRE clocked by sys_clk_pin  {rise@0.000ns fall@5.000ns period=10.000ns})
  Destination:            LCD_D[3]
                            (output port)
  Path Group:             (none)
  Path Type:              Max at Slow Process Corner
  Data Path Delay:        7.512ns  (logic 4.416ns (58.783%)  route 3.096ns (41.217%))
  Logic Levels:           2  (LUT3=1 OBUF=1)
  Clock Uncertainty:      0.025ns  ((TSJ^2 + TIJ^2)^1/2 + DJ) / 2 + PE
    Total System Jitter     (TSJ):    0.050ns
    Total Input Jitter      (TIJ):    0.000ns
    Discrete Jitter          (DJ):    0.000ns
    Phase Error              (PE):    0.000ns

    Location             Delay type                Incr(ns)  Path(ns)    Netlist Resource(s)
  -------------------------------------------------------------------    -------------------
                         (clock sys_clk_pin rise edge)
                                                      0.000     0.000 r  
    Y9                                                0.000     0.000 r  clk (IN)
                         net (fo=0)                   0.000     0.000    clk
    Y9                   IBUF (Prop_ibuf_I_O)         1.490     1.490 r  clk_IBUF_inst/O
                         net (fo=1, routed)           2.171     3.661    clk_IBUF
    BUFGCTRL_X0Y0        BUFG (Prop_bufg_I_O)         0.101     3.762 r  clk_IBUF_BUFG_inst/O
                         net (fo=1309, routed)        1.834     5.596    lcd0/clk_IBUF_BUFG
    SLICE_X1Y41          FDRE                                         r  lcd0/lcd_initialized_reg/C
  -------------------------------------------------------------------    -------------------
    SLICE_X1Y41          FDRE (Prop_fdre_C_Q)         0.456     6.052 r  lcd0/lcd_initialized_reg/Q
                         net (fo=44, routed)          1.076     7.128    lcd0/lcd_initialized_reg_n_0
    SLICE_X1Y37          LUT3 (Prop_lut3_I1_O)        0.150     7.278 r  lcd0/LCD_D_OBUF[3]_inst_i_1/O
                         net (fo=1, routed)           2.021     9.299    LCD_D_OBUF[3]
    Y11                  OBUF (Prop_obuf_I_O)         3.810    13.109 r  LCD_D_OBUF[3]_inst/O
                         net (fo=0)                   0.000    13.109    LCD_D[3]
    Y11                                                               r  LCD_D[3] (OUT)
  -------------------------------------------------------------------    -------------------

Slack:                    inf
  Source:                 lcd0/lcd_initialized_reg/C
                            (rising edge-triggered cell FDRE clocked by sys_clk_pin  {rise@0.000ns fall@5.000ns period=10.000ns})
  Destination:            LCD_D[0]
                            (output port)
  Path Group:             (none)
  Path Type:              Max at Slow Process Corner
  Data Path Delay:        7.508ns  (logic 4.157ns (55.371%)  route 3.351ns (44.629%))
  Logic Levels:           2  (LUT3=1 OBUF=1)
  Clock Uncertainty:      0.025ns  ((TSJ^2 + TIJ^2)^1/2 + DJ) / 2 + PE
    Total System Jitter     (TSJ):    0.050ns
    Total Input Jitter      (TIJ):    0.000ns
    Discrete Jitter          (DJ):    0.000ns
    Phase Error              (PE):    0.000ns

    Location             Delay type                Incr(ns)  Path(ns)    Netlist Resource(s)
  -------------------------------------------------------------------    -------------------
                         (clock sys_clk_pin rise edge)
                                                      0.000     0.000 r  
    Y9                                                0.000     0.000 r  clk (IN)
                         net (fo=0)                   0.000     0.000    clk
    Y9                   IBUF (Prop_ibuf_I_O)         1.490     1.490 r  clk_IBUF_inst/O
                         net (fo=1, routed)           2.171     3.661    clk_IBUF
    BUFGCTRL_X0Y0        BUFG (Prop_bufg_I_O)         0.101     3.762 r  clk_IBUF_BUFG_inst/O
                         net (fo=1309, routed)        1.834     5.596    lcd0/clk_IBUF_BUFG
    SLICE_X1Y41          FDRE                                         r  lcd0/lcd_initialized_reg/C
  -------------------------------------------------------------------    -------------------
    SLICE_X1Y41          FDRE (Prop_fdre_C_Q)         0.456     6.052 r  lcd0/lcd_initialized_reg/Q
                         net (fo=44, routed)          1.421     7.474    lcd0/lcd_initialized_reg_n_0
    SLICE_X1Y37          LUT3 (Prop_lut3_I1_O)        0.124     7.598 r  lcd0/LCD_D_OBUF[0]_inst_i_1/O
                         net (fo=1, routed)           1.929     9.527    LCD_D_OBUF[0]
    AA9                  OBUF (Prop_obuf_I_O)         3.577    13.105 r  LCD_D_OBUF[0]_inst/O
                         net (fo=0)                   0.000    13.105    LCD_D[0]
    AA9                                                               r  LCD_D[0] (OUT)
  -------------------------------------------------------------------    -------------------

Slack:                    inf
  Source:                 lcd0/text_rs_reg/C
                            (rising edge-triggered cell FDRE clocked by sys_clk_pin  {rise@0.000ns fall@5.000ns period=10.000ns})
  Destination:            LCD_RS
                            (output port)
  Path Group:             (none)
  Path Type:              Max at Slow Process Corner
  Data Path Delay:        7.148ns  (logic 4.542ns (63.546%)  route 2.606ns (36.454%))
  Logic Levels:           2  (LUT2=1 OBUF=1)
  Clock Uncertainty:      0.025ns  ((TSJ^2 + TIJ^2)^1/2 + DJ) / 2 + PE
    Total System Jitter     (TSJ):    0.050ns
    Total Input Jitter      (TIJ):    0.000ns
    Discrete Jitter          (DJ):    0.000ns
    Phase Error              (PE):    0.000ns

    Location             Delay type                Incr(ns)  Path(ns)    Netlist Resource(s)
  -------------------------------------------------------------------    -------------------
                         (clock sys_clk_pin rise edge)
                                                      0.000     0.000 r  
    Y9                                                0.000     0.000 r  clk (IN)
                         net (fo=0)                   0.000     0.000    clk
    Y9                   IBUF (Prop_ibuf_I_O)         1.490     1.490 r  clk_IBUF_inst/O
                         net (fo=1, routed)           2.171     3.661    clk_IBUF
    BUFGCTRL_X0Y0        BUFG (Prop_bufg_I_O)         0.101     3.762 r  clk_IBUF_BUFG_inst/O
                         net (fo=1309, routed)        1.833     5.595    lcd0/clk_IBUF_BUFG
    SLICE_X3Y39          FDRE                                         r  lcd0/text_rs_reg/C
  -------------------------------------------------------------------    -------------------
    SLICE_X3Y39          FDRE (Prop_fdre_C_Q)         0.456     6.051 r  lcd0/text_rs_reg/Q
                         net (fo=1, routed)           0.931     6.983    lcd0/text_rs_reg_n_0
    SLICE_X1Y41          LUT2 (Prop_lut2_I0_O)        0.152     7.135 r  lcd0/LCD_RS_OBUF_inst_i_1/O
                         net (fo=1, routed)           1.675     8.809    LCD_RS_OBUF
    W12                  OBUF (Prop_obuf_I_O)         3.934    12.744 r  LCD_RS_OBUF_inst/O
                         net (fo=0)                   0.000    12.744    LCD_RS
    W12                                                               r  LCD_RS (OUT)
  -------------------------------------------------------------------    -------------------

Slack:                    inf
  Source:                 lcd0/lcd_initialized_reg/C
                            (rising edge-triggered cell FDRE clocked by sys_clk_pin  {rise@0.000ns fall@5.000ns period=10.000ns})
  Destination:            LCD_D[2]
                            (output port)
  Path Group:             (none)
  Path Type:              Max at Slow Process Corner
  Data Path Delay:        6.983ns  (logic 4.195ns (60.077%)  route 2.788ns (39.923%))
  Logic Levels:           2  (LUT3=1 OBUF=1)
  Clock Uncertainty:      0.025ns  ((TSJ^2 + TIJ^2)^1/2 + DJ) / 2 + PE
    Total System Jitter     (TSJ):    0.050ns
    Total Input Jitter      (TIJ):    0.000ns
    Discrete Jitter          (DJ):    0.000ns
    Phase Error              (PE):    0.000ns

    Location             Delay type                Incr(ns)  Path(ns)    Netlist Resource(s)
  -------------------------------------------------------------------    -------------------
                         (clock sys_clk_pin rise edge)
                                                      0.000     0.000 r  
    Y9                                                0.000     0.000 r  clk (IN)
                         net (fo=0)                   0.000     0.000    clk
    Y9                   IBUF (Prop_ibuf_I_O)         1.490     1.490 r  clk_IBUF_inst/O
                         net (fo=1, routed)           2.171     3.661    clk_IBUF
    BUFGCTRL_X0Y0        BUFG (Prop_bufg_I_O)         0.101     3.762 r  clk_IBUF_BUFG_inst/O
                         net (fo=1309, routed)        1.834     5.596    lcd0/clk_IBUF_BUFG
    SLICE_X1Y41          FDRE                                         r  lcd0/lcd_initialized_reg/C
  -------------------------------------------------------------------    -------------------
    SLICE_X1Y41          FDRE (Prop_fdre_C_Q)         0.456     6.052 r  lcd0/lcd_initialized_reg/Q
                         net (fo=44, routed)          1.076     7.128    lcd0/lcd_initialized_reg_n_0
    SLICE_X1Y37          LUT3 (Prop_lut3_I1_O)        0.124     7.252 r  lcd0/LCD_D_OBUF[2]_inst_i_1/O
                         net (fo=1, routed)           1.712     8.964    LCD_D_OBUF[2]
    AA11                 OBUF (Prop_obuf_I_O)         3.615    12.580 r  LCD_D_OBUF[2]_inst/O
                         net (fo=0)                   0.000    12.580    LCD_D[2]
    AA11                                                              r  LCD_D[2] (OUT)
  -------------------------------------------------------------------    -------------------

Slack:                    inf
  Source:                 lcd0/lcd_initialized_reg/C
                            (rising edge-triggered cell FDRE clocked by sys_clk_pin  {rise@0.000ns fall@5.000ns period=10.000ns})
  Destination:            LCD_E
                            (output port)
  Path Group:             (none)
  Path Type:              Max at Slow Process Corner
  Data Path Delay:        6.848ns  (logic 4.134ns (60.365%)  route 2.714ns (39.635%))
  Logic Levels:           2  (LUT3=1 OBUF=1)
  Clock Uncertainty:      0.025ns  ((TSJ^2 + TIJ^2)^1/2 + DJ) / 2 + PE
    Total System Jitter     (TSJ):    0.050ns
    Total Input Jitter      (TIJ):    0.000ns
    Discrete Jitter          (DJ):    0.000ns
    Phase Error              (PE):    0.000ns

    Location             Delay type                Incr(ns)  Path(ns)    Netlist Resource(s)
  -------------------------------------------------------------------    -------------------
                         (clock sys_clk_pin rise edge)
                                                      0.000     0.000 r  
    Y9                                                0.000     0.000 r  clk (IN)
                         net (fo=0)                   0.000     0.000    clk
    Y9                   IBUF (Prop_ibuf_I_O)         1.490     1.490 r  clk_IBUF_inst/O
                         net (fo=1, routed)           2.171     3.661    clk_IBUF
    BUFGCTRL_X0Y0        BUFG (Prop_bufg_I_O)         0.101     3.762 r  clk_IBUF_BUFG_inst/O
                         net (fo=1309, routed)        1.834     5.596    lcd0/clk_IBUF_BUFG
    SLICE_X1Y41          FDRE                                         r  lcd0/lcd_initialized_reg/C
  -------------------------------------------------------------------    -------------------
    SLICE_X1Y41          FDRE (Prop_fdre_C_Q)         0.456     6.052 r  lcd0/lcd_initialized_reg/Q
                         net (fo=44, routed)          0.851     6.903    lcd0/lcd_initialized_reg_n_0
    SLICE_X1Y41          LUT3 (Prop_lut3_I1_O)        0.124     7.027 r  lcd0/LCD_E_OBUF_inst_i_1/O
                         net (fo=1, routed)           1.864     8.891    LCD_E_OBUF
    V10                  OBUF (Prop_obuf_I_O)         3.554    12.444 r  LCD_E_OBUF_inst/O
                         net (fo=0)                   0.000    12.444    LCD_E
    V10                                                               r  LCD_E (OUT)
  -------------------------------------------------------------------    -------------------

Slack:                    inf
  Source:                 lcd0/init_rw_reg/C
                            (rising edge-triggered cell FDSE clocked by sys_clk_pin  {rise@0.000ns fall@5.000ns period=10.000ns})
  Destination:            LCD_RW
                            (output port)
  Path Group:             (none)
  Path Type:              Max at Slow Process Corner
  Data Path Delay:        6.841ns  (logic 4.439ns (64.890%)  route 2.402ns (35.110%))
  Logic Levels:           2  (LUT3=1 OBUF=1)
  Clock Uncertainty:      0.025ns  ((TSJ^2 + TIJ^2)^1/2 + DJ) / 2 + PE
    Total System Jitter     (TSJ):    0.050ns
    Total Input Jitter      (TIJ):    0.000ns
    Discrete Jitter          (DJ):    0.000ns
    Phase Error              (PE):    0.000ns

    Location             Delay type                Incr(ns)  Path(ns)    Netlist Resource(s)
  -------------------------------------------------------------------    -------------------
                         (clock sys_clk_pin rise edge)
                                                      0.000     0.000 r  
    Y9                                                0.000     0.000 r  clk (IN)
                         net (fo=0)                   0.000     0.000    clk
    Y9                   IBUF (Prop_ibuf_I_O)         1.490     1.490 r  clk_IBUF_inst/O
                         net (fo=1, routed)           2.171     3.661    clk_IBUF
    BUFGCTRL_X0Y0        BUFG (Prop_bufg_I_O)         0.101     3.762 r  clk_IBUF_BUFG_inst/O
                         net (fo=1309, routed)        1.834     5.596    lcd0/clk_IBUF_BUFG
    SLICE_X0Y41          FDSE                                         r  lcd0/init_rw_reg/C
  -------------------------------------------------------------------    -------------------
    SLICE_X0Y41          FDSE (Prop_fdse_C_Q)         0.478     6.074 r  lcd0/init_rw_reg/Q
                         net (fo=1, routed)           0.577     6.652    lcd0/init_rw
    SLICE_X1Y41          LUT3 (Prop_lut3_I2_O)        0.301     6.953 r  lcd0/LCD_RW_OBUF_inst_i_1/O
                         net (fo=1, routed)           1.825     8.777    LCD_RW_OBUF
    W11                  OBUF (Prop_obuf_I_O)         3.660    12.437 r  LCD_RW_OBUF_inst/O
                         net (fo=0)                   0.000    12.437    LCD_RW
    W11                                                               r  LCD_RW (OUT)
  -------------------------------------------------------------------    -------------------





Min Delay Paths
--------------------------------------------------------------------------------------
Slack:                    inf
  Source:                 lcd0/init_d_reg[0]/C
                            (rising edge-triggered cell FDRE clocked by sys_clk_pin  {rise@0.000ns fall@5.000ns period=10.000ns})
  Destination:            LCD_D[0]
                            (output port)
  Path Group:             (none)
  Path Type:              Min at Fast Process Corner
  Data Path Delay:        2.044ns  (logic 1.464ns (71.627%)  route 0.580ns (28.374%))
  Logic Levels:           2  (LUT3=1 OBUF=1)
  Clock Uncertainty:      0.025ns  ((TSJ^2 + TIJ^2)^1/2 + DJ) / 2 + PE
    Total System Jitter     (TSJ):    0.050ns
    Total Input Jitter      (TIJ):    0.000ns
    Discrete Jitter          (DJ):    0.000ns
    Phase Error              (PE):    0.000ns

    Location             Delay type                Incr(ns)  Path(ns)    Netlist Resource(s)
  -------------------------------------------------------------------    -------------------
                         (clock sys_clk_pin rise edge)
                                                      0.000     0.000 r  
    Y9                                                0.000     0.000 r  clk (IN)
                         net (fo=0)                   0.000     0.000    clk
    Y9                   IBUF (Prop_ibuf_I_O)         0.258     0.258 r  clk_IBUF_inst/O
                         net (fo=1, routed)           0.663     0.921    clk_IBUF
    BUFGCTRL_X0Y0        BUFG (Prop_bufg_I_O)         0.026     0.947 r  clk_IBUF_BUFG_inst/O
                         net (fo=1309, routed)        0.621     1.568    lcd0/clk_IBUF_BUFG
    SLICE_X1Y39          FDRE                                         r  lcd0/init_d_reg[0]/C
  -------------------------------------------------------------------    -------------------
    SLICE_X1Y39          FDRE (Prop_fdre_C_Q)         0.141     1.709 r  lcd0/init_d_reg[0]/Q
                         net (fo=1, routed)           0.142     1.851    lcd0/init_d[0]
    SLICE_X1Y37          LUT3 (Prop_lut3_I2_O)        0.045     1.896 r  lcd0/LCD_D_OBUF[0]_inst_i_1/O
                         net (fo=1, routed)           0.437     2.334    LCD_D_OBUF[0]
    AA9                  OBUF (Prop_obuf_I_O)         1.278     3.612 r  LCD_D_OBUF[0]_inst/O
                         net (fo=0)                   0.000     3.612    LCD_D[0]
    AA9                                                               r  LCD_D[0] (OUT)
  -------------------------------------------------------------------    -------------------

Slack:                    inf
  Source:                 lcd0/text_rw_reg/C
                            (rising edge-triggered cell FDRE clocked by sys_clk_pin  {rise@0.000ns fall@5.000ns period=10.000ns})
  Destination:            LCD_RW
                            (output port)
  Path Group:             (none)
  Path Type:              Min at Fast Process Corner
  Data Path Delay:        2.064ns  (logic 1.545ns (74.870%)  route 0.519ns (25.130%))
  Logic Levels:           2  (LUT3=1 OBUF=1)
  Clock Uncertainty:      0.025ns  ((TSJ^2 + TIJ^2)^1/2 + DJ) / 2 + PE
    Total System Jitter     (TSJ):    0.050ns
    Total Input Jitter      (TIJ):    0.000ns
    Discrete Jitter          (DJ):    0.000ns
    Phase Error              (PE):    0.000ns

    Location             Delay type                Incr(ns)  Path(ns)    Netlist Resource(s)
  -------------------------------------------------------------------    -------------------
                         (clock sys_clk_pin rise edge)
                                                      0.000     0.000 r  
    Y9                                                0.000     0.000 r  clk (IN)
                         net (fo=0)                   0.000     0.000    clk
    Y9                   IBUF (Prop_ibuf_I_O)         0.258     0.258 r  clk_IBUF_inst/O
                         net (fo=1, routed)           0.663     0.921    clk_IBUF
    BUFGCTRL_X0Y0        BUFG (Prop_bufg_I_O)         0.026     0.947 r  clk_IBUF_BUFG_inst/O
                         net (fo=1309, routed)        0.622     1.569    lcd0/clk_IBUF_BUFG
    SLICE_X3Y41          FDRE                                         r  lcd0/text_rw_reg/C
  -------------------------------------------------------------------    -------------------
    SLICE_X3Y41          FDRE (Prop_fdre_C_Q)         0.141     1.710 r  lcd0/text_rw_reg/Q
                         net (fo=1, routed)           0.127     1.837    lcd0/text_rw_reg_n_0
    SLICE_X1Y41          LUT3 (Prop_lut3_I0_O)        0.045     1.882 r  lcd0/LCD_RW_OBUF_inst_i_1/O
                         net (fo=1, routed)           0.392     2.274    LCD_RW_OBUF
    W11                  OBUF (Prop_obuf_I_O)         1.359     3.633 r  LCD_RW_OBUF_inst/O
                         net (fo=0)                   0.000     3.633    LCD_RW
    W11                                                               r  LCD_RW (OUT)
  -------------------------------------------------------------------    -------------------

Slack:                    inf
  Source:                 lcd0/text_e_reg/C
                            (rising edge-triggered cell FDRE clocked by sys_clk_pin  {rise@0.000ns fall@5.000ns period=10.000ns})
  Destination:            LCD_E
                            (output port)
  Path Group:             (none)
  Path Type:              Min at Fast Process Corner
  Data Path Delay:        2.106ns  (logic 1.440ns (68.389%)  route 0.666ns (31.611%))
  Logic Levels:           2  (LUT3=1 OBUF=1)
  Clock Uncertainty:      0.025ns  ((TSJ^2 + TIJ^2)^1/2 + DJ) / 2 + PE
    Total System Jitter     (TSJ):    0.050ns
    Total Input Jitter      (TIJ):    0.000ns
    Discrete Jitter          (DJ):    0.000ns
    Phase Error              (PE):    0.000ns

    Location             Delay type                Incr(ns)  Path(ns)    Netlist Resource(s)
  -------------------------------------------------------------------    -------------------
                         (clock sys_clk_pin rise edge)
                                                      0.000     0.000 r  
    Y9                                                0.000     0.000 r  clk (IN)
                         net (fo=0)                   0.000     0.000    clk
    Y9                   IBUF (Prop_ibuf_I_O)         0.258     0.258 r  clk_IBUF_inst/O
                         net (fo=1, routed)           0.663     0.921    clk_IBUF
    BUFGCTRL_X0Y0        BUFG (Prop_bufg_I_O)         0.026     0.947 r  clk_IBUF_BUFG_inst/O
                         net (fo=1309, routed)        0.622     1.569    lcd0/clk_IBUF_BUFG
    SLICE_X3Y41          FDRE                                         r  lcd0/text_e_reg/C
  -------------------------------------------------------------------    -------------------
    SLICE_X3Y41          FDRE (Prop_fdre_C_Q)         0.141     1.710 r  lcd0/text_e_reg/Q
                         net (fo=1, routed)           0.264     1.974    lcd0/text_e
    SLICE_X1Y41          LUT3 (Prop_lut3_I0_O)        0.045     2.019 r  lcd0/LCD_E_OBUF_inst_i_1/O
                         net (fo=1, routed)           0.402     2.421    LCD_E_OBUF
    V10                  OBUF (Prop_obuf_I_O)         1.254     3.675 r  LCD_E_OBUF_inst/O
                         net (fo=0)                   0.000     3.675    LCD_E
    V10                                                               r  LCD_E (OUT)
  -------------------------------------------------------------------    -------------------

Slack:                    inf
  Source:                 lcd0/text_d_reg[2]/C
                            (rising edge-triggered cell FDRE clocked by sys_clk_pin  {rise@0.000ns fall@5.000ns period=10.000ns})
  Destination:            LCD_D[2]
                            (output port)
  Path Group:             (none)
  Path Type:              Min at Fast Process Corner
  Data Path Delay:        2.122ns  (logic 1.502ns (70.757%)  route 0.621ns (29.243%))
  Logic Levels:           2  (LUT3=1 OBUF=1)
  Clock Uncertainty:      0.025ns  ((TSJ^2 + TIJ^2)^1/2 + DJ) / 2 + PE
    Total System Jitter     (TSJ):    0.050ns
    Total Input Jitter      (TIJ):    0.000ns
    Discrete Jitter          (DJ):    0.000ns
    Phase Error              (PE):    0.000ns

    Location             Delay type                Incr(ns)  Path(ns)    Netlist Resource(s)
  -------------------------------------------------------------------    -------------------
                         (clock sys_clk_pin rise edge)
                                                      0.000     0.000 r  
    Y9                                                0.000     0.000 r  clk (IN)
                         net (fo=0)                   0.000     0.000    clk
    Y9                   IBUF (Prop_ibuf_I_O)         0.258     0.258 r  clk_IBUF_inst/O
                         net (fo=1, routed)           0.663     0.921    clk_IBUF
    BUFGCTRL_X0Y0        BUFG (Prop_bufg_I_O)         0.026     0.947 r  clk_IBUF_BUFG_inst/O
                         net (fo=1309, routed)        0.620     1.567    lcd0/clk_IBUF_BUFG
    SLICE_X3Y37          FDRE                                         r  lcd0/text_d_reg[2]/C
  -------------------------------------------------------------------    -------------------
    SLICE_X3Y37          FDRE (Prop_fdre_C_Q)         0.141     1.708 r  lcd0/text_d_reg[2]/Q
                         net (fo=1, routed)           0.263     1.971    lcd0/text_d[2]
    SLICE_X1Y37          LUT3 (Prop_lut3_I0_O)        0.045     2.016 r  lcd0/LCD_D_OBUF[2]_inst_i_1/O
                         net (fo=1, routed)           0.357     2.373    LCD_D_OBUF[2]
    AA11                 OBUF (Prop_obuf_I_O)         1.316     3.689 r  LCD_D_OBUF[2]_inst/O
                         net (fo=0)                   0.000     3.689    LCD_D[2]
    AA11                                                              r  LCD_D[2] (OUT)
  -------------------------------------------------------------------    -------------------

Slack:                    inf
  Source:                 lcd0/lcd_initialized_reg/C
                            (rising edge-triggered cell FDRE clocked by sys_clk_pin  {rise@0.000ns fall@5.000ns period=10.000ns})
  Destination:            LCD_RS
                            (output port)
  Path Group:             (none)
  Path Type:              Min at Fast Process Corner
  Data Path Delay:        2.213ns  (logic 1.676ns (75.736%)  route 0.537ns (24.264%))
  Logic Levels:           2  (LUT2=1 OBUF=1)
  Clock Uncertainty:      0.025ns  ((TSJ^2 + TIJ^2)^1/2 + DJ) / 2 + PE
    Total System Jitter     (TSJ):    0.050ns
    Total Input Jitter      (TIJ):    0.000ns
    Discrete Jitter          (DJ):    0.000ns
    Phase Error              (PE):    0.000ns

    Location             Delay type                Incr(ns)  Path(ns)    Netlist Resource(s)
  -------------------------------------------------------------------    -------------------
                         (clock sys_clk_pin rise edge)
                                                      0.000     0.000 r  
    Y9                                                0.000     0.000 r  clk (IN)
                         net (fo=0)                   0.000     0.000    clk
    Y9                   IBUF (Prop_ibuf_I_O)         0.258     0.258 r  clk_IBUF_inst/O
                         net (fo=1, routed)           0.663     0.921    clk_IBUF
    BUFGCTRL_X0Y0        BUFG (Prop_bufg_I_O)         0.026     0.947 r  clk_IBUF_BUFG_inst/O
                         net (fo=1309, routed)        0.622     1.569    lcd0/clk_IBUF_BUFG
    SLICE_X1Y41          FDRE                                         r  lcd0/lcd_initialized_reg/C
  -------------------------------------------------------------------    -------------------
    SLICE_X1Y41          FDRE (Prop_fdre_C_Q)         0.141     1.710 r  lcd0/lcd_initialized_reg/Q
                         net (fo=44, routed)          0.195     1.904    lcd0/lcd_initialized_reg_n_0
    SLICE_X1Y41          LUT2 (Prop_lut2_I1_O)        0.043     1.947 r  lcd0/LCD_RS_OBUF_inst_i_1/O
                         net (fo=1, routed)           0.343     2.290    LCD_RS_OBUF
    W12                  OBUF (Prop_obuf_I_O)         1.492     3.782 r  LCD_RS_OBUF_inst/O
                         net (fo=0)                   0.000     3.782    LCD_RS
    W12                                                               r  LCD_RS (OUT)
  -------------------------------------------------------------------    -------------------

Slack:                    inf
  Source:                 lcd0/text_d_reg[3]/C
                            (rising edge-triggered cell FDRE clocked by sys_clk_pin  {rise@0.000ns fall@5.000ns period=10.000ns})
  Destination:            LCD_D[3]
                            (output port)
  Path Group:             (none)
  Path Type:              Min at Fast Process Corner
  Data Path Delay:        2.238ns  (logic 1.553ns (69.390%)  route 0.685ns (30.610%))
  Logic Levels:           2  (LUT3=1 OBUF=1)
  Clock Uncertainty:      0.025ns  ((TSJ^2 + TIJ^2)^1/2 + DJ) / 2 + PE
    Total System Jitter     (TSJ):    0.050ns
    Total Input Jitter      (TIJ):    0.000ns
    Discrete Jitter          (DJ):    0.000ns
    Phase Error              (PE):    0.000ns

    Location             Delay type                Incr(ns)  Path(ns)    Netlist Resource(s)
  -------------------------------------------------------------------    -------------------
                         (clock sys_clk_pin rise edge)
                                                      0.000     0.000 r  
    Y9                                                0.000     0.000 r  clk (IN)
                         net (fo=0)                   0.000     0.000    clk
    Y9                   IBUF (Prop_ibuf_I_O)         0.258     0.258 r  clk_IBUF_inst/O
                         net (fo=1, routed)           0.663     0.921    clk_IBUF
    BUFGCTRL_X0Y0        BUFG (Prop_bufg_I_O)         0.026     0.947 r  clk_IBUF_BUFG_inst/O
                         net (fo=1309, routed)        0.620     1.567    lcd0/clk_IBUF_BUFG
    SLICE_X3Y37          FDRE                                         r  lcd0/text_d_reg[3]/C
  -------------------------------------------------------------------    -------------------
    SLICE_X3Y37          FDRE (Prop_fdre_C_Q)         0.141     1.708 r  lcd0/text_d_reg[3]/Q
                         net (fo=1, routed)           0.201     1.909    lcd0/text_d[3]
    SLICE_X1Y37          LUT3 (Prop_lut3_I0_O)        0.043     1.952 r  lcd0/LCD_D_OBUF[3]_inst_i_1/O
                         net (fo=1, routed)           0.484     2.436    LCD_D_OBUF[3]
    Y11                  OBUF (Prop_obuf_I_O)         1.369     3.805 r  LCD_D_OBUF[3]_inst/O
                         net (fo=0)                   0.000     3.805    LCD_D[3]
    Y11                                                               r  LCD_D[3] (OUT)
  -------------------------------------------------------------------    -------------------

Slack:                    inf
  Source:                 lcd0/init_d_reg[1]/C
                            (rising edge-triggered cell FDRE clocked by sys_clk_pin  {rise@0.000ns fall@5.000ns period=10.000ns})
  Destination:            LCD_D[1]
                            (output port)
  Path Group:             (none)
  Path Type:              Min at Fast Process Corner
  Data Path Delay:        2.263ns  (logic 1.542ns (68.128%)  route 0.721ns (31.872%))
  Logic Levels:           2  (LUT3=1 OBUF=1)
  Clock Uncertainty:      0.025ns  ((TSJ^2 + TIJ^2)^1/2 + DJ) / 2 + PE
    Total System Jitter     (TSJ):    0.050ns
    Total Input Jitter      (TIJ):    0.000ns
    Discrete Jitter          (DJ):    0.000ns
    Phase Error              (PE):    0.000ns

    Location             Delay type                Incr(ns)  Path(ns)    Netlist Resource(s)
  -------------------------------------------------------------------    -------------------
                         (clock sys_clk_pin rise edge)
                                                      0.000     0.000 r  
    Y9                                                0.000     0.000 r  clk (IN)
                         net (fo=0)                   0.000     0.000    clk
    Y9                   IBUF (Prop_ibuf_I_O)         0.258     0.258 r  clk_IBUF_inst/O
                         net (fo=1, routed)           0.663     0.921    clk_IBUF
    BUFGCTRL_X0Y0        BUFG (Prop_bufg_I_O)         0.026     0.947 r  clk_IBUF_BUFG_inst/O
                         net (fo=1309, routed)        0.621     1.568    lcd0/clk_IBUF_BUFG
    SLICE_X1Y39          FDRE                                         r  lcd0/init_d_reg[1]/C
  -------------------------------------------------------------------    -------------------
    SLICE_X1Y39          FDRE (Prop_fdre_C_Q)         0.141     1.709 r  lcd0/init_d_reg[1]/Q
                         net (fo=1, routed)           0.279     1.988    lcd0/init_d[1]
    SLICE_X1Y37          LUT3 (Prop_lut3_I2_O)        0.044     2.032 r  lcd0/LCD_D_OBUF[1]_inst_i_1/O
                         net (fo=1, routed)           0.442     2.474    LCD_D_OBUF[1]
    Y10                  OBUF (Prop_obuf_I_O)         1.357     3.831 r  LCD_D_OBUF[1]_inst/O
                         net (fo=0)                   0.000     3.831    LCD_D[1]
    Y10                                                               r  LCD_D[1] (OUT)
  -------------------------------------------------------------------    -------------------





--------------------------------------------------------------------------------------
Path Group:  (none)
From Clock:  
  To Clock:  sys_clk_pin

Max Delay          1328 Endpoints
Min Delay          1328 Endpoints
--------------------------------------------------------------------------------------


Max Delay Paths
--------------------------------------------------------------------------------------
Slack:                    inf
  Source:                 reset_n
                            (input port)
  Destination:            g_reg[17][5]/R
                            (rising edge-triggered cell FDRE clocked by sys_clk_pin  {rise@0.000ns fall@5.000ns period=10.000ns})
  Path Group:             (none)
  Path Type:              Setup (Max at Slow Process Corner)
  Data Path Delay:        14.357ns  (logic 1.611ns (11.219%)  route 12.746ns (88.781%))
  Logic Levels:           2  (IBUF=1 LUT1=1)
  Clock Path Skew:        5.121ns (DCD - SCD + CPR)
    Destination Clock Delay (DCD):    5.121ns
    Source Clock Delay      (SCD):    0.000ns
    Clock Pessimism Removal (CPR):    0.000ns
  Clock Uncertainty:      0.025ns  ((TSJ^2 + TIJ^2)^1/2 + DJ) / 2 + PE
    Total System Jitter     (TSJ):    0.050ns
    Total Input Jitter      (TIJ):    0.000ns
    Discrete Jitter          (DJ):    0.000ns
    Phase Error              (PE):    0.000ns

    Location             Delay type                Incr(ns)  Path(ns)    Netlist Resource(s)
  -------------------------------------------------------------------    -------------------
    F22                                               0.000     0.000 f  reset_n (IN)
                         net (fo=0)                   0.000     0.000    reset_n
    F22                  IBUF (Prop_ibuf_I_O)         1.487     1.487 f  reset_n_IBUF_inst/O
                         net (fo=11, routed)          6.003     7.490    lcd0/reset_n_IBUF
    SLICE_X4Y41          LUT1 (Prop_lut1_I0_O)        0.124     7.614 r  lcd0/init_e_i_1/O
                         net (fo=1221, routed)        6.743    14.357    lcd0_n_0
    SLICE_X5Y25          FDRE                                         r  g_reg[17][5]/R
  -------------------------------------------------------------------    -------------------

                         (clock sys_clk_pin rise edge)
                                                      0.000     0.000 r  
    Y9                                                0.000     0.000 r  clk (IN)
                         net (fo=0)                   0.000     0.000    clk
    Y9                   IBUF (Prop_ibuf_I_O)         1.420     1.420 r  clk_IBUF_inst/O
                         net (fo=1, routed)           1.972     3.392    clk_IBUF
    BUFGCTRL_X0Y0        BUFG (Prop_bufg_I_O)         0.091     3.483 r  clk_IBUF_BUFG_inst/O
                         net (fo=1309, routed)        1.638     5.121    clk_IBUF_BUFG
    SLICE_X5Y25          FDRE                                         r  g_reg[17][5]/C

Slack:                    inf
  Source:                 reset_n
                            (input port)
  Destination:            g_reg[19][6]/R
                            (rising edge-triggered cell FDRE clocked by sys_clk_pin  {rise@0.000ns fall@5.000ns period=10.000ns})
  Path Group:             (none)
  Path Type:              Setup (Max at Slow Process Corner)
  Data Path Delay:        14.357ns  (logic 1.611ns (11.219%)  route 12.746ns (88.781%))
  Logic Levels:           2  (IBUF=1 LUT1=1)
  Clock Path Skew:        5.121ns (DCD - SCD + CPR)
    Destination Clock Delay (DCD):    5.121ns
    Source Clock Delay      (SCD):    0.000ns
    Clock Pessimism Removal (CPR):    0.000ns
  Clock Uncertainty:      0.025ns  ((TSJ^2 + TIJ^2)^1/2 + DJ) / 2 + PE
    Total System Jitter     (TSJ):    0.050ns
    Total Input Jitter      (TIJ):    0.000ns
    Discrete Jitter          (DJ):    0.000ns
    Phase Error              (PE):    0.000ns

    Location             Delay type                Incr(ns)  Path(ns)    Netlist Resource(s)
  -------------------------------------------------------------------    -------------------
    F22                                               0.000     0.000 f  reset_n (IN)
                         net (fo=0)                   0.000     0.000    reset_n
    F22                  IBUF (Prop_ibuf_I_O)         1.487     1.487 f  reset_n_IBUF_inst/O
                         net (fo=11, routed)          6.003     7.490    lcd0/reset_n_IBUF
    SLICE_X4Y41          LUT1 (Prop_lut1_I0_O)        0.124     7.614 r  lcd0/init_e_i_1/O
                         net (fo=1221, routed)        6.743    14.357    lcd0_n_0
    SLICE_X5Y25          FDRE                                         r  g_reg[19][6]/R
  -------------------------------------------------------------------    -------------------

                         (clock sys_clk_pin rise edge)
                                                      0.000     0.000 r  
    Y9                                                0.000     0.000 r  clk (IN)
                         net (fo=0)                   0.000     0.000    clk
    Y9                   IBUF (Prop_ibuf_I_O)         1.420     1.420 r  clk_IBUF_inst/O
                         net (fo=1, routed)           1.972     3.392    clk_IBUF
    BUFGCTRL_X0Y0        BUFG (Prop_bufg_I_O)         0.091     3.483 r  clk_IBUF_BUFG_inst/O
                         net (fo=1309, routed)        1.638     5.121    clk_IBUF_BUFG
    SLICE_X5Y25          FDRE                                         r  g_reg[19][6]/C

Slack:                    inf
  Source:                 reset_n
                            (input port)
  Destination:            g_reg[21][5]/R
                            (rising edge-triggered cell FDRE clocked by sys_clk_pin  {rise@0.000ns fall@5.000ns period=10.000ns})
  Path Group:             (none)
  Path Type:              Setup (Max at Slow Process Corner)
  Data Path Delay:        14.357ns  (logic 1.611ns (11.219%)  route 12.746ns (88.781%))
  Logic Levels:           2  (IBUF=1 LUT1=1)
  Clock Path Skew:        5.121ns (DCD - SCD + CPR)
    Destination Clock Delay (DCD):    5.121ns
    Source Clock Delay      (SCD):    0.000ns
    Clock Pessimism Removal (CPR):    0.000ns
  Clock Uncertainty:      0.025ns  ((TSJ^2 + TIJ^2)^1/2 + DJ) / 2 + PE
    Total System Jitter     (TSJ):    0.050ns
    Total Input Jitter      (TIJ):    0.000ns
    Discrete Jitter          (DJ):    0.000ns
    Phase Error              (PE):    0.000ns

    Location             Delay type                Incr(ns)  Path(ns)    Netlist Resource(s)
  -------------------------------------------------------------------    -------------------
    F22                                               0.000     0.000 f  reset_n (IN)
                         net (fo=0)                   0.000     0.000    reset_n
    F22                  IBUF (Prop_ibuf_I_O)         1.487     1.487 f  reset_n_IBUF_inst/O
                         net (fo=11, routed)          6.003     7.490    lcd0/reset_n_IBUF
    SLICE_X4Y41          LUT1 (Prop_lut1_I0_O)        0.124     7.614 r  lcd0/init_e_i_1/O
                         net (fo=1221, routed)        6.743    14.357    lcd0_n_0
    SLICE_X4Y25          FDRE                                         r  g_reg[21][5]/R
  -------------------------------------------------------------------    -------------------

                         (clock sys_clk_pin rise edge)
                                                      0.000     0.000 r  
    Y9                                                0.000     0.000 r  clk (IN)
                         net (fo=0)                   0.000     0.000    clk
    Y9                   IBUF (Prop_ibuf_I_O)         1.420     1.420 r  clk_IBUF_inst/O
                         net (fo=1, routed)           1.972     3.392    clk_IBUF
    BUFGCTRL_X0Y0        BUFG (Prop_bufg_I_O)         0.091     3.483 r  clk_IBUF_BUFG_inst/O
                         net (fo=1309, routed)        1.638     5.121    clk_IBUF_BUFG
    SLICE_X4Y25          FDRE                                         r  g_reg[21][5]/C

Slack:                    inf
  Source:                 reset_n
                            (input port)
  Destination:            g_reg[22][5]/R
                            (rising edge-triggered cell FDRE clocked by sys_clk_pin  {rise@0.000ns fall@5.000ns period=10.000ns})
  Path Group:             (none)
  Path Type:              Setup (Max at Slow Process Corner)
  Data Path Delay:        14.357ns  (logic 1.611ns (11.219%)  route 12.746ns (88.781%))
  Logic Levels:           2  (IBUF=1 LUT1=1)
  Clock Path Skew:        5.121ns (DCD - SCD + CPR)
    Destination Clock Delay (DCD):    5.121ns
    Source Clock Delay      (SCD):    0.000ns
    Clock Pessimism Removal (CPR):    0.000ns
  Clock Uncertainty:      0.025ns  ((TSJ^2 + TIJ^2)^1/2 + DJ) / 2 + PE
    Total System Jitter     (TSJ):    0.050ns
    Total Input Jitter      (TIJ):    0.000ns
    Discrete Jitter          (DJ):    0.000ns
    Phase Error              (PE):    0.000ns

    Location             Delay type                Incr(ns)  Path(ns)    Netlist Resource(s)
  -------------------------------------------------------------------    -------------------
    F22                                               0.000     0.000 f  reset_n (IN)
                         net (fo=0)                   0.000     0.000    reset_n
    F22                  IBUF (Prop_ibuf_I_O)         1.487     1.487 f  reset_n_IBUF_inst/O
                         net (fo=11, routed)          6.003     7.490    lcd0/reset_n_IBUF
    SLICE_X4Y41          LUT1 (Prop_lut1_I0_O)        0.124     7.614 r  lcd0/init_e_i_1/O
                         net (fo=1221, routed)        6.743    14.357    lcd0_n_0
    SLICE_X5Y25          FDRE                                         r  g_reg[22][5]/R
  -------------------------------------------------------------------    -------------------

                         (clock sys_clk_pin rise edge)
                                                      0.000     0.000 r  
    Y9                                                0.000     0.000 r  clk (IN)
                         net (fo=0)                   0.000     0.000    clk
    Y9                   IBUF (Prop_ibuf_I_O)         1.420     1.420 r  clk_IBUF_inst/O
                         net (fo=1, routed)           1.972     3.392    clk_IBUF
    BUFGCTRL_X0Y0        BUFG (Prop_bufg_I_O)         0.091     3.483 r  clk_IBUF_BUFG_inst/O
                         net (fo=1309, routed)        1.638     5.121    clk_IBUF_BUFG
    SLICE_X5Y25          FDRE                                         r  g_reg[22][5]/C

Slack:                    inf
  Source:                 reset_n
                            (input port)
  Destination:            g_reg[22][6]/R
                            (rising edge-triggered cell FDRE clocked by sys_clk_pin  {rise@0.000ns fall@5.000ns period=10.000ns})
  Path Group:             (none)
  Path Type:              Setup (Max at Slow Process Corner)
  Data Path Delay:        14.357ns  (logic 1.611ns (11.219%)  route 12.746ns (88.781%))
  Logic Levels:           2  (IBUF=1 LUT1=1)
  Clock Path Skew:        5.121ns (DCD - SCD + CPR)
    Destination Clock Delay (DCD):    5.121ns
    Source Clock Delay      (SCD):    0.000ns
    Clock Pessimism Removal (CPR):    0.000ns
  Clock Uncertainty:      0.025ns  ((TSJ^2 + TIJ^2)^1/2 + DJ) / 2 + PE
    Total System Jitter     (TSJ):    0.050ns
    Total Input Jitter      (TIJ):    0.000ns
    Discrete Jitter          (DJ):    0.000ns
    Phase Error              (PE):    0.000ns

    Location             Delay type                Incr(ns)  Path(ns)    Netlist Resource(s)
  -------------------------------------------------------------------    -------------------
    F22                                               0.000     0.000 f  reset_n (IN)
                         net (fo=0)                   0.000     0.000    reset_n
    F22                  IBUF (Prop_ibuf_I_O)         1.487     1.487 f  reset_n_IBUF_inst/O
                         net (fo=11, routed)          6.003     7.490    lcd0/reset_n_IBUF
    SLICE_X4Y41          LUT1 (Prop_lut1_I0_O)        0.124     7.614 r  lcd0/init_e_i_1/O
                         net (fo=1221, routed)        6.743    14.357    lcd0_n_0
    SLICE_X5Y25          FDRE                                         r  g_reg[22][6]/R
  -------------------------------------------------------------------    -------------------

                         (clock sys_clk_pin rise edge)
                                                      0.000     0.000 r  
    Y9                                                0.000     0.000 r  clk (IN)
                         net (fo=0)                   0.000     0.000    clk
    Y9                   IBUF (Prop_ibuf_I_O)         1.420     1.420 r  clk_IBUF_inst/O
                         net (fo=1, routed)           1.972     3.392    clk_IBUF
    BUFGCTRL_X0Y0        BUFG (Prop_bufg_I_O)         0.091     3.483 r  clk_IBUF_BUFG_inst/O
                         net (fo=1309, routed)        1.638     5.121    clk_IBUF_BUFG
    SLICE_X5Y25          FDRE                                         r  g_reg[22][6]/C

Slack:                    inf
  Source:                 reset_n
                            (input port)
  Destination:            g_reg[23][6]/R
                            (rising edge-triggered cell FDRE clocked by sys_clk_pin  {rise@0.000ns fall@5.000ns period=10.000ns})
  Path Group:             (none)
  Path Type:              Setup (Max at Slow Process Corner)
  Data Path Delay:        14.357ns  (logic 1.611ns (11.219%)  route 12.746ns (88.781%))
  Logic Levels:           2  (IBUF=1 LUT1=1)
  Clock Path Skew:        5.121ns (DCD - SCD + CPR)
    Destination Clock Delay (DCD):    5.121ns
    Source Clock Delay      (SCD):    0.000ns
    Clock Pessimism Removal (CPR):    0.000ns
  Clock Uncertainty:      0.025ns  ((TSJ^2 + TIJ^2)^1/2 + DJ) / 2 + PE
    Total System Jitter     (TSJ):    0.050ns
    Total Input Jitter      (TIJ):    0.000ns
    Discrete Jitter          (DJ):    0.000ns
    Phase Error              (PE):    0.000ns

    Location             Delay type                Incr(ns)  Path(ns)    Netlist Resource(s)
  -------------------------------------------------------------------    -------------------
    F22                                               0.000     0.000 f  reset_n (IN)
                         net (fo=0)                   0.000     0.000    reset_n
    F22                  IBUF (Prop_ibuf_I_O)         1.487     1.487 f  reset_n_IBUF_inst/O
                         net (fo=11, routed)          6.003     7.490    lcd0/reset_n_IBUF
    SLICE_X4Y41          LUT1 (Prop_lut1_I0_O)        0.124     7.614 r  lcd0/init_e_i_1/O
                         net (fo=1221, routed)        6.743    14.357    lcd0_n_0
    SLICE_X4Y25          FDRE                                         r  g_reg[23][6]/R
  -------------------------------------------------------------------    -------------------

                         (clock sys_clk_pin rise edge)
                                                      0.000     0.000 r  
    Y9                                                0.000     0.000 r  clk (IN)
                         net (fo=0)                   0.000     0.000    clk
    Y9                   IBUF (Prop_ibuf_I_O)         1.420     1.420 r  clk_IBUF_inst/O
                         net (fo=1, routed)           1.972     3.392    clk_IBUF
    BUFGCTRL_X0Y0        BUFG (Prop_bufg_I_O)         0.091     3.483 r  clk_IBUF_BUFG_inst/O
                         net (fo=1309, routed)        1.638     5.121    clk_IBUF_BUFG
    SLICE_X4Y25          FDRE                                         r  g_reg[23][6]/C

Slack:                    inf
  Source:                 reset_n
                            (input port)
  Destination:            g_reg[24][5]/R
                            (rising edge-triggered cell FDRE clocked by sys_clk_pin  {rise@0.000ns fall@5.000ns period=10.000ns})
  Path Group:             (none)
  Path Type:              Setup (Max at Slow Process Corner)
  Data Path Delay:        14.357ns  (logic 1.611ns (11.219%)  route 12.746ns (88.781%))
  Logic Levels:           2  (IBUF=1 LUT1=1)
  Clock Path Skew:        5.121ns (DCD - SCD + CPR)
    Destination Clock Delay (DCD):    5.121ns
    Source Clock Delay      (SCD):    0.000ns
    Clock Pessimism Removal (CPR):    0.000ns
  Clock Uncertainty:      0.025ns  ((TSJ^2 + TIJ^2)^1/2 + DJ) / 2 + PE
    Total System Jitter     (TSJ):    0.050ns
    Total Input Jitter      (TIJ):    0.000ns
    Discrete Jitter          (DJ):    0.000ns
    Phase Error              (PE):    0.000ns

    Location             Delay type                Incr(ns)  Path(ns)    Netlist Resource(s)
  -------------------------------------------------------------------    -------------------
    F22                                               0.000     0.000 f  reset_n (IN)
                         net (fo=0)                   0.000     0.000    reset_n
    F22                  IBUF (Prop_ibuf_I_O)         1.487     1.487 f  reset_n_IBUF_inst/O
                         net (fo=11, routed)          6.003     7.490    lcd0/reset_n_IBUF
    SLICE_X4Y41          LUT1 (Prop_lut1_I0_O)        0.124     7.614 r  lcd0/init_e_i_1/O
                         net (fo=1221, routed)        6.743    14.357    lcd0_n_0
    SLICE_X4Y25          FDRE                                         r  g_reg[24][5]/R
  -------------------------------------------------------------------    -------------------

                         (clock sys_clk_pin rise edge)
                                                      0.000     0.000 r  
    Y9                                                0.000     0.000 r  clk (IN)
                         net (fo=0)                   0.000     0.000    clk
    Y9                   IBUF (Prop_ibuf_I_O)         1.420     1.420 r  clk_IBUF_inst/O
                         net (fo=1, routed)           1.972     3.392    clk_IBUF
    BUFGCTRL_X0Y0        BUFG (Prop_bufg_I_O)         0.091     3.483 r  clk_IBUF_BUFG_inst/O
                         net (fo=1309, routed)        1.638     5.121    clk_IBUF_BUFG
    SLICE_X4Y25          FDRE                                         r  g_reg[24][5]/C

Slack:                    inf
  Source:                 reset_n
                            (input port)
  Destination:            g_reg[24][6]/R
                            (rising edge-triggered cell FDRE clocked by sys_clk_pin  {rise@0.000ns fall@5.000ns period=10.000ns})
  Path Group:             (none)
  Path Type:              Setup (Max at Slow Process Corner)
  Data Path Delay:        14.357ns  (logic 1.611ns (11.219%)  route 12.746ns (88.781%))
  Logic Levels:           2  (IBUF=1 LUT1=1)
  Clock Path Skew:        5.121ns (DCD - SCD + CPR)
    Destination Clock Delay (DCD):    5.121ns
    Source Clock Delay      (SCD):    0.000ns
    Clock Pessimism Removal (CPR):    0.000ns
  Clock Uncertainty:      0.025ns  ((TSJ^2 + TIJ^2)^1/2 + DJ) / 2 + PE
    Total System Jitter     (TSJ):    0.050ns
    Total Input Jitter      (TIJ):    0.000ns
    Discrete Jitter          (DJ):    0.000ns
    Phase Error              (PE):    0.000ns

    Location             Delay type                Incr(ns)  Path(ns)    Netlist Resource(s)
  -------------------------------------------------------------------    -------------------
    F22                                               0.000     0.000 f  reset_n (IN)
                         net (fo=0)                   0.000     0.000    reset_n
    F22                  IBUF (Prop_ibuf_I_O)         1.487     1.487 f  reset_n_IBUF_inst/O
                         net (fo=11, routed)          6.003     7.490    lcd0/reset_n_IBUF
    SLICE_X4Y41          LUT1 (Prop_lut1_I0_O)        0.124     7.614 r  lcd0/init_e_i_1/O
                         net (fo=1221, routed)        6.743    14.357    lcd0_n_0
    SLICE_X4Y25          FDRE                                         r  g_reg[24][6]/R
  -------------------------------------------------------------------    -------------------

                         (clock sys_clk_pin rise edge)
                                                      0.000     0.000 r  
    Y9                                                0.000     0.000 r  clk (IN)
                         net (fo=0)                   0.000     0.000    clk
    Y9                   IBUF (Prop_ibuf_I_O)         1.420     1.420 r  clk_IBUF_inst/O
                         net (fo=1, routed)           1.972     3.392    clk_IBUF
    BUFGCTRL_X0Y0        BUFG (Prop_bufg_I_O)         0.091     3.483 r  clk_IBUF_BUFG_inst/O
                         net (fo=1309, routed)        1.638     5.121    clk_IBUF_BUFG
    SLICE_X4Y25          FDRE                                         r  g_reg[24][6]/C

Slack:                    inf
  Source:                 reset_n
                            (input port)
  Destination:            g_reg[25][5]/R
                            (rising edge-triggered cell FDRE clocked by sys_clk_pin  {rise@0.000ns fall@5.000ns period=10.000ns})
  Path Group:             (none)
  Path Type:              Setup (Max at Slow Process Corner)
  Data Path Delay:        14.357ns  (logic 1.611ns (11.219%)  route 12.746ns (88.781%))
  Logic Levels:           2  (IBUF=1 LUT1=1)
  Clock Path Skew:        5.121ns (DCD - SCD + CPR)
    Destination Clock Delay (DCD):    5.121ns
    Source Clock Delay      (SCD):    0.000ns
    Clock Pessimism Removal (CPR):    0.000ns
  Clock Uncertainty:      0.025ns  ((TSJ^2 + TIJ^2)^1/2 + DJ) / 2 + PE
    Total System Jitter     (TSJ):    0.050ns
    Total Input Jitter      (TIJ):    0.000ns
    Discrete Jitter          (DJ):    0.000ns
    Phase Error              (PE):    0.000ns

    Location             Delay type                Incr(ns)  Path(ns)    Netlist Resource(s)
  -------------------------------------------------------------------    -------------------
    F22                                               0.000     0.000 f  reset_n (IN)
                         net (fo=0)                   0.000     0.000    reset_n
    F22                  IBUF (Prop_ibuf_I_O)         1.487     1.487 f  reset_n_IBUF_inst/O
                         net (fo=11, routed)          6.003     7.490    lcd0/reset_n_IBUF
    SLICE_X4Y41          LUT1 (Prop_lut1_I0_O)        0.124     7.614 r  lcd0/init_e_i_1/O
                         net (fo=1221, routed)        6.743    14.357    lcd0_n_0
    SLICE_X5Y25          FDRE                                         r  g_reg[25][5]/R
  -------------------------------------------------------------------    -------------------

                         (clock sys_clk_pin rise edge)
                                                      0.000     0.000 r  
    Y9                                                0.000     0.000 r  clk (IN)
                         net (fo=0)                   0.000     0.000    clk
    Y9                   IBUF (Prop_ibuf_I_O)         1.420     1.420 r  clk_IBUF_inst/O
                         net (fo=1, routed)           1.972     3.392    clk_IBUF
    BUFGCTRL_X0Y0        BUFG (Prop_bufg_I_O)         0.091     3.483 r  clk_IBUF_BUFG_inst/O
                         net (fo=1309, routed)        1.638     5.121    clk_IBUF_BUFG
    SLICE_X5Y25          FDRE                                         r  g_reg[25][5]/C

Slack:                    inf
  Source:                 reset_n
                            (input port)
  Destination:            g_reg[26][5]/R
                            (rising edge-triggered cell FDRE clocked by sys_clk_pin  {rise@0.000ns fall@5.000ns period=10.000ns})
  Path Group:             (none)
  Path Type:              Setup (Max at Slow Process Corner)
  Data Path Delay:        14.357ns  (logic 1.611ns (11.219%)  route 12.746ns (88.781%))
  Logic Levels:           2  (IBUF=1 LUT1=1)
  Clock Path Skew:        5.121ns (DCD - SCD + CPR)
    Destination Clock Delay (DCD):    5.121ns
    Source Clock Delay      (SCD):    0.000ns
    Clock Pessimism Removal (CPR):    0.000ns
  Clock Uncertainty:      0.025ns  ((TSJ^2 + TIJ^2)^1/2 + DJ) / 2 + PE
    Total System Jitter     (TSJ):    0.050ns
    Total Input Jitter      (TIJ):    0.000ns
    Discrete Jitter          (DJ):    0.000ns
    Phase Error              (PE):    0.000ns

    Location             Delay type                Incr(ns)  Path(ns)    Netlist Resource(s)
  -------------------------------------------------------------------    -------------------
    F22                                               0.000     0.000 f  reset_n (IN)
                         net (fo=0)                   0.000     0.000    reset_n
    F22                  IBUF (Prop_ibuf_I_O)         1.487     1.487 f  reset_n_IBUF_inst/O
                         net (fo=11, routed)          6.003     7.490    lcd0/reset_n_IBUF
    SLICE_X4Y41          LUT1 (Prop_lut1_I0_O)        0.124     7.614 r  lcd0/init_e_i_1/O
                         net (fo=1221, routed)        6.743    14.357    lcd0_n_0
    SLICE_X5Y25          FDRE                                         r  g_reg[26][5]/R
  -------------------------------------------------------------------    -------------------

                         (clock sys_clk_pin rise edge)
                                                      0.000     0.000 r  
    Y9                                                0.000     0.000 r  clk (IN)
                         net (fo=0)                   0.000     0.000    clk
    Y9                   IBUF (Prop_ibuf_I_O)         1.420     1.420 r  clk_IBUF_inst/O
                         net (fo=1, routed)           1.972     3.392    clk_IBUF
    BUFGCTRL_X0Y0        BUFG (Prop_bufg_I_O)         0.091     3.483 r  clk_IBUF_BUFG_inst/O
                         net (fo=1309, routed)        1.638     5.121    clk_IBUF_BUFG
    SLICE_X5Y25          FDRE                                         r  g_reg[26][5]/C





Min Delay Paths
--------------------------------------------------------------------------------------
Slack:                    inf
  Source:                 usr_btn[3]
                            (input port)
  Destination:            row_A_reg[89]/D
                            (rising edge-triggered cell FDRE clocked by sys_clk_pin  {rise@0.000ns fall@5.000ns period=10.000ns})
  Path Group:             (none)
  Path Type:              Hold (Min at Fast Process Corner)
  Data Path Delay:        1.801ns  (logic 0.307ns (17.075%)  route 1.493ns (82.925%))
  Logic Levels:           2  (IBUF=1 LUT5=1)
  Clock Path Skew:        2.051ns (DCD - SCD - CPR)
    Destination Clock Delay (DCD):    2.051ns
    Source Clock Delay      (SCD):    0.000ns
    Clock Pessimism Removal (CPR):    -0.000ns

    Location             Delay type                Incr(ns)  Path(ns)    Netlist Resource(s)
  -------------------------------------------------------------------    -------------------
    N15                                               0.000     0.000 f  usr_btn[3] (IN)
                         net (fo=0)                   0.000     0.000    usr_btn[3]
    N15                  IBUF (Prop_ibuf_I_O)         0.258     0.258 f  usr_btn_IBUF[3]_inst/O
                         net (fo=10, routed)          1.493     1.752    genblk1[3].u_db/usr_led_OBUF[0]
    SLICE_X9Y34          LUT5 (Prop_lut5_I0_O)        0.049     1.801 r  genblk1[3].u_db/row_A[89]_i_1/O
                         net (fo=1, routed)           0.000     1.801    genblk1[3].u_db_n_1
    SLICE_X9Y34          FDRE                                         r  row_A_reg[89]/D
  -------------------------------------------------------------------    -------------------

                         (clock sys_clk_pin rise edge)
                                                      0.000     0.000 r  
    Y9                                                0.000     0.000 r  clk (IN)
                         net (fo=0)                   0.000     0.000    clk
    Y9                   IBUF (Prop_ibuf_I_O)         0.446     0.446 r  clk_IBUF_inst/O
                         net (fo=1, routed)           0.719     1.165    clk_IBUF
    BUFGCTRL_X0Y0        BUFG (Prop_bufg_I_O)         0.029     1.194 r  clk_IBUF_BUFG_inst/O
                         net (fo=1309, routed)        0.857     2.051    clk_IBUF_BUFG
    SLICE_X9Y34          FDRE                                         r  row_A_reg[89]/C

Slack:                    inf
  Source:                 usr_btn[3]
                            (input port)
  Destination:            row_A_reg[106]/D
                            (rising edge-triggered cell FDRE clocked by sys_clk_pin  {rise@0.000ns fall@5.000ns period=10.000ns})
  Path Group:             (none)
  Path Type:              Hold (Min at Fast Process Corner)
  Data Path Delay:        1.810ns  (logic 0.303ns (16.771%)  route 1.506ns (83.229%))
  Logic Levels:           2  (IBUF=1 LUT5=1)
  Clock Path Skew:        2.052ns (DCD - SCD - CPR)
    Destination Clock Delay (DCD):    2.052ns
    Source Clock Delay      (SCD):    0.000ns
    Clock Pessimism Removal (CPR):    -0.000ns

    Location             Delay type                Incr(ns)  Path(ns)    Netlist Resource(s)
  -------------------------------------------------------------------    -------------------
    N15                                               0.000     0.000 r  usr_btn[3] (IN)
                         net (fo=0)                   0.000     0.000    usr_btn[3]
    N15                  IBUF (Prop_ibuf_I_O)         0.258     0.258 r  usr_btn_IBUF[3]_inst/O
                         net (fo=10, routed)          1.506     1.765    genblk1[3].u_db/usr_led_OBUF[0]
    SLICE_X10Y35         LUT5 (Prop_lut5_I0_O)        0.045     1.810 r  genblk1[3].u_db/row_A[106]_i_1/O
                         net (fo=1, routed)           0.000     1.810    genblk1[3].u_db_n_2
    SLICE_X10Y35         FDRE                                         r  row_A_reg[106]/D
  -------------------------------------------------------------------    -------------------

                         (clock sys_clk_pin rise edge)
                                                      0.000     0.000 r  
    Y9                                                0.000     0.000 r  clk (IN)
                         net (fo=0)                   0.000     0.000    clk
    Y9                   IBUF (Prop_ibuf_I_O)         0.446     0.446 r  clk_IBUF_inst/O
                         net (fo=1, routed)           0.719     1.165    clk_IBUF
    BUFGCTRL_X0Y0        BUFG (Prop_bufg_I_O)         0.029     1.194 r  clk_IBUF_BUFG_inst/O
                         net (fo=1309, routed)        0.858     2.052    clk_IBUF_BUFG
    SLICE_X10Y35         FDRE                                         r  row_A_reg[106]/C

Slack:                    inf
  Source:                 usr_btn[3]
                            (input port)
  Destination:            row_A_reg[59]/D
                            (rising edge-triggered cell FDRE clocked by sys_clk_pin  {rise@0.000ns fall@5.000ns period=10.000ns})
  Path Group:             (none)
  Path Type:              Hold (Min at Fast Process Corner)
  Data Path Delay:        1.850ns  (logic 0.304ns (16.461%)  route 1.545ns (83.539%))
  Logic Levels:           2  (IBUF=1 LUT5=1)
  Clock Path Skew:        2.051ns (DCD - SCD - CPR)
    Destination Clock Delay (DCD):    2.051ns
    Source Clock Delay      (SCD):    0.000ns
    Clock Pessimism Removal (CPR):    -0.000ns

    Location             Delay type                Incr(ns)  Path(ns)    Netlist Resource(s)
  -------------------------------------------------------------------    -------------------
    N15                                               0.000     0.000 f  usr_btn[3] (IN)
                         net (fo=0)                   0.000     0.000    usr_btn[3]
    N15                  IBUF (Prop_ibuf_I_O)         0.258     0.258 f  usr_btn_IBUF[3]_inst/O
                         net (fo=10, routed)          1.545     1.804    genblk1[3].u_db/usr_led_OBUF[0]
    SLICE_X9Y34          LUT5 (Prop_lut5_I0_O)        0.046     1.850 r  genblk1[3].u_db/row_A[59]_i_1/O
                         net (fo=1, routed)           0.000     1.850    genblk1[3].u_db_n_0
    SLICE_X9Y34          FDRE                                         r  row_A_reg[59]/D
  -------------------------------------------------------------------    -------------------

                         (clock sys_clk_pin rise edge)
                                                      0.000     0.000 r  
    Y9                                                0.000     0.000 r  clk (IN)
                         net (fo=0)                   0.000     0.000    clk
    Y9                   IBUF (Prop_ibuf_I_O)         0.446     0.446 r  clk_IBUF_inst/O
                         net (fo=1, routed)           0.719     1.165    clk_IBUF
    BUFGCTRL_X0Y0        BUFG (Prop_bufg_I_O)         0.029     1.194 r  clk_IBUF_BUFG_inst/O
                         net (fo=1309, routed)        0.857     2.051    clk_IBUF_BUFG
    SLICE_X9Y34          FDRE                                         r  row_A_reg[59]/C

Slack:                    inf
  Source:                 usr_btn[3]
                            (input port)
  Destination:            row_A_reg[0]/CE
                            (rising edge-triggered cell FDSE clocked by sys_clk_pin  {rise@0.000ns fall@5.000ns period=10.000ns})
  Path Group:             (none)
  Path Type:              Hold (Min at Fast Process Corner)
  Data Path Delay:        1.991ns  (logic 0.303ns (15.241%)  route 1.688ns (84.759%))
  Logic Levels:           2  (IBUF=1 LUT4=1)
  Clock Path Skew:        2.050ns (DCD - SCD - CPR)
    Destination Clock Delay (DCD):    2.050ns
    Source Clock Delay      (SCD):    0.000ns
    Clock Pessimism Removal (CPR):    -0.000ns

    Location             Delay type                Incr(ns)  Path(ns)    Netlist Resource(s)
  -------------------------------------------------------------------    -------------------
    N15                                               0.000     0.000 r  usr_btn[3] (IN)
                         net (fo=0)                   0.000     0.000    usr_btn[3]
    N15                  IBUF (Prop_ibuf_I_O)         0.258     0.258 r  usr_btn_IBUF[3]_inst/O
                         net (fo=10, routed)          1.545     1.804    genblk1[3].u_db/usr_led_OBUF[0]
    SLICE_X9Y34          LUT4 (Prop_lut4_I0_O)        0.045     1.849 r  genblk1[3].u_db/row_A[107]_i_1/O
                         net (fo=45, routed)          0.143     1.991    genblk1[3].u_db_n_5
    SLICE_X8Y33          FDSE                                         r  row_A_reg[0]/CE
  -------------------------------------------------------------------    -------------------

                         (clock sys_clk_pin rise edge)
                                                      0.000     0.000 r  
    Y9                                                0.000     0.000 r  clk (IN)
                         net (fo=0)                   0.000     0.000    clk
    Y9                   IBUF (Prop_ibuf_I_O)         0.446     0.446 r  clk_IBUF_inst/O
                         net (fo=1, routed)           0.719     1.165    clk_IBUF
    BUFGCTRL_X0Y0        BUFG (Prop_bufg_I_O)         0.029     1.194 r  clk_IBUF_BUFG_inst/O
                         net (fo=1309, routed)        0.856     2.050    clk_IBUF_BUFG
    SLICE_X8Y33          FDSE                                         r  row_A_reg[0]/C

Slack:                    inf
  Source:                 usr_btn[3]
                            (input port)
  Destination:            row_A_reg[1]/CE
                            (rising edge-triggered cell FDSE clocked by sys_clk_pin  {rise@0.000ns fall@5.000ns period=10.000ns})
  Path Group:             (none)
  Path Type:              Hold (Min at Fast Process Corner)
  Data Path Delay:        1.991ns  (logic 0.303ns (15.241%)  route 1.688ns (84.759%))
  Logic Levels:           2  (IBUF=1 LUT4=1)
  Clock Path Skew:        2.050ns (DCD - SCD - CPR)
    Destination Clock Delay (DCD):    2.050ns
    Source Clock Delay      (SCD):    0.000ns
    Clock Pessimism Removal (CPR):    -0.000ns

    Location             Delay type                Incr(ns)  Path(ns)    Netlist Resource(s)
  -------------------------------------------------------------------    -------------------
    N15                                               0.000     0.000 r  usr_btn[3] (IN)
                         net (fo=0)                   0.000     0.000    usr_btn[3]
    N15                  IBUF (Prop_ibuf_I_O)         0.258     0.258 r  usr_btn_IBUF[3]_inst/O
                         net (fo=10, routed)          1.545     1.804    genblk1[3].u_db/usr_led_OBUF[0]
    SLICE_X9Y34          LUT4 (Prop_lut4_I0_O)        0.045     1.849 r  genblk1[3].u_db/row_A[107]_i_1/O
                         net (fo=45, routed)          0.143     1.991    genblk1[3].u_db_n_5
    SLICE_X8Y33          FDSE                                         r  row_A_reg[1]/CE
  -------------------------------------------------------------------    -------------------

                         (clock sys_clk_pin rise edge)
                                                      0.000     0.000 r  
    Y9                                                0.000     0.000 r  clk (IN)
                         net (fo=0)                   0.000     0.000    clk
    Y9                   IBUF (Prop_ibuf_I_O)         0.446     0.446 r  clk_IBUF_inst/O
                         net (fo=1, routed)           0.719     1.165    clk_IBUF
    BUFGCTRL_X0Y0        BUFG (Prop_bufg_I_O)         0.029     1.194 r  clk_IBUF_BUFG_inst/O
                         net (fo=1309, routed)        0.856     2.050    clk_IBUF_BUFG
    SLICE_X8Y33          FDSE                                         r  row_A_reg[1]/C

Slack:                    inf
  Source:                 usr_btn[3]
                            (input port)
  Destination:            row_A_reg[42]/CE
                            (rising edge-triggered cell FDRE clocked by sys_clk_pin  {rise@0.000ns fall@5.000ns period=10.000ns})
  Path Group:             (none)
  Path Type:              Hold (Min at Fast Process Corner)
  Data Path Delay:        1.991ns  (logic 0.303ns (15.241%)  route 1.688ns (84.759%))
  Logic Levels:           2  (IBUF=1 LUT4=1)
  Clock Path Skew:        2.050ns (DCD - SCD - CPR)
    Destination Clock Delay (DCD):    2.050ns
    Source Clock Delay      (SCD):    0.000ns
    Clock Pessimism Removal (CPR):    -0.000ns

    Location             Delay type                Incr(ns)  Path(ns)    Netlist Resource(s)
  -------------------------------------------------------------------    -------------------
    N15                                               0.000     0.000 r  usr_btn[3] (IN)
                         net (fo=0)                   0.000     0.000    usr_btn[3]
    N15                  IBUF (Prop_ibuf_I_O)         0.258     0.258 r  usr_btn_IBUF[3]_inst/O
                         net (fo=10, routed)          1.545     1.804    genblk1[3].u_db/usr_led_OBUF[0]
    SLICE_X9Y34          LUT4 (Prop_lut4_I0_O)        0.045     1.849 r  genblk1[3].u_db/row_A[107]_i_1/O
                         net (fo=45, routed)          0.143     1.991    genblk1[3].u_db_n_5
    SLICE_X8Y33          FDRE                                         r  row_A_reg[42]/CE
  -------------------------------------------------------------------    -------------------

                         (clock sys_clk_pin rise edge)
                                                      0.000     0.000 r  
    Y9                                                0.000     0.000 r  clk (IN)
                         net (fo=0)                   0.000     0.000    clk
    Y9                   IBUF (Prop_ibuf_I_O)         0.446     0.446 r  clk_IBUF_inst/O
                         net (fo=1, routed)           0.719     1.165    clk_IBUF
    BUFGCTRL_X0Y0        BUFG (Prop_bufg_I_O)         0.029     1.194 r  clk_IBUF_BUFG_inst/O
                         net (fo=1309, routed)        0.856     2.050    clk_IBUF_BUFG
    SLICE_X8Y33          FDRE                                         r  row_A_reg[42]/C

Slack:                    inf
  Source:                 usr_btn[3]
                            (input port)
  Destination:            row_A_reg[43]/CE
                            (rising edge-triggered cell FDRE clocked by sys_clk_pin  {rise@0.000ns fall@5.000ns period=10.000ns})
  Path Group:             (none)
  Path Type:              Hold (Min at Fast Process Corner)
  Data Path Delay:        1.991ns  (logic 0.303ns (15.241%)  route 1.688ns (84.759%))
  Logic Levels:           2  (IBUF=1 LUT4=1)
  Clock Path Skew:        2.050ns (DCD - SCD - CPR)
    Destination Clock Delay (DCD):    2.050ns
    Source Clock Delay      (SCD):    0.000ns
    Clock Pessimism Removal (CPR):    -0.000ns

    Location             Delay type                Incr(ns)  Path(ns)    Netlist Resource(s)
  -------------------------------------------------------------------    -------------------
    N15                                               0.000     0.000 r  usr_btn[3] (IN)
                         net (fo=0)                   0.000     0.000    usr_btn[3]
    N15                  IBUF (Prop_ibuf_I_O)         0.258     0.258 r  usr_btn_IBUF[3]_inst/O
                         net (fo=10, routed)          1.545     1.804    genblk1[3].u_db/usr_led_OBUF[0]
    SLICE_X9Y34          LUT4 (Prop_lut4_I0_O)        0.045     1.849 r  genblk1[3].u_db/row_A[107]_i_1/O
                         net (fo=45, routed)          0.143     1.991    genblk1[3].u_db_n_5
    SLICE_X9Y33          FDRE                                         r  row_A_reg[43]/CE
  -------------------------------------------------------------------    -------------------

                         (clock sys_clk_pin rise edge)
                                                      0.000     0.000 r  
    Y9                                                0.000     0.000 r  clk (IN)
                         net (fo=0)                   0.000     0.000    clk
    Y9                   IBUF (Prop_ibuf_I_O)         0.446     0.446 r  clk_IBUF_inst/O
                         net (fo=1, routed)           0.719     1.165    clk_IBUF
    BUFGCTRL_X0Y0        BUFG (Prop_bufg_I_O)         0.029     1.194 r  clk_IBUF_BUFG_inst/O
                         net (fo=1309, routed)        0.856     2.050    clk_IBUF_BUFG
    SLICE_X9Y33          FDRE                                         r  row_A_reg[43]/C

Slack:                    inf
  Source:                 usr_btn[3]
                            (input port)
  Destination:            row_A_reg[45]/CE
                            (rising edge-triggered cell FDSE clocked by sys_clk_pin  {rise@0.000ns fall@5.000ns period=10.000ns})
  Path Group:             (none)
  Path Type:              Hold (Min at Fast Process Corner)
  Data Path Delay:        1.991ns  (logic 0.303ns (15.241%)  route 1.688ns (84.759%))
  Logic Levels:           2  (IBUF=1 LUT4=1)
  Clock Path Skew:        2.050ns (DCD - SCD - CPR)
    Destination Clock Delay (DCD):    2.050ns
    Source Clock Delay      (SCD):    0.000ns
    Clock Pessimism Removal (CPR):    -0.000ns

    Location             Delay type                Incr(ns)  Path(ns)    Netlist Resource(s)
  -------------------------------------------------------------------    -------------------
    N15                                               0.000     0.000 r  usr_btn[3] (IN)
                         net (fo=0)                   0.000     0.000    usr_btn[3]
    N15                  IBUF (Prop_ibuf_I_O)         0.258     0.258 r  usr_btn_IBUF[3]_inst/O
                         net (fo=10, routed)          1.545     1.804    genblk1[3].u_db/usr_led_OBUF[0]
    SLICE_X9Y34          LUT4 (Prop_lut4_I0_O)        0.045     1.849 r  genblk1[3].u_db/row_A[107]_i_1/O
                         net (fo=45, routed)          0.143     1.991    genblk1[3].u_db_n_5
    SLICE_X9Y33          FDSE                                         r  row_A_reg[45]/CE
  -------------------------------------------------------------------    -------------------

                         (clock sys_clk_pin rise edge)
                                                      0.000     0.000 r  
    Y9                                                0.000     0.000 r  clk (IN)
                         net (fo=0)                   0.000     0.000    clk
    Y9                   IBUF (Prop_ibuf_I_O)         0.446     0.446 r  clk_IBUF_inst/O
                         net (fo=1, routed)           0.719     1.165    clk_IBUF
    BUFGCTRL_X0Y0        BUFG (Prop_bufg_I_O)         0.029     1.194 r  clk_IBUF_BUFG_inst/O
                         net (fo=1309, routed)        0.856     2.050    clk_IBUF_BUFG
    SLICE_X9Y33          FDSE                                         r  row_A_reg[45]/C

Slack:                    inf
  Source:                 usr_btn[3]
                            (input port)
  Destination:            row_A_reg[46]/CE
                            (rising edge-triggered cell FDRE clocked by sys_clk_pin  {rise@0.000ns fall@5.000ns period=10.000ns})
  Path Group:             (none)
  Path Type:              Hold (Min at Fast Process Corner)
  Data Path Delay:        1.991ns  (logic 0.303ns (15.241%)  route 1.688ns (84.759%))
  Logic Levels:           2  (IBUF=1 LUT4=1)
  Clock Path Skew:        2.050ns (DCD - SCD - CPR)
    Destination Clock Delay (DCD):    2.050ns
    Source Clock Delay      (SCD):    0.000ns
    Clock Pessimism Removal (CPR):    -0.000ns

    Location             Delay type                Incr(ns)  Path(ns)    Netlist Resource(s)
  -------------------------------------------------------------------    -------------------
    N15                                               0.000     0.000 r  usr_btn[3] (IN)
                         net (fo=0)                   0.000     0.000    usr_btn[3]
    N15                  IBUF (Prop_ibuf_I_O)         0.258     0.258 r  usr_btn_IBUF[3]_inst/O
                         net (fo=10, routed)          1.545     1.804    genblk1[3].u_db/usr_led_OBUF[0]
    SLICE_X9Y34          LUT4 (Prop_lut4_I0_O)        0.045     1.849 r  genblk1[3].u_db/row_A[107]_i_1/O
                         net (fo=45, routed)          0.143     1.991    genblk1[3].u_db_n_5
    SLICE_X9Y33          FDRE                                         r  row_A_reg[46]/CE
  -------------------------------------------------------------------    -------------------

                         (clock sys_clk_pin rise edge)
                                                      0.000     0.000 r  
    Y9                                                0.000     0.000 r  clk (IN)
                         net (fo=0)                   0.000     0.000    clk
    Y9                   IBUF (Prop_ibuf_I_O)         0.446     0.446 r  clk_IBUF_inst/O
                         net (fo=1, routed)           0.719     1.165    clk_IBUF
    BUFGCTRL_X0Y0        BUFG (Prop_bufg_I_O)         0.029     1.194 r  clk_IBUF_BUFG_inst/O
                         net (fo=1309, routed)        0.856     2.050    clk_IBUF_BUFG
    SLICE_X9Y33          FDRE                                         r  row_A_reg[46]/C

Slack:                    inf
  Source:                 usr_btn[3]
                            (input port)
  Destination:            row_A_reg[4]/CE
                            (rising edge-triggered cell FDRE clocked by sys_clk_pin  {rise@0.000ns fall@5.000ns period=10.000ns})
  Path Group:             (none)
  Path Type:              Hold (Min at Fast Process Corner)
  Data Path Delay:        1.991ns  (logic 0.303ns (15.241%)  route 1.688ns (84.759%))
  Logic Levels:           2  (IBUF=1 LUT4=1)
  Clock Path Skew:        2.050ns (DCD - SCD - CPR)
    Destination Clock Delay (DCD):    2.050ns
    Source Clock Delay      (SCD):    0.000ns
    Clock Pessimism Removal (CPR):    -0.000ns

    Location             Delay type                Incr(ns)  Path(ns)    Netlist Resource(s)
  -------------------------------------------------------------------    -------------------
    N15                                               0.000     0.000 r  usr_btn[3] (IN)
                         net (fo=0)                   0.000     0.000    usr_btn[3]
    N15                  IBUF (Prop_ibuf_I_O)         0.258     0.258 r  usr_btn_IBUF[3]_inst/O
                         net (fo=10, routed)          1.545     1.804    genblk1[3].u_db/usr_led_OBUF[0]
    SLICE_X9Y34          LUT4 (Prop_lut4_I0_O)        0.045     1.849 r  genblk1[3].u_db/row_A[107]_i_1/O
                         net (fo=45, routed)          0.143     1.991    genblk1[3].u_db_n_5
    SLICE_X8Y33          FDRE                                         r  row_A_reg[4]/CE
  -------------------------------------------------------------------    -------------------

                         (clock sys_clk_pin rise edge)
                                                      0.000     0.000 r  
    Y9                                                0.000     0.000 r  clk (IN)
                         net (fo=0)                   0.000     0.000    clk
    Y9                   IBUF (Prop_ibuf_I_O)         0.446     0.446 r  clk_IBUF_inst/O
                         net (fo=1, routed)           0.719     1.165    clk_IBUF
    BUFGCTRL_X0Y0        BUFG (Prop_bufg_I_O)         0.029     1.194 r  clk_IBUF_BUFG_inst/O
                         net (fo=1309, routed)        0.856     2.050    clk_IBUF_BUFG
    SLICE_X8Y33          FDRE                                         r  row_A_reg[4]/C





