Copyright 1986-2022 Xilinx, Inc. All Rights Reserved. Copyright 2022-2025 Advanced Micro Devices, Inc. All Rights Reserved.
------------------------------------------------------------------------------------------------------------------------------------------------------------------------------------------------------------------------
| Tool Version : Vivado v.2025.1.1 (win64) Build 6233196 Thu Sep 11 21:27:30 MDT 2025
| Date         : Sat Jan 10 00:00:26 2026
| Host         : kaiden running 64-bit major release  (build 9200)
| Command      : report_timing_summary -max_paths 10 -routable_nets -report_unconstrained -file lab7_timing_summary_routed.rpt -pb lab7_timing_summary_routed.pb -rpx lab7_timing_summary_routed.rpx -warn_on_violation
| Design       : lab7
| Device       : 7z020-clg484
| Speed File   : -1  PRODUCTION 1.12 2019-11-22
| Design State : Routed
------------------------------------------------------------------------------------------------------------------------------------------------------------------------------------------------------------------------

Timing Summary Report

------------------------------------------------------------------------------------------------
| Timer Settings
| --------------
------------------------------------------------------------------------------------------------

  Enable Multi Corner Analysis               :  Yes
  Enable Pessimism Removal                   :  Yes
  Pessimism Removal Resolution               :  Nearest Common Node
  Enable Input Delay Default Clock           :  No
  Enable Preset / Clear Arcs                 :  No
  Disable Flight Delays                      :  No
  Ignore I/O Paths                           :  No
  Timing Early Launch at Borrowing Latches   :  No
  Borrow Time for Max Delay Exceptions       :  Yes
  Merge Timing Exceptions                    :  Yes
  Inter-SLR Compensation                     :  Conservative

  Corner  Analyze    Analyze    
  Name    Max Paths  Min Paths  
  ------  ---------  ---------  
  Slow    Yes        Yes        
  Fast    Yes        Yes        


------------------------------------------------------------------------------------------------
| Report Methodology
| ------------------
------------------------------------------------------------------------------------------------

Rule       Severity  Description                    Violations  
---------  --------  -----------------------------  ----------  
TIMING-16  Warning   Large setup violation          5           
TIMING-18  Warning   Missing input or output delay  6           

Note: This report is based on the most recent report_methodology run and may not be up-to-date. Run report_methodology on the current design for the latest report.



check_timing report

Table of Contents
-----------------
1. checking no_clock (0)
2. checking constant_clock (0)
3. checking pulse_width_clock (0)
4. checking unconstrained_internal_endpoints (0)
5. checking no_input_delay (2)
6. checking no_output_delay (1)
7. checking multiple_clock (0)
8. checking generated_clocks (0)
9. checking loops (0)
10. checking partial_input_delay (0)
11. checking partial_output_delay (0)
12. checking latch_loops (0)

1. checking no_clock (0)
------------------------
 There are 0 register/latch pins with no clock.


2. checking constant_clock (0)
------------------------------
 There are 0 register/latch pins with constant_clock.


3. checking pulse_width_clock (0)
---------------------------------
 There are 0 register/latch pins which need pulse_width check


4. checking unconstrained_internal_endpoints (0)
------------------------------------------------
 There are 0 pins that are not constrained for maximum delay.

 There are 0 pins that are not constrained for maximum delay due to constant clock.


5. checking no_input_delay (2)
------------------------------
 There are 2 input ports with no input delay specified. (HIGH)

 There are 0 input ports with no input delay but user has a false path constraint.


6. checking no_output_delay (1)
-------------------------------
 There is 1 port with no output delay specified. (HIGH)

 There are 0 ports with no output delay but user has a false path constraint

 There are 0 ports with no output delay but with a timing clock defined on it or propagating through it


7. checking multiple_clock (0)
------------------------------
 There are 0 register/latch pins with multiple clocks.


8. checking generated_clocks (0)
--------------------------------
 There are 0 generated clocks that are not connected to a clock source.


9. checking loops (0)
---------------------
 There are 0 combinational loops in the design.


10. checking partial_input_delay (0)
------------------------------------
 There are 0 input ports with partial input delay specified.


11. checking partial_output_delay (0)
-------------------------------------
 There are 0 ports with partial output delay specified.


12. checking latch_loops (0)
----------------------------
 There are 0 combinational latch loops in the design through latch input



------------------------------------------------------------------------------------------------
| Design Timing Summary
| ---------------------
------------------------------------------------------------------------------------------------

    WNS(ns)      TNS(ns)  TNS Failing Endpoints  TNS Total Endpoints      WHS(ns)      THS(ns)  THS Failing Endpoints  THS Total Endpoints     WPWS(ns)     TPWS(ns)  TPWS Failing Endpoints  TPWS Total Endpoints  
    -------      -------  ---------------------  -------------------      -------      -------  ---------------------  -------------------     --------     --------  ----------------------  --------------------  
     -1.091      -18.392                     31                 1303        0.107        0.000                      0                 1303        3.750        0.000                       0                   673  


Timing constraints are not met.


------------------------------------------------------------------------------------------------
| Clock Summary
| -------------
------------------------------------------------------------------------------------------------

Clock        Waveform(ns)       Period(ns)      Frequency(MHz)
-----        ------------       ----------      --------------
sys_clk_pin  {0.000 5.000}      10.000          100.000         


------------------------------------------------------------------------------------------------
| Intra Clock Table
| -----------------
------------------------------------------------------------------------------------------------

Clock             WNS(ns)      TNS(ns)  TNS Failing Endpoints  TNS Total Endpoints      WHS(ns)      THS(ns)  THS Failing Endpoints  THS Total Endpoints     WPWS(ns)     TPWS(ns)  TPWS Failing Endpoints  TPWS Total Endpoints  
-----             -------      -------  ---------------------  -------------------      -------      -------  ---------------------  -------------------     --------     --------  ----------------------  --------------------  
sys_clk_pin        -1.091      -18.392                     31                 1303        0.107        0.000                      0                 1303        3.750        0.000                       0                   673  


------------------------------------------------------------------------------------------------
| Inter Clock Table
| -----------------
------------------------------------------------------------------------------------------------

From Clock    To Clock          WNS(ns)      TNS(ns)  TNS Failing Endpoints  TNS Total Endpoints      WHS(ns)      THS(ns)  THS Failing Endpoints  THS Total Endpoints  
----------    --------          -------      -------  ---------------------  -------------------      -------      -------  ---------------------  -------------------  


------------------------------------------------------------------------------------------------
| Other Path Groups Table
| -----------------------
------------------------------------------------------------------------------------------------

Path Group    From Clock    To Clock          WNS(ns)      TNS(ns)  TNS Failing Endpoints  TNS Total Endpoints      WHS(ns)      THS(ns)  THS Failing Endpoints  THS Total Endpoints  
----------    ----------    --------          -------      -------  ---------------------  -------------------      -------      -------  ---------------------  -------------------  


------------------------------------------------------------------------------------------------
| User Ignored Path Table
| -----------------------
------------------------------------------------------------------------------------------------

Path Group    From Clock    To Clock    
----------    ----------    --------    


------------------------------------------------------------------------------------------------
| Unconstrained Path Table
| ------------------------
------------------------------------------------------------------------------------------------

Path Group    From Clock    To Clock    
----------    ----------    --------    
(none)                                    
(none)        sys_clk_pin                 
(none)                      sys_clk_pin   


------------------------------------------------------------------------------------------------
| Timing Details
| --------------
------------------------------------------------------------------------------------------------


---------------------------------------------------------------------------------------------------
From Clock:  sys_clk_pin
  To Clock:  sys_clk_pin

Setup :           31  Failing Endpoints,  Worst Slack       -1.091ns,  Total Violation      -18.392ns
Hold  :            0  Failing Endpoints,  Worst Slack        0.107ns,  Total Violation        0.000ns
PW    :            0  Failing Endpoints,  Worst Slack        3.750ns,  Total Violation        0.000ns
---------------------------------------------------------------------------------------------------


Max Delay Paths
--------------------------------------------------------------------------------------
Slack (VIOLATED) :        -1.091ns  (required time - arrival time)
  Source:                 a_reg[1][3][3]/C
                            (rising edge-triggered cell FDRE clocked by sys_clk_pin  {rise@0.000ns fall@5.000ns period=10.000ns})
  Destination:            t_reg[1][17]/D
                            (rising edge-triggered cell FDRE clocked by sys_clk_pin  {rise@0.000ns fall@5.000ns period=10.000ns})
  Path Group:             sys_clk_pin
  Path Type:              Setup (Max at Slow Process Corner)
  Requirement:            10.000ns  (sys_clk_pin rise@10.000ns - sys_clk_pin rise@0.000ns)
  Data Path Delay:        11.102ns  (logic 5.431ns (48.921%)  route 5.671ns (51.079%))
  Logic Levels:           14  (CARRY4=7 LUT2=3 LUT4=2 LUT5=1 LUT6=1)
  Clock Path Skew:        0.015ns (DCD - SCD + CPR)
    Destination Clock Delay (DCD):    5.099ns = ( 15.099 - 10.000 ) 
    Source Clock Delay      (SCD):    5.478ns
    Clock Pessimism Removal (CPR):    0.394ns
  Clock Uncertainty:      0.035ns  ((TSJ^2 + TIJ^2)^1/2 + DJ) / 2 + PE
    Total System Jitter     (TSJ):    0.071ns
    Total Input Jitter      (TIJ):    0.000ns
    Discrete Jitter          (DJ):    0.000ns
    Phase Error              (PE):    0.000ns

    Location             Delay type                Incr(ns)  Path(ns)    Netlist Resource(s)
  -------------------------------------------------------------------    -------------------
                         (clock sys_clk_pin rise edge)
                                                      0.000     0.000 r  
    Y9                                                0.000     0.000 r  clk (IN)
                         net (fo=0)                   0.000     0.000    clk
    Y9                   IBUF (Prop_ibuf_I_O)         1.490     1.490 r  clk_IBUF_inst/O
                         net (fo=1, routed)           2.171     3.661    clk_IBUF
    BUFGCTRL_X0Y0        BUFG (Prop_bufg_I_O)         0.101     3.762 r  clk_IBUF_BUFG_inst/O
                         net (fo=672, routed)         1.716     5.478    clk_IBUF_BUFG
    SLICE_X89Y25         FDRE                                         r  a_reg[1][3][3]/C
  -------------------------------------------------------------------    -------------------
    SLICE_X89Y25         FDRE (Prop_fdre_C_Q)         0.456     5.934 r  a_reg[1][3][3]/Q
                         net (fo=18, routed)          1.189     7.123    a_reg_n_0_[1][3][3]
    SLICE_X90Y24         LUT6 (Prop_lut6_I2_O)        0.124     7.247 r  t[1][7]_i_65/O
                         net (fo=2, routed)           0.753     8.000    t[1][7]_i_65_n_0
    SLICE_X90Y26         CARRY4 (Prop_carry4_DI[1]_CO[3])
                                                      0.520     8.520 r  t_reg[1][7]_i_57/CO[3]
                         net (fo=1, routed)           0.000     8.520    t_reg[1][7]_i_57_n_0
    SLICE_X90Y27         CARRY4 (Prop_carry4_CI_O[1])
                                                      0.323     8.843 r  t_reg[1][17]_i_109/O[1]
                         net (fo=2, routed)           0.457     9.300    t_reg[1][17]_i_109_n_6
    SLICE_X91Y28         LUT4 (Prop_lut4_I1_O)        0.306     9.606 f  t[1][17]_i_73/O
                         net (fo=2, routed)           0.650    10.256    t[1][17]_i_73_n_0
    SLICE_X91Y30         LUT4 (Prop_lut4_I0_O)        0.124    10.380 r  t[1][17]_i_48/O
                         net (fo=2, routed)           0.570    10.950    t[1][17]_i_48_n_0
    SLICE_X93Y32         LUT5 (Prop_lut5_I0_O)        0.124    11.074 r  t[1][17]_i_52/O
                         net (fo=1, routed)           0.000    11.074    t[1][17]_i_52_n_0
    SLICE_X93Y32         CARRY4 (Prop_carry4_S[0]_O[2])
                                                      0.547    11.621 r  t_reg[1][17]_i_24/O[2]
                         net (fo=2, routed)           0.732    12.353    p_12_in[13]
    SLICE_X96Y35         LUT2 (Prop_lut2_I0_O)        0.302    12.655 r  t[1][17]_i_27/O
                         net (fo=1, routed)           0.000    12.655    t[1][17]_i_27_n_0
    SLICE_X96Y35         CARRY4 (Prop_carry4_S[1]_O[3])
                                                      0.643    13.298 r  t_reg[1][17]_i_12/O[3]
                         net (fo=1, routed)           0.440    13.738    t_reg[1][17]_i_12_n_4
    SLICE_X95Y35         LUT2 (Prop_lut2_I1_O)        0.307    14.045 r  t[1][17]_i_8/O
                         net (fo=1, routed)           0.000    14.045    t[1][17]_i_8_n_0
    SLICE_X95Y35         CARRY4 (Prop_carry4_S[3]_CO[3])
                                                      0.401    14.446 r  t_reg[1][17]_i_4/CO[3]
                         net (fo=1, routed)           0.000    14.446    t_reg[1][17]_i_4_n_0
    SLICE_X95Y36         CARRY4 (Prop_carry4_CI_O[0])
                                                      0.222    14.668 r  t_reg[1][17]_i_3/O[0]
                         net (fo=1, routed)           0.592    15.260    C__1[16]
    SLICE_X94Y36         CARRY4 (Prop_carry4_S[0]_O[1])
                                                      0.726    15.986 r  t_reg[1][17]_i_2/O[1]
                         net (fo=1, routed)           0.288    16.274    p_14_out[17]
    SLICE_X97Y36         LUT2 (Prop_lut2_I1_O)        0.306    16.580 r  t[1][17]_i_1/O
                         net (fo=1, routed)           0.000    16.580    t[1][17]_i_1_n_0
    SLICE_X97Y36         FDRE                                         r  t_reg[1][17]/D
  -------------------------------------------------------------------    -------------------

                         (clock sys_clk_pin rise edge)
                                                     10.000    10.000 r  
    Y9                                                0.000    10.000 r  clk (IN)
                         net (fo=0)                   0.000    10.000    clk
    Y9                   IBUF (Prop_ibuf_I_O)         1.420    11.420 r  clk_IBUF_inst/O
                         net (fo=1, routed)           1.972    13.392    clk_IBUF
    BUFGCTRL_X0Y0        BUFG (Prop_bufg_I_O)         0.091    13.483 r  clk_IBUF_BUFG_inst/O
                         net (fo=672, routed)         1.616    15.099    clk_IBUF_BUFG
    SLICE_X97Y36         FDRE                                         r  t_reg[1][17]/C
                         clock pessimism              0.394    15.493    
                         clock uncertainty           -0.035    15.458    
    SLICE_X97Y36         FDRE (Setup_fdre_C_D)        0.031    15.489    t_reg[1][17]
  -------------------------------------------------------------------
                         required time                         15.489    
                         arrival time                         -16.580    
  -------------------------------------------------------------------
                         slack                                 -1.091    

Slack (VIOLATED) :        -1.085ns  (required time - arrival time)
  Source:                 b_reg[3][0]/C
                            (rising edge-triggered cell FDRE clocked by sys_clk_pin  {rise@0.000ns fall@5.000ns period=10.000ns})
  Destination:            t_reg[3][17]/D
                            (rising edge-triggered cell FDRE clocked by sys_clk_pin  {rise@0.000ns fall@5.000ns period=10.000ns})
  Path Group:             sys_clk_pin
  Path Type:              Setup (Max at Slow Process Corner)
  Requirement:            10.000ns  (sys_clk_pin rise@10.000ns - sys_clk_pin rise@0.000ns)
  Data Path Delay:        11.092ns  (logic 5.056ns (45.584%)  route 6.035ns (54.416%))
  Logic Levels:           13  (CARRY4=7 LUT2=2 LUT4=2 LUT6=2)
  Clock Path Skew:        0.011ns (DCD - SCD + CPR)
    Destination Clock Delay (DCD):    5.097ns = ( 15.097 - 10.000 ) 
    Source Clock Delay      (SCD):    5.480ns
    Clock Pessimism Removal (CPR):    0.394ns
  Clock Uncertainty:      0.035ns  ((TSJ^2 + TIJ^2)^1/2 + DJ) / 2 + PE
    Total System Jitter     (TSJ):    0.071ns
    Total Input Jitter      (TIJ):    0.000ns
    Discrete Jitter          (DJ):    0.000ns
    Phase Error              (PE):    0.000ns

    Location             Delay type                Incr(ns)  Path(ns)    Netlist Resource(s)
  -------------------------------------------------------------------    -------------------
                         (clock sys_clk_pin rise edge)
                                                      0.000     0.000 r  
    Y9                                                0.000     0.000 r  clk (IN)
                         net (fo=0)                   0.000     0.000    clk
    Y9                   IBUF (Prop_ibuf_I_O)         1.490     1.490 r  clk_IBUF_inst/O
                         net (fo=1, routed)           2.171     3.661    clk_IBUF
    BUFGCTRL_X0Y0        BUFG (Prop_bufg_I_O)         0.101     3.762 r  clk_IBUF_BUFG_inst/O
                         net (fo=672, routed)         1.718     5.480    clk_IBUF_BUFG
    SLICE_X88Y26         FDRE                                         r  b_reg[3][0]/C
  -------------------------------------------------------------------    -------------------
    SLICE_X88Y26         FDRE (Prop_fdre_C_Q)         0.456     5.936 r  b_reg[3][0]/Q
                         net (fo=60, routed)          1.499     7.435    b_reg[3][0]
    SLICE_X94Y24         LUT6 (Prop_lut6_I4_O)        0.124     7.559 r  t[3][7]_i_64/O
                         net (fo=2, routed)           0.452     8.011    t[3][7]_i_64_n_0
    SLICE_X93Y24         LUT6 (Prop_lut6_I0_O)        0.124     8.135 r  t[3][7]_i_68/O
                         net (fo=1, routed)           0.000     8.135    t[3][7]_i_68_n_0
    SLICE_X93Y24         CARRY4 (Prop_carry4_S[2]_CO[3])
                                                      0.398     8.533 r  t_reg[3][7]_i_57/CO[3]
                         net (fo=1, routed)           0.009     8.542    t_reg[3][7]_i_57_n_0
    SLICE_X93Y25         CARRY4 (Prop_carry4_CI_CO[2])
                                                      0.228     8.770 r  t_reg[3][17]_i_110/CO[2]
                         net (fo=2, routed)           0.428     9.198    t_reg[3][17]_i_110_n_1
    SLICE_X91Y25         LUT4 (Prop_lut4_I2_O)        0.313     9.511 r  t[3][17]_i_75/O
                         net (fo=2, routed)           0.758    10.269    t[3][17]_i_75_n_0
    SLICE_X93Y22         LUT4 (Prop_lut4_I3_O)        0.124    10.393 r  t[3][17]_i_49/O
                         net (fo=2, routed)           0.725    11.118    t[3][17]_i_49_n_0
    SLICE_X93Y28         CARRY4 (Prop_carry4_DI[0]_O[3])
                                                      0.615    11.733 r  t_reg[3][17]_i_25/O[3]
                         net (fo=2, routed)           0.786    12.519    p_2_in[14]
    SLICE_X95Y30         LUT2 (Prop_lut2_I0_O)        0.306    12.825 r  t[3][17]_i_27/O
                         net (fo=1, routed)           0.000    12.825    t[3][17]_i_27_n_0
    SLICE_X95Y30         CARRY4 (Prop_carry4_S[2]_CO[3])
                                                      0.398    13.223 r  t_reg[3][17]_i_13/CO[3]
                         net (fo=1, routed)           0.000    13.223    t_reg[3][17]_i_13_n_0
    SLICE_X95Y31         CARRY4 (Prop_carry4_CI_CO[0])
                                                      0.271    13.494 r  t_reg[3][17]_i_6/CO[0]
                         net (fo=1, routed)           0.458    13.952    t_reg[3][17]_i_6_n_3
    SLICE_X96Y31         CARRY4 (Prop_carry4_S[0]_CO[1])
                                                      0.831    14.783 r  t_reg[3][17]_i_4/CO[1]
                         net (fo=1, routed)           0.489    15.273    t_reg[3][17]_i_4_n_2
    SLICE_X94Y31         CARRY4 (Prop_carry4_S[1]_O[1])
                                                      0.562    15.835 r  t_reg[3][17]_i_3/O[1]
                         net (fo=1, routed)           0.431    16.266    p_4_out[17]
    SLICE_X97Y33         LUT2 (Prop_lut2_I1_O)        0.306    16.572 r  t[3][17]_i_2/O
                         net (fo=1, routed)           0.000    16.572    t[3][17]_i_2_n_0
    SLICE_X97Y33         FDRE                                         r  t_reg[3][17]/D
  -------------------------------------------------------------------    -------------------

                         (clock sys_clk_pin rise edge)
                                                     10.000    10.000 r  
    Y9                                                0.000    10.000 r  clk (IN)
                         net (fo=0)                   0.000    10.000    clk
    Y9                   IBUF (Prop_ibuf_I_O)         1.420    11.420 r  clk_IBUF_inst/O
                         net (fo=1, routed)           1.972    13.392    clk_IBUF
    BUFGCTRL_X0Y0        BUFG (Prop_bufg_I_O)         0.091    13.483 r  clk_IBUF_BUFG_inst/O
                         net (fo=672, routed)         1.614    15.097    clk_IBUF_BUFG
    SLICE_X97Y33         FDRE                                         r  t_reg[3][17]/C
                         clock pessimism              0.394    15.491    
                         clock uncertainty           -0.035    15.456    
    SLICE_X97Y33         FDRE (Setup_fdre_C_D)        0.031    15.487    t_reg[3][17]
  -------------------------------------------------------------------
                         required time                         15.487    
                         arrival time                         -16.572    
  -------------------------------------------------------------------
                         slack                                 -1.085    

Slack (VIOLATED) :        -1.077ns  (required time - arrival time)
  Source:                 a_reg[2][0][4]/C
                            (rising edge-triggered cell FDRE clocked by sys_clk_pin  {rise@0.000ns fall@5.000ns period=10.000ns})
  Destination:            t_reg[2][17]/D
                            (rising edge-triggered cell FDRE clocked by sys_clk_pin  {rise@0.000ns fall@5.000ns period=10.000ns})
  Path Group:             sys_clk_pin
  Path Type:              Setup (Max at Slow Process Corner)
  Requirement:            10.000ns  (sys_clk_pin rise@10.000ns - sys_clk_pin rise@0.000ns)
  Data Path Delay:        11.071ns  (logic 6.318ns (57.068%)  route 4.753ns (42.932%))
  Logic Levels:           17  (CARRY4=8 LUT2=5 LUT4=1 LUT5=1 LUT6=2)
  Clock Path Skew:        -0.052ns (DCD - SCD + CPR)
    Destination Clock Delay (DCD):    5.098ns = ( 15.098 - 10.000 ) 
    Source Clock Delay      (SCD):    5.544ns
    Clock Pessimism Removal (CPR):    0.394ns
  Clock Uncertainty:      0.035ns  ((TSJ^2 + TIJ^2)^1/2 + DJ) / 2 + PE
    Total System Jitter     (TSJ):    0.071ns
    Total Input Jitter      (TIJ):    0.000ns
    Discrete Jitter          (DJ):    0.000ns
    Phase Error              (PE):    0.000ns

    Location             Delay type                Incr(ns)  Path(ns)    Netlist Resource(s)
  -------------------------------------------------------------------    -------------------
                         (clock sys_clk_pin rise edge)
                                                      0.000     0.000 r  
    Y9                                                0.000     0.000 r  clk (IN)
                         net (fo=0)                   0.000     0.000    clk
    Y9                   IBUF (Prop_ibuf_I_O)         1.490     1.490 r  clk_IBUF_inst/O
                         net (fo=1, routed)           2.171     3.661    clk_IBUF
    BUFGCTRL_X0Y0        BUFG (Prop_bufg_I_O)         0.101     3.762 r  clk_IBUF_BUFG_inst/O
                         net (fo=672, routed)         1.782     5.544    clk_IBUF_BUFG
    SLICE_X104Y26        FDRE                                         r  a_reg[2][0][4]/C
  -------------------------------------------------------------------    -------------------
    SLICE_X104Y26        FDRE (Prop_fdre_C_Q)         0.518     6.062 r  a_reg[2][0][4]/Q
                         net (fo=18, routed)          0.726     6.789    a_reg_n_0_[2][0][4]
    SLICE_X103Y26        LUT2 (Prop_lut2_I1_O)        0.149     6.938 r  t[2][7]_i_91/O
                         net (fo=1, routed)           0.656     7.594    t[2][7]_i_91_n_0
    SLICE_X102Y26        LUT6 (Prop_lut6_I3_O)        0.332     7.926 r  t[2][7]_i_87/O
                         net (fo=1, routed)           0.000     7.926    t[2][7]_i_87_n_0
    SLICE_X102Y26        CARRY4 (Prop_carry4_S[1]_CO[3])
                                                      0.533     8.459 r  t_reg[2][7]_i_72/CO[3]
                         net (fo=1, routed)           0.000     8.459    t_reg[2][7]_i_72_n_0
    SLICE_X102Y27        CARRY4 (Prop_carry4_CI_O[0])
                                                      0.219     8.678 r  t_reg[2][17]_i_148/O[0]
                         net (fo=3, routed)           0.633     9.311    t_reg[2][17]_i_148_n_7
    SLICE_X99Y29         LUT4 (Prop_lut4_I2_O)        0.295     9.606 r  t[2][17]_i_137/O
                         net (fo=2, routed)           0.164     9.770    t[2][17]_i_137_n_0
    SLICE_X99Y29         LUT6 (Prop_lut6_I3_O)        0.124     9.894 r  t[2][17]_i_99/O
                         net (fo=2, routed)           0.440    10.334    t[2][17]_i_99_n_0
    SLICE_X97Y30         LUT5 (Prop_lut5_I0_O)        0.124    10.458 r  t[2][17]_i_103/O
                         net (fo=1, routed)           0.000    10.458    t[2][17]_i_103_n_0
    SLICE_X97Y30         CARRY4 (Prop_carry4_S[1]_O[2])
                                                      0.580    11.038 r  t_reg[2][17]_i_68/O[2]
                         net (fo=1, routed)           0.729    11.767    p_8_in[9]
    SLICE_X92Y31         LUT2 (Prop_lut2_I1_O)        0.302    12.069 r  t[2][17]_i_42/O
                         net (fo=1, routed)           0.000    12.069    t[2][17]_i_42_n_0
    SLICE_X92Y31         CARRY4 (Prop_carry4_S[1]_O[3])
                                                      0.643    12.712 r  t_reg[2][17]_i_22/O[3]
                         net (fo=1, routed)           0.651    13.364    t_reg[2][17]_i_22_n_4
    SLICE_X92Y36         LUT2 (Prop_lut2_I1_O)        0.307    13.671 r  t[2][11]_i_23/O
                         net (fo=1, routed)           0.000    13.671    t[2][11]_i_23_n_0
    SLICE_X92Y36         CARRY4 (Prop_carry4_S[3]_CO[3])
                                                      0.376    14.047 r  t_reg[2][11]_i_16/CO[3]
                         net (fo=1, routed)           0.000    14.047    t_reg[2][11]_i_16_n_0
    SLICE_X92Y37         CARRY4 (Prop_carry4_CI_O[1])
                                                      0.323    14.370 r  t_reg[2][17]_i_4/O[1]
                         net (fo=1, routed)           0.446    14.815    C__2[13]
    SLICE_X91Y35         LUT2 (Prop_lut2_I1_O)        0.306    15.121 r  t[2][15]_i_7/O
                         net (fo=1, routed)           0.000    15.121    t[2][15]_i_7_n_0
    SLICE_X91Y35         CARRY4 (Prop_carry4_S[1]_CO[3])
                                                      0.550    15.671 r  t_reg[2][15]_i_2/CO[3]
                         net (fo=1, routed)           0.000    15.671    t_reg[2][15]_i_2_n_0
    SLICE_X91Y36         CARRY4 (Prop_carry4_CI_O[1])
                                                      0.334    16.005 r  t_reg[2][17]_i_2/O[1]
                         net (fo=1, routed)           0.307    16.312    p_9_out[17]
    SLICE_X90Y37         LUT2 (Prop_lut2_I1_O)        0.303    16.615 r  t[2][17]_i_1/O
                         net (fo=1, routed)           0.000    16.615    t[2][17]_i_1_n_0
    SLICE_X90Y37         FDRE                                         r  t_reg[2][17]/D
  -------------------------------------------------------------------    -------------------

                         (clock sys_clk_pin rise edge)
                                                     10.000    10.000 r  
    Y9                                                0.000    10.000 r  clk (IN)
                         net (fo=0)                   0.000    10.000    clk
    Y9                   IBUF (Prop_ibuf_I_O)         1.420    11.420 r  clk_IBUF_inst/O
                         net (fo=1, routed)           1.972    13.392    clk_IBUF
    BUFGCTRL_X0Y0        BUFG (Prop_bufg_I_O)         0.091    13.483 r  clk_IBUF_BUFG_inst/O
                         net (fo=672, routed)         1.615    15.098    clk_IBUF_BUFG
    SLICE_X90Y37         FDRE                                         r  t_reg[2][17]/C
                         clock pessimism              0.394    15.492    
                         clock uncertainty           -0.035    15.457    
    SLICE_X90Y37         FDRE (Setup_fdre_C_D)        0.081    15.538    t_reg[2][17]
  -------------------------------------------------------------------
                         required time                         15.538    
                         arrival time                         -16.615    
  -------------------------------------------------------------------
                         slack                                 -1.077    

Slack (VIOLATED) :        -1.012ns  (required time - arrival time)
  Source:                 a_reg[0][0][4]_replica/C
                            (rising edge-triggered cell FDRE clocked by sys_clk_pin  {rise@0.000ns fall@5.000ns period=10.000ns})
  Destination:            t_reg[0][17]/D
                            (rising edge-triggered cell FDRE clocked by sys_clk_pin  {rise@0.000ns fall@5.000ns period=10.000ns})
  Path Group:             sys_clk_pin
  Path Type:              Setup (Max at Slow Process Corner)
  Requirement:            10.000ns  (sys_clk_pin rise@10.000ns - sys_clk_pin rise@0.000ns)
  Data Path Delay:        10.899ns  (logic 5.338ns (48.975%)  route 5.561ns (51.025%))
  Logic Levels:           14  (CARRY4=7 LUT2=4 LUT4=1 LUT6=2)
  Clock Path Skew:        -0.109ns (DCD - SCD + CPR)
    Destination Clock Delay (DCD):    5.038ns = ( 15.038 - 10.000 ) 
    Source Clock Delay      (SCD):    5.541ns
    Clock Pessimism Removal (CPR):    0.394ns
  Clock Uncertainty:      0.035ns  ((TSJ^2 + TIJ^2)^1/2 + DJ) / 2 + PE
    Total System Jitter     (TSJ):    0.071ns
    Total Input Jitter      (TIJ):    0.000ns
    Discrete Jitter          (DJ):    0.000ns
    Phase Error              (PE):    0.000ns

    Location             Delay type                Incr(ns)  Path(ns)    Netlist Resource(s)
  -------------------------------------------------------------------    -------------------
                         (clock sys_clk_pin rise edge)
                                                      0.000     0.000 r  
    Y9                                                0.000     0.000 r  clk (IN)
                         net (fo=0)                   0.000     0.000    clk
    Y9                   IBUF (Prop_ibuf_I_O)         1.490     1.490 r  clk_IBUF_inst/O
                         net (fo=1, routed)           2.171     3.661    clk_IBUF
    BUFGCTRL_X0Y0        BUFG (Prop_bufg_I_O)         0.101     3.762 r  clk_IBUF_BUFG_inst/O
                         net (fo=672, routed)         1.779     5.541    clk_IBUF_BUFG
    SLICE_X99Y24         FDRE                                         r  a_reg[0][0][4]_replica/C
  -------------------------------------------------------------------    -------------------
    SLICE_X99Y24         FDRE (Prop_fdre_C_Q)         0.456     5.997 r  a_reg[0][0][4]_replica/Q
                         net (fo=10, routed)          1.030     7.027    a_reg_n_0_[0][0][4]_repN
    SLICE_X103Y26        LUT2 (Prop_lut2_I1_O)        0.124     7.151 r  t[0][7]_i_91/O
                         net (fo=1, routed)           0.616     7.767    t[0][7]_i_91_n_0
    SLICE_X98Y26         LUT6 (Prop_lut6_I3_O)        0.124     7.891 r  t[0][7]_i_87/O
                         net (fo=1, routed)           0.000     7.891    t[0][7]_i_87_n_0
    SLICE_X98Y26         CARRY4 (Prop_carry4_S[1]_CO[3])
                                                      0.533     8.424 r  t_reg[0][7]_i_72/CO[3]
                         net (fo=1, routed)           0.000     8.424    t_reg[0][7]_i_72_n_0
    SLICE_X98Y27         CARRY4 (Prop_carry4_CI_CO[2])
                                                      0.229     8.653 r  t_reg[0][17]_i_148/CO[2]
                         net (fo=2, routed)           0.705     9.358    t_reg[0][17]_i_148_n_1
    SLICE_X99Y29         LUT4 (Prop_lut4_I1_O)        0.310     9.668 f  t[0][17]_i_113/O
                         net (fo=2, routed)           0.521    10.189    t[0][17]_i_113_n_0
    SLICE_X90Y29         LUT6 (Prop_lut6_I0_O)        0.124    10.313 r  t[0][17]_i_82/O
                         net (fo=2, routed)           0.911    11.224    t[0][17]_i_82_n_0
    SLICE_X89Y33         CARRY4 (Prop_carry4_DI[1]_O[2])
                                                      0.537    11.761 r  t_reg[0][17]_i_54/O[2]
                         net (fo=1, routed)           0.437    12.198    p_18_in[13]
    SLICE_X86Y34         LUT2 (Prop_lut2_I1_O)        0.302    12.500 r  t[0][17]_i_27/O
                         net (fo=1, routed)           0.000    12.500    t[0][17]_i_27_n_0
    SLICE_X86Y34         CARRY4 (Prop_carry4_S[1]_O[3])
                                                      0.643    13.143 r  t_reg[0][17]_i_12/O[3]
                         net (fo=1, routed)           0.583    13.726    t_reg[0][17]_i_12_n_4
    SLICE_X87Y34         LUT2 (Prop_lut2_I1_O)        0.307    14.033 r  t[0][17]_i_8/O
                         net (fo=1, routed)           0.000    14.033    t[0][17]_i_8_n_0
    SLICE_X87Y34         CARRY4 (Prop_carry4_S[3]_CO[3])
                                                      0.401    14.434 r  t_reg[0][17]_i_4/CO[3]
                         net (fo=1, routed)           0.000    14.434    t_reg[0][17]_i_4_n_0
    SLICE_X87Y35         CARRY4 (Prop_carry4_CI_O[0])
                                                      0.222    14.656 r  t_reg[0][17]_i_3/O[0]
                         net (fo=1, routed)           0.454    15.110    C__0[16]
    SLICE_X88Y35         CARRY4 (Prop_carry4_S[0]_O[1])
                                                      0.723    15.833 r  t_reg[0][17]_i_2/O[1]
                         net (fo=1, routed)           0.304    16.138    p_19_out[17]
    SLICE_X89Y35         LUT2 (Prop_lut2_I1_O)        0.303    16.441 r  t[0][17]_i_1/O
                         net (fo=1, routed)           0.000    16.441    t[17]
    SLICE_X89Y35         FDRE                                         r  t_reg[0][17]/D
  -------------------------------------------------------------------    -------------------

                         (clock sys_clk_pin rise edge)
                                                     10.000    10.000 r  
    Y9                                                0.000    10.000 r  clk (IN)
                         net (fo=0)                   0.000    10.000    clk
    Y9                   IBUF (Prop_ibuf_I_O)         1.420    11.420 r  clk_IBUF_inst/O
                         net (fo=1, routed)           1.972    13.392    clk_IBUF
    BUFGCTRL_X0Y0        BUFG (Prop_bufg_I_O)         0.091    13.483 r  clk_IBUF_BUFG_inst/O
                         net (fo=672, routed)         1.555    15.038    clk_IBUF_BUFG
    SLICE_X89Y35         FDRE                                         r  t_reg[0][17]/C
                         clock pessimism              0.394    15.432    
                         clock uncertainty           -0.035    15.397    
    SLICE_X89Y35         FDRE (Setup_fdre_C_D)        0.032    15.429    t_reg[0][17]
  -------------------------------------------------------------------
                         required time                         15.429    
                         arrival time                         -16.441    
  -------------------------------------------------------------------
                         slack                                 -1.012    

Slack (VIOLATED) :        -1.000ns  (required time - arrival time)
  Source:                 a_reg[2][0][4]/C
                            (rising edge-triggered cell FDRE clocked by sys_clk_pin  {rise@0.000ns fall@5.000ns period=10.000ns})
  Destination:            t_reg[2][16]/D
                            (rising edge-triggered cell FDRE clocked by sys_clk_pin  {rise@0.000ns fall@5.000ns period=10.000ns})
  Path Group:             sys_clk_pin
  Path Type:              Setup (Max at Slow Process Corner)
  Requirement:            10.000ns  (sys_clk_pin rise@10.000ns - sys_clk_pin rise@0.000ns)
  Data Path Delay:        10.944ns  (logic 6.202ns (56.671%)  route 4.742ns (43.329%))
  Logic Levels:           17  (CARRY4=8 LUT2=5 LUT4=1 LUT5=1 LUT6=2)
  Clock Path Skew:        -0.052ns (DCD - SCD + CPR)
    Destination Clock Delay (DCD):    5.098ns = ( 15.098 - 10.000 ) 
    Source Clock Delay      (SCD):    5.544ns
    Clock Pessimism Removal (CPR):    0.394ns
  Clock Uncertainty:      0.035ns  ((TSJ^2 + TIJ^2)^1/2 + DJ) / 2 + PE
    Total System Jitter     (TSJ):    0.071ns
    Total Input Jitter      (TIJ):    0.000ns
    Discrete Jitter          (DJ):    0.000ns
    Phase Error              (PE):    0.000ns

    Location             Delay type                Incr(ns)  Path(ns)    Netlist Resource(s)
  -------------------------------------------------------------------    -------------------
                         (clock sys_clk_pin rise edge)
                                                      0.000     0.000 r  
    Y9                                                0.000     0.000 r  clk (IN)
                         net (fo=0)                   0.000     0.000    clk
    Y9                   IBUF (Prop_ibuf_I_O)         1.490     1.490 r  clk_IBUF_inst/O
                         net (fo=1, routed)           2.171     3.661    clk_IBUF
    BUFGCTRL_X0Y0        BUFG (Prop_bufg_I_O)         0.101     3.762 r  clk_IBUF_BUFG_inst/O
                         net (fo=672, routed)         1.782     5.544    clk_IBUF_BUFG
    SLICE_X104Y26        FDRE                                         r  a_reg[2][0][4]/C
  -------------------------------------------------------------------    -------------------
    SLICE_X104Y26        FDRE (Prop_fdre_C_Q)         0.518     6.062 r  a_reg[2][0][4]/Q
                         net (fo=18, routed)          0.726     6.789    a_reg_n_0_[2][0][4]
    SLICE_X103Y26        LUT2 (Prop_lut2_I1_O)        0.149     6.938 r  t[2][7]_i_91/O
                         net (fo=1, routed)           0.656     7.594    t[2][7]_i_91_n_0
    SLICE_X102Y26        LUT6 (Prop_lut6_I3_O)        0.332     7.926 r  t[2][7]_i_87/O
                         net (fo=1, routed)           0.000     7.926    t[2][7]_i_87_n_0
    SLICE_X102Y26        CARRY4 (Prop_carry4_S[1]_CO[3])
                                                      0.533     8.459 r  t_reg[2][7]_i_72/CO[3]
                         net (fo=1, routed)           0.000     8.459    t_reg[2][7]_i_72_n_0
    SLICE_X102Y27        CARRY4 (Prop_carry4_CI_O[0])
                                                      0.219     8.678 r  t_reg[2][17]_i_148/O[0]
                         net (fo=3, routed)           0.633     9.311    t_reg[2][17]_i_148_n_7
    SLICE_X99Y29         LUT4 (Prop_lut4_I2_O)        0.295     9.606 r  t[2][17]_i_137/O
                         net (fo=2, routed)           0.164     9.770    t[2][17]_i_137_n_0
    SLICE_X99Y29         LUT6 (Prop_lut6_I3_O)        0.124     9.894 r  t[2][17]_i_99/O
                         net (fo=2, routed)           0.440    10.334    t[2][17]_i_99_n_0
    SLICE_X97Y30         LUT5 (Prop_lut5_I0_O)        0.124    10.458 r  t[2][17]_i_103/O
                         net (fo=1, routed)           0.000    10.458    t[2][17]_i_103_n_0
    SLICE_X97Y30         CARRY4 (Prop_carry4_S[1]_O[2])
                                                      0.580    11.038 r  t_reg[2][17]_i_68/O[2]
                         net (fo=1, routed)           0.729    11.767    p_8_in[9]
    SLICE_X92Y31         LUT2 (Prop_lut2_I1_O)        0.302    12.069 r  t[2][17]_i_42/O
                         net (fo=1, routed)           0.000    12.069    t[2][17]_i_42_n_0
    SLICE_X92Y31         CARRY4 (Prop_carry4_S[1]_O[3])
                                                      0.643    12.712 r  t_reg[2][17]_i_22/O[3]
                         net (fo=1, routed)           0.651    13.364    t_reg[2][17]_i_22_n_4
    SLICE_X92Y36         LUT2 (Prop_lut2_I1_O)        0.307    13.671 r  t[2][11]_i_23/O
                         net (fo=1, routed)           0.000    13.671    t[2][11]_i_23_n_0
    SLICE_X92Y36         CARRY4 (Prop_carry4_S[3]_CO[3])
                                                      0.376    14.047 r  t_reg[2][11]_i_16/CO[3]
                         net (fo=1, routed)           0.000    14.047    t_reg[2][11]_i_16_n_0
    SLICE_X92Y37         CARRY4 (Prop_carry4_CI_O[1])
                                                      0.323    14.370 r  t_reg[2][17]_i_4/O[1]
                         net (fo=1, routed)           0.446    14.815    C__2[13]
    SLICE_X91Y35         LUT2 (Prop_lut2_I1_O)        0.306    15.121 r  t[2][15]_i_7/O
                         net (fo=1, routed)           0.000    15.121    t[2][15]_i_7_n_0
    SLICE_X91Y35         CARRY4 (Prop_carry4_S[1]_CO[3])
                                                      0.550    15.671 r  t_reg[2][15]_i_2/CO[3]
                         net (fo=1, routed)           0.000    15.671    t_reg[2][15]_i_2_n_0
    SLICE_X91Y36         CARRY4 (Prop_carry4_CI_O[0])
                                                      0.222    15.893 r  t_reg[2][17]_i_2/O[0]
                         net (fo=1, routed)           0.296    16.189    p_9_out[16]
    SLICE_X91Y37         LUT2 (Prop_lut2_I1_O)        0.299    16.488 r  t[2][16]_i_1/O
                         net (fo=1, routed)           0.000    16.488    t[2][16]_i_1_n_0
    SLICE_X91Y37         FDRE                                         r  t_reg[2][16]/D
  -------------------------------------------------------------------    -------------------

                         (clock sys_clk_pin rise edge)
                                                     10.000    10.000 r  
    Y9                                                0.000    10.000 r  clk (IN)
                         net (fo=0)                   0.000    10.000    clk
    Y9                   IBUF (Prop_ibuf_I_O)         1.420    11.420 r  clk_IBUF_inst/O
                         net (fo=1, routed)           1.972    13.392    clk_IBUF
    BUFGCTRL_X0Y0        BUFG (Prop_bufg_I_O)         0.091    13.483 r  clk_IBUF_BUFG_inst/O
                         net (fo=672, routed)         1.615    15.098    clk_IBUF_BUFG
    SLICE_X91Y37         FDRE                                         r  t_reg[2][16]/C
                         clock pessimism              0.394    15.492    
                         clock uncertainty           -0.035    15.457    
    SLICE_X91Y37         FDRE (Setup_fdre_C_D)        0.031    15.488    t_reg[2][16]
  -------------------------------------------------------------------
                         required time                         15.488    
                         arrival time                         -16.488    
  -------------------------------------------------------------------
                         slack                                 -1.000    

Slack (VIOLATED) :        -0.958ns  (required time - arrival time)
  Source:                 a_reg[2][0][4]/C
                            (rising edge-triggered cell FDRE clocked by sys_clk_pin  {rise@0.000ns fall@5.000ns period=10.000ns})
  Destination:            t_reg[2][15]/D
                            (rising edge-triggered cell FDRE clocked by sys_clk_pin  {rise@0.000ns fall@5.000ns period=10.000ns})
  Path Group:             sys_clk_pin
  Path Type:              Setup (Max at Slow Process Corner)
  Requirement:            10.000ns  (sys_clk_pin rise@10.000ns - sys_clk_pin rise@0.000ns)
  Data Path Delay:        10.949ns  (logic 6.077ns (55.505%)  route 4.872ns (44.495%))
  Logic Levels:           16  (CARRY4=7 LUT2=5 LUT4=1 LUT5=1 LUT6=2)
  Clock Path Skew:        -0.053ns (DCD - SCD + CPR)
    Destination Clock Delay (DCD):    5.097ns = ( 15.097 - 10.000 ) 
    Source Clock Delay      (SCD):    5.544ns
    Clock Pessimism Removal (CPR):    0.394ns
  Clock Uncertainty:      0.035ns  ((TSJ^2 + TIJ^2)^1/2 + DJ) / 2 + PE
    Total System Jitter     (TSJ):    0.071ns
    Total Input Jitter      (TIJ):    0.000ns
    Discrete Jitter          (DJ):    0.000ns
    Phase Error              (PE):    0.000ns

    Location             Delay type                Incr(ns)  Path(ns)    Netlist Resource(s)
  -------------------------------------------------------------------    -------------------
                         (clock sys_clk_pin rise edge)
                                                      0.000     0.000 r  
    Y9                                                0.000     0.000 r  clk (IN)
                         net (fo=0)                   0.000     0.000    clk
    Y9                   IBUF (Prop_ibuf_I_O)         1.490     1.490 r  clk_IBUF_inst/O
                         net (fo=1, routed)           2.171     3.661    clk_IBUF
    BUFGCTRL_X0Y0        BUFG (Prop_bufg_I_O)         0.101     3.762 r  clk_IBUF_BUFG_inst/O
                         net (fo=672, routed)         1.782     5.544    clk_IBUF_BUFG
    SLICE_X104Y26        FDRE                                         r  a_reg[2][0][4]/C
  -------------------------------------------------------------------    -------------------
    SLICE_X104Y26        FDRE (Prop_fdre_C_Q)         0.518     6.062 r  a_reg[2][0][4]/Q
                         net (fo=18, routed)          0.726     6.789    a_reg_n_0_[2][0][4]
    SLICE_X103Y26        LUT2 (Prop_lut2_I1_O)        0.149     6.938 r  t[2][7]_i_91/O
                         net (fo=1, routed)           0.656     7.594    t[2][7]_i_91_n_0
    SLICE_X102Y26        LUT6 (Prop_lut6_I3_O)        0.332     7.926 r  t[2][7]_i_87/O
                         net (fo=1, routed)           0.000     7.926    t[2][7]_i_87_n_0
    SLICE_X102Y26        CARRY4 (Prop_carry4_S[1]_CO[3])
                                                      0.533     8.459 r  t_reg[2][7]_i_72/CO[3]
                         net (fo=1, routed)           0.000     8.459    t_reg[2][7]_i_72_n_0
    SLICE_X102Y27        CARRY4 (Prop_carry4_CI_O[0])
                                                      0.219     8.678 r  t_reg[2][17]_i_148/O[0]
                         net (fo=3, routed)           0.633     9.311    t_reg[2][17]_i_148_n_7
    SLICE_X99Y29         LUT4 (Prop_lut4_I2_O)        0.295     9.606 r  t[2][17]_i_137/O
                         net (fo=2, routed)           0.164     9.770    t[2][17]_i_137_n_0
    SLICE_X99Y29         LUT6 (Prop_lut6_I3_O)        0.124     9.894 r  t[2][17]_i_99/O
                         net (fo=2, routed)           0.440    10.334    t[2][17]_i_99_n_0
    SLICE_X97Y30         LUT5 (Prop_lut5_I0_O)        0.124    10.458 r  t[2][17]_i_103/O
                         net (fo=1, routed)           0.000    10.458    t[2][17]_i_103_n_0
    SLICE_X97Y30         CARRY4 (Prop_carry4_S[1]_O[2])
                                                      0.580    11.038 r  t_reg[2][17]_i_68/O[2]
                         net (fo=1, routed)           0.729    11.767    p_8_in[9]
    SLICE_X92Y31         LUT2 (Prop_lut2_I1_O)        0.302    12.069 r  t[2][17]_i_42/O
                         net (fo=1, routed)           0.000    12.069    t[2][17]_i_42_n_0
    SLICE_X92Y31         CARRY4 (Prop_carry4_S[1]_O[3])
                                                      0.643    12.712 r  t_reg[2][17]_i_22/O[3]
                         net (fo=1, routed)           0.651    13.364    t_reg[2][17]_i_22_n_4
    SLICE_X92Y36         LUT2 (Prop_lut2_I1_O)        0.307    13.671 r  t[2][11]_i_23/O
                         net (fo=1, routed)           0.000    13.671    t[2][11]_i_23_n_0
    SLICE_X92Y36         CARRY4 (Prop_carry4_S[3]_CO[3])
                                                      0.376    14.047 r  t_reg[2][11]_i_16/CO[3]
                         net (fo=1, routed)           0.000    14.047    t_reg[2][11]_i_16_n_0
    SLICE_X92Y37         CARRY4 (Prop_carry4_CI_O[1])
                                                      0.323    14.370 r  t_reg[2][17]_i_4/O[1]
                         net (fo=1, routed)           0.446    14.815    C__2[13]
    SLICE_X91Y35         LUT2 (Prop_lut2_I1_O)        0.306    15.121 r  t[2][15]_i_7/O
                         net (fo=1, routed)           0.000    15.121    t[2][15]_i_7_n_0
    SLICE_X91Y35         CARRY4 (Prop_carry4_S[1]_O[3])
                                                      0.640    15.761 r  t_reg[2][15]_i_2/O[3]
                         net (fo=1, routed)           0.426    16.187    p_9_out[15]
    SLICE_X90Y35         LUT2 (Prop_lut2_I1_O)        0.306    16.493 r  t[2][15]_i_1/O
                         net (fo=1, routed)           0.000    16.493    t[2][15]_i_1_n_0
    SLICE_X90Y35         FDRE                                         r  t_reg[2][15]/D
  -------------------------------------------------------------------    -------------------

                         (clock sys_clk_pin rise edge)
                                                     10.000    10.000 r  
    Y9                                                0.000    10.000 r  clk (IN)
                         net (fo=0)                   0.000    10.000    clk
    Y9                   IBUF (Prop_ibuf_I_O)         1.420    11.420 r  clk_IBUF_inst/O
                         net (fo=1, routed)           1.972    13.392    clk_IBUF
    BUFGCTRL_X0Y0        BUFG (Prop_bufg_I_O)         0.091    13.483 r  clk_IBUF_BUFG_inst/O
                         net (fo=672, routed)         1.614    15.097    clk_IBUF_BUFG
    SLICE_X90Y35         FDRE                                         r  t_reg[2][15]/C
                         clock pessimism              0.394    15.491    
                         clock uncertainty           -0.035    15.456    
    SLICE_X90Y35         FDRE (Setup_fdre_C_D)        0.079    15.535    t_reg[2][15]
  -------------------------------------------------------------------
                         required time                         15.535    
                         arrival time                         -16.493    
  -------------------------------------------------------------------
                         slack                                 -0.958    

Slack (VIOLATED) :        -0.915ns  (required time - arrival time)
  Source:                 b_reg[3][0]/C
                            (rising edge-triggered cell FDRE clocked by sys_clk_pin  {rise@0.000ns fall@5.000ns period=10.000ns})
  Destination:            t_reg[3][16]/D
                            (rising edge-triggered cell FDRE clocked by sys_clk_pin  {rise@0.000ns fall@5.000ns period=10.000ns})
  Path Group:             sys_clk_pin
  Path Type:              Setup (Max at Slow Process Corner)
  Requirement:            10.000ns  (sys_clk_pin rise@10.000ns - sys_clk_pin rise@0.000ns)
  Data Path Delay:        10.966ns  (logic 5.201ns (47.428%)  route 5.765ns (52.572%))
  Logic Levels:           16  (CARRY4=8 LUT2=4 LUT4=1 LUT6=3)
  Clock Path Skew:        0.009ns (DCD - SCD + CPR)
    Destination Clock Delay (DCD):    5.095ns = ( 15.095 - 10.000 ) 
    Source Clock Delay      (SCD):    5.480ns
    Clock Pessimism Removal (CPR):    0.394ns
  Clock Uncertainty:      0.035ns  ((TSJ^2 + TIJ^2)^1/2 + DJ) / 2 + PE
    Total System Jitter     (TSJ):    0.071ns
    Total Input Jitter      (TIJ):    0.000ns
    Discrete Jitter          (DJ):    0.000ns
    Phase Error              (PE):    0.000ns

    Location             Delay type                Incr(ns)  Path(ns)    Netlist Resource(s)
  -------------------------------------------------------------------    -------------------
                         (clock sys_clk_pin rise edge)
                                                      0.000     0.000 r  
    Y9                                                0.000     0.000 r  clk (IN)
                         net (fo=0)                   0.000     0.000    clk
    Y9                   IBUF (Prop_ibuf_I_O)         1.490     1.490 r  clk_IBUF_inst/O
                         net (fo=1, routed)           2.171     3.661    clk_IBUF
    BUFGCTRL_X0Y0        BUFG (Prop_bufg_I_O)         0.101     3.762 r  clk_IBUF_BUFG_inst/O
                         net (fo=672, routed)         1.718     5.480    clk_IBUF_BUFG
    SLICE_X88Y26         FDRE                                         r  b_reg[3][0]/C
  -------------------------------------------------------------------    -------------------
    SLICE_X88Y26         FDRE (Prop_fdre_C_Q)         0.456     5.936 r  b_reg[3][0]/Q
                         net (fo=60, routed)          1.499     7.435    b_reg[3][0]
    SLICE_X94Y24         LUT6 (Prop_lut6_I4_O)        0.124     7.559 r  t[3][7]_i_64/O
                         net (fo=2, routed)           0.452     8.011    t[3][7]_i_64_n_0
    SLICE_X93Y24         LUT6 (Prop_lut6_I0_O)        0.124     8.135 r  t[3][7]_i_68/O
                         net (fo=1, routed)           0.000     8.135    t[3][7]_i_68_n_0
    SLICE_X93Y24         CARRY4 (Prop_carry4_S[2]_CO[3])
                                                      0.398     8.533 r  t_reg[3][7]_i_57/CO[3]
                         net (fo=1, routed)           0.009     8.542    t_reg[3][7]_i_57_n_0
    SLICE_X93Y25         CARRY4 (Prop_carry4_CI_O[0])
                                                      0.222     8.764 r  t_reg[3][17]_i_110/O[0]
                         net (fo=2, routed)           0.379     9.144    t_reg[3][17]_i_110_n_7
    SLICE_X92Y25         LUT4 (Prop_lut4_I2_O)        0.299     9.443 r  t[3][17]_i_95/O
                         net (fo=2, routed)           0.461     9.904    t[3][17]_i_95_n_0
    SLICE_X92Y24         LUT6 (Prop_lut6_I2_O)        0.124    10.028 r  t[3][17]_i_62/O
                         net (fo=2, routed)           0.671    10.699    t[3][17]_i_62_n_0
    SLICE_X93Y27         CARRY4 (Prop_carry4_DI[2]_O[3])
                                                      0.438    11.137 r  t_reg[3][17]_i_40/O[3]
                         net (fo=2, routed)           0.786    11.923    p_2_in[10]
    SLICE_X95Y29         LUT2 (Prop_lut2_I0_O)        0.306    12.229 r  t[3][17]_i_42/O
                         net (fo=1, routed)           0.000    12.229    t[3][17]_i_42_n_0
    SLICE_X95Y29         CARRY4 (Prop_carry4_S[2]_O[3])
                                                      0.352    12.581 r  t_reg[3][17]_i_23/O[3]
                         net (fo=1, routed)           0.460    13.041    t_reg[3][17]_i_23_n_4
    SLICE_X96Y29         LUT2 (Prop_lut2_I1_O)        0.306    13.347 r  t[3][11]_i_23/O
                         net (fo=1, routed)           0.000    13.347    t[3][11]_i_23_n_0
    SLICE_X96Y29         CARRY4 (Prop_carry4_S[3]_CO[3])
                                                      0.376    13.723 r  t_reg[3][11]_i_16/CO[3]
                         net (fo=1, routed)           0.000    13.723    t_reg[3][11]_i_16_n_0
    SLICE_X96Y30         CARRY4 (Prop_carry4_CI_O[1])
                                                      0.323    14.046 r  t_reg[3][17]_i_5/O[1]
                         net (fo=1, routed)           0.489    14.535    C[13]
    SLICE_X94Y30         LUT2 (Prop_lut2_I1_O)        0.306    14.841 r  t[3][15]_i_7/O
                         net (fo=1, routed)           0.000    14.841    t[3][15]_i_7_n_0
    SLICE_X94Y30         CARRY4 (Prop_carry4_S[1]_CO[3])
                                                      0.533    15.374 r  t_reg[3][15]_i_2/CO[3]
                         net (fo=1, routed)           0.000    15.374    t_reg[3][15]_i_2_n_0
    SLICE_X94Y31         CARRY4 (Prop_carry4_CI_O[0])
                                                      0.219    15.593 r  t_reg[3][17]_i_3/O[0]
                         net (fo=1, routed)           0.558    16.152    p_4_out[16]
    SLICE_X98Y31         LUT2 (Prop_lut2_I1_O)        0.295    16.447 r  t[3][16]_i_1/O
                         net (fo=1, routed)           0.000    16.447    t[3][16]_i_1_n_0
    SLICE_X98Y31         FDRE                                         r  t_reg[3][16]/D
  -------------------------------------------------------------------    -------------------

                         (clock sys_clk_pin rise edge)
                                                     10.000    10.000 r  
    Y9                                                0.000    10.000 r  clk (IN)
                         net (fo=0)                   0.000    10.000    clk
    Y9                   IBUF (Prop_ibuf_I_O)         1.420    11.420 r  clk_IBUF_inst/O
                         net (fo=1, routed)           1.972    13.392    clk_IBUF
    BUFGCTRL_X0Y0        BUFG (Prop_bufg_I_O)         0.091    13.483 r  clk_IBUF_BUFG_inst/O
                         net (fo=672, routed)         1.612    15.095    clk_IBUF_BUFG
    SLICE_X98Y31         FDRE                                         r  t_reg[3][16]/C
                         clock pessimism              0.394    15.489    
                         clock uncertainty           -0.035    15.454    
    SLICE_X98Y31         FDRE (Setup_fdre_C_D)        0.077    15.531    t_reg[3][16]
  -------------------------------------------------------------------
                         required time                         15.531    
                         arrival time                         -16.447    
  -------------------------------------------------------------------
                         slack                                 -0.915    

Slack (VIOLATED) :        -0.908ns  (required time - arrival time)
  Source:                 a_reg[1][3][3]/C
                            (rising edge-triggered cell FDRE clocked by sys_clk_pin  {rise@0.000ns fall@5.000ns period=10.000ns})
  Destination:            t_reg[1][16]/D
                            (rising edge-triggered cell FDRE clocked by sys_clk_pin  {rise@0.000ns fall@5.000ns period=10.000ns})
  Path Group:             sys_clk_pin
  Path Type:              Setup (Max at Slow Process Corner)
  Requirement:            10.000ns  (sys_clk_pin rise@10.000ns - sys_clk_pin rise@0.000ns)
  Data Path Delay:        10.920ns  (logic 5.245ns (48.031%)  route 5.675ns (51.969%))
  Logic Levels:           14  (CARRY4=7 LUT2=3 LUT4=2 LUT5=1 LUT6=1)
  Clock Path Skew:        0.016ns (DCD - SCD + CPR)
    Destination Clock Delay (DCD):    5.100ns = ( 15.100 - 10.000 ) 
    Source Clock Delay      (SCD):    5.478ns
    Clock Pessimism Removal (CPR):    0.394ns
  Clock Uncertainty:      0.035ns  ((TSJ^2 + TIJ^2)^1/2 + DJ) / 2 + PE
    Total System Jitter     (TSJ):    0.071ns
    Total Input Jitter      (TIJ):    0.000ns
    Discrete Jitter          (DJ):    0.000ns
    Phase Error              (PE):    0.000ns

    Location             Delay type                Incr(ns)  Path(ns)    Netlist Resource(s)
  -------------------------------------------------------------------    -------------------
                         (clock sys_clk_pin rise edge)
                                                      0.000     0.000 r  
    Y9                                                0.000     0.000 r  clk (IN)
                         net (fo=0)                   0.000     0.000    clk
    Y9                   IBUF (Prop_ibuf_I_O)         1.490     1.490 r  clk_IBUF_inst/O
                         net (fo=1, routed)           2.171     3.661    clk_IBUF
    BUFGCTRL_X0Y0        BUFG (Prop_bufg_I_O)         0.101     3.762 r  clk_IBUF_BUFG_inst/O
                         net (fo=672, routed)         1.716     5.478    clk_IBUF_BUFG
    SLICE_X89Y25         FDRE                                         r  a_reg[1][3][3]/C
  -------------------------------------------------------------------    -------------------
    SLICE_X89Y25         FDRE (Prop_fdre_C_Q)         0.456     5.934 r  a_reg[1][3][3]/Q
                         net (fo=18, routed)          1.189     7.123    a_reg_n_0_[1][3][3]
    SLICE_X90Y24         LUT6 (Prop_lut6_I2_O)        0.124     7.247 r  t[1][7]_i_65/O
                         net (fo=2, routed)           0.753     8.000    t[1][7]_i_65_n_0
    SLICE_X90Y26         CARRY4 (Prop_carry4_DI[1]_CO[3])
                                                      0.520     8.520 r  t_reg[1][7]_i_57/CO[3]
                         net (fo=1, routed)           0.000     8.520    t_reg[1][7]_i_57_n_0
    SLICE_X90Y27         CARRY4 (Prop_carry4_CI_O[1])
                                                      0.323     8.843 r  t_reg[1][17]_i_109/O[1]
                         net (fo=2, routed)           0.457     9.300    t_reg[1][17]_i_109_n_6
    SLICE_X91Y28         LUT4 (Prop_lut4_I1_O)        0.306     9.606 f  t[1][17]_i_73/O
                         net (fo=2, routed)           0.650    10.256    t[1][17]_i_73_n_0
    SLICE_X91Y30         LUT4 (Prop_lut4_I0_O)        0.124    10.380 r  t[1][17]_i_48/O
                         net (fo=2, routed)           0.570    10.950    t[1][17]_i_48_n_0
    SLICE_X93Y32         LUT5 (Prop_lut5_I0_O)        0.124    11.074 r  t[1][17]_i_52/O
                         net (fo=1, routed)           0.000    11.074    t[1][17]_i_52_n_0
    SLICE_X93Y32         CARRY4 (Prop_carry4_S[0]_O[2])
                                                      0.547    11.621 r  t_reg[1][17]_i_24/O[2]
                         net (fo=2, routed)           0.732    12.353    p_12_in[13]
    SLICE_X96Y35         LUT2 (Prop_lut2_I0_O)        0.302    12.655 r  t[1][17]_i_27/O
                         net (fo=1, routed)           0.000    12.655    t[1][17]_i_27_n_0
    SLICE_X96Y35         CARRY4 (Prop_carry4_S[1]_O[3])
                                                      0.643    13.298 r  t_reg[1][17]_i_12/O[3]
                         net (fo=1, routed)           0.440    13.738    t_reg[1][17]_i_12_n_4
    SLICE_X95Y35         LUT2 (Prop_lut2_I1_O)        0.307    14.045 r  t[1][17]_i_8/O
                         net (fo=1, routed)           0.000    14.045    t[1][17]_i_8_n_0
    SLICE_X95Y35         CARRY4 (Prop_carry4_S[3]_CO[3])
                                                      0.401    14.446 r  t_reg[1][17]_i_4/CO[3]
                         net (fo=1, routed)           0.000    14.446    t_reg[1][17]_i_4_n_0
    SLICE_X95Y36         CARRY4 (Prop_carry4_CI_O[0])
                                                      0.222    14.668 r  t_reg[1][17]_i_3/O[0]
                         net (fo=1, routed)           0.592    15.260    C__1[16]
    SLICE_X94Y36         CARRY4 (Prop_carry4_S[0]_O[0])
                                                      0.551    15.811 r  t_reg[1][17]_i_2/O[0]
                         net (fo=1, routed)           0.293    16.103    p_14_out[16]
    SLICE_X95Y37         LUT2 (Prop_lut2_I1_O)        0.295    16.398 r  t[1][16]_i_1/O
                         net (fo=1, routed)           0.000    16.398    t[1][16]_i_1_n_0
    SLICE_X95Y37         FDRE                                         r  t_reg[1][16]/D
  -------------------------------------------------------------------    -------------------

                         (clock sys_clk_pin rise edge)
                                                     10.000    10.000 r  
    Y9                                                0.000    10.000 r  clk (IN)
                         net (fo=0)                   0.000    10.000    clk
    Y9                   IBUF (Prop_ibuf_I_O)         1.420    11.420 r  clk_IBUF_inst/O
                         net (fo=1, routed)           1.972    13.392    clk_IBUF
    BUFGCTRL_X0Y0        BUFG (Prop_bufg_I_O)         0.091    13.483 r  clk_IBUF_BUFG_inst/O
                         net (fo=672, routed)         1.617    15.100    clk_IBUF_BUFG
    SLICE_X95Y37         FDRE                                         r  t_reg[1][16]/C
                         clock pessimism              0.394    15.494    
                         clock uncertainty           -0.035    15.459    
    SLICE_X95Y37         FDRE (Setup_fdre_C_D)        0.031    15.490    t_reg[1][16]
  -------------------------------------------------------------------
                         required time                         15.490    
                         arrival time                         -16.398    
  -------------------------------------------------------------------
                         slack                                 -0.908    

Slack (VIOLATED) :        -0.832ns  (required time - arrival time)
  Source:                 a_reg[2][0][4]/C
                            (rising edge-triggered cell FDRE clocked by sys_clk_pin  {rise@0.000ns fall@5.000ns period=10.000ns})
  Destination:            t_reg[2][14]/D
                            (rising edge-triggered cell FDRE clocked by sys_clk_pin  {rise@0.000ns fall@5.000ns period=10.000ns})
  Path Group:             sys_clk_pin
  Path Type:              Setup (Max at Slow Process Corner)
  Requirement:            10.000ns  (sys_clk_pin rise@10.000ns - sys_clk_pin rise@0.000ns)
  Data Path Delay:        10.822ns  (logic 6.013ns (55.561%)  route 4.809ns (44.439%))
  Logic Levels:           16  (CARRY4=7 LUT2=5 LUT4=1 LUT5=1 LUT6=2)
  Clock Path Skew:        -0.053ns (DCD - SCD + CPR)
    Destination Clock Delay (DCD):    5.097ns = ( 15.097 - 10.000 ) 
    Source Clock Delay      (SCD):    5.544ns
    Clock Pessimism Removal (CPR):    0.394ns
  Clock Uncertainty:      0.035ns  ((TSJ^2 + TIJ^2)^1/2 + DJ) / 2 + PE
    Total System Jitter     (TSJ):    0.071ns
    Total Input Jitter      (TIJ):    0.000ns
    Discrete Jitter          (DJ):    0.000ns
    Phase Error              (PE):    0.000ns

    Location             Delay type                Incr(ns)  Path(ns)    Netlist Resource(s)
  -------------------------------------------------------------------    -------------------
                         (clock sys_clk_pin rise edge)
                                                      0.000     0.000 r  
    Y9                                                0.000     0.000 r  clk (IN)
                         net (fo=0)                   0.000     0.000    clk
    Y9                   IBUF (Prop_ibuf_I_O)         1.490     1.490 r  clk_IBUF_inst/O
                         net (fo=1, routed)           2.171     3.661    clk_IBUF
    BUFGCTRL_X0Y0        BUFG (Prop_bufg_I_O)         0.101     3.762 r  clk_IBUF_BUFG_inst/O
                         net (fo=672, routed)         1.782     5.544    clk_IBUF_BUFG
    SLICE_X104Y26        FDRE                                         r  a_reg[2][0][4]/C
  -------------------------------------------------------------------    -------------------
    SLICE_X104Y26        FDRE (Prop_fdre_C_Q)         0.518     6.062 r  a_reg[2][0][4]/Q
                         net (fo=18, routed)          0.726     6.789    a_reg_n_0_[2][0][4]
    SLICE_X103Y26        LUT2 (Prop_lut2_I1_O)        0.149     6.938 r  t[2][7]_i_91/O
                         net (fo=1, routed)           0.656     7.594    t[2][7]_i_91_n_0
    SLICE_X102Y26        LUT6 (Prop_lut6_I3_O)        0.332     7.926 r  t[2][7]_i_87/O
                         net (fo=1, routed)           0.000     7.926    t[2][7]_i_87_n_0
    SLICE_X102Y26        CARRY4 (Prop_carry4_S[1]_CO[3])
                                                      0.533     8.459 r  t_reg[2][7]_i_72/CO[3]
                         net (fo=1, routed)           0.000     8.459    t_reg[2][7]_i_72_n_0
    SLICE_X102Y27        CARRY4 (Prop_carry4_CI_O[0])
                                                      0.219     8.678 r  t_reg[2][17]_i_148/O[0]
                         net (fo=3, routed)           0.633     9.311    t_reg[2][17]_i_148_n_7
    SLICE_X99Y29         LUT4 (Prop_lut4_I2_O)        0.295     9.606 r  t[2][17]_i_137/O
                         net (fo=2, routed)           0.164     9.770    t[2][17]_i_137_n_0
    SLICE_X99Y29         LUT6 (Prop_lut6_I3_O)        0.124     9.894 r  t[2][17]_i_99/O
                         net (fo=2, routed)           0.440    10.334    t[2][17]_i_99_n_0
    SLICE_X97Y30         LUT5 (Prop_lut5_I0_O)        0.124    10.458 r  t[2][17]_i_103/O
                         net (fo=1, routed)           0.000    10.458    t[2][17]_i_103_n_0
    SLICE_X97Y30         CARRY4 (Prop_carry4_S[1]_O[2])
                                                      0.580    11.038 r  t_reg[2][17]_i_68/O[2]
                         net (fo=1, routed)           0.729    11.767    p_8_in[9]
    SLICE_X92Y31         LUT2 (Prop_lut2_I1_O)        0.302    12.069 r  t[2][17]_i_42/O
                         net (fo=1, routed)           0.000    12.069    t[2][17]_i_42_n_0
    SLICE_X92Y31         CARRY4 (Prop_carry4_S[1]_O[3])
                                                      0.643    12.712 r  t_reg[2][17]_i_22/O[3]
                         net (fo=1, routed)           0.651    13.364    t_reg[2][17]_i_22_n_4
    SLICE_X92Y36         LUT2 (Prop_lut2_I1_O)        0.307    13.671 r  t[2][11]_i_23/O
                         net (fo=1, routed)           0.000    13.671    t[2][11]_i_23_n_0
    SLICE_X92Y36         CARRY4 (Prop_carry4_S[3]_CO[3])
                                                      0.376    14.047 r  t_reg[2][11]_i_16/CO[3]
                         net (fo=1, routed)           0.000    14.047    t_reg[2][11]_i_16_n_0
    SLICE_X92Y37         CARRY4 (Prop_carry4_CI_O[1])
                                                      0.323    14.370 r  t_reg[2][17]_i_4/O[1]
                         net (fo=1, routed)           0.446    14.815    C__2[13]
    SLICE_X91Y35         LUT2 (Prop_lut2_I1_O)        0.306    15.121 r  t[2][15]_i_7/O
                         net (fo=1, routed)           0.000    15.121    t[2][15]_i_7_n_0
    SLICE_X91Y35         CARRY4 (Prop_carry4_S[1]_O[2])
                                                      0.580    15.701 r  t_reg[2][15]_i_2/O[2]
                         net (fo=1, routed)           0.363    16.065    p_9_out[14]
    SLICE_X90Y35         LUT2 (Prop_lut2_I1_O)        0.302    16.367 r  t[2][14]_i_1/O
                         net (fo=1, routed)           0.000    16.367    t[2][14]_i_1_n_0
    SLICE_X90Y35         FDRE                                         r  t_reg[2][14]/D
  -------------------------------------------------------------------    -------------------

                         (clock sys_clk_pin rise edge)
                                                     10.000    10.000 r  
    Y9                                                0.000    10.000 r  clk (IN)
                         net (fo=0)                   0.000    10.000    clk
    Y9                   IBUF (Prop_ibuf_I_O)         1.420    11.420 r  clk_IBUF_inst/O
                         net (fo=1, routed)           1.972    13.392    clk_IBUF
    BUFGCTRL_X0Y0        BUFG (Prop_bufg_I_O)         0.091    13.483 r  clk_IBUF_BUFG_inst/O
                         net (fo=672, routed)         1.614    15.097    clk_IBUF_BUFG
    SLICE_X90Y35         FDRE                                         r  t_reg[2][14]/C
                         clock pessimism              0.394    15.491    
                         clock uncertainty           -0.035    15.456    
    SLICE_X90Y35         FDRE (Setup_fdre_C_D)        0.079    15.535    t_reg[2][14]
  -------------------------------------------------------------------
                         required time                         15.535    
                         arrival time                         -16.367    
  -------------------------------------------------------------------
                         slack                                 -0.832    

Slack (VIOLATED) :        -0.824ns  (required time - arrival time)
  Source:                 a_reg[0][0][4]_replica/C
                            (rising edge-triggered cell FDRE clocked by sys_clk_pin  {rise@0.000ns fall@5.000ns period=10.000ns})
  Destination:            t_reg[0][16]/D
                            (rising edge-triggered cell FDRE clocked by sys_clk_pin  {rise@0.000ns fall@5.000ns period=10.000ns})
  Path Group:             sys_clk_pin
  Path Type:              Setup (Max at Slow Process Corner)
  Requirement:            10.000ns  (sys_clk_pin rise@10.000ns - sys_clk_pin rise@0.000ns)
  Data Path Delay:        10.710ns  (logic 5.165ns (48.224%)  route 5.545ns (51.776%))
  Logic Levels:           15  (CARRY4=7 LUT2=5 LUT4=1 LUT6=2)
  Clock Path Skew:        -0.109ns (DCD - SCD + CPR)
    Destination Clock Delay (DCD):    5.038ns = ( 15.038 - 10.000 ) 
    Source Clock Delay      (SCD):    5.541ns
    Clock Pessimism Removal (CPR):    0.394ns
  Clock Uncertainty:      0.035ns  ((TSJ^2 + TIJ^2)^1/2 + DJ) / 2 + PE
    Total System Jitter     (TSJ):    0.071ns
    Total Input Jitter      (TIJ):    0.000ns
    Discrete Jitter          (DJ):    0.000ns
    Phase Error              (PE):    0.000ns

    Location             Delay type                Incr(ns)  Path(ns)    Netlist Resource(s)
  -------------------------------------------------------------------    -------------------
                         (clock sys_clk_pin rise edge)
                                                      0.000     0.000 r  
    Y9                                                0.000     0.000 r  clk (IN)
                         net (fo=0)                   0.000     0.000    clk
    Y9                   IBUF (Prop_ibuf_I_O)         1.490     1.490 r  clk_IBUF_inst/O
                         net (fo=1, routed)           2.171     3.661    clk_IBUF
    BUFGCTRL_X0Y0        BUFG (Prop_bufg_I_O)         0.101     3.762 r  clk_IBUF_BUFG_inst/O
                         net (fo=672, routed)         1.779     5.541    clk_IBUF_BUFG
    SLICE_X99Y24         FDRE                                         r  a_reg[0][0][4]_replica/C
  -------------------------------------------------------------------    -------------------
    SLICE_X99Y24         FDRE (Prop_fdre_C_Q)         0.456     5.997 r  a_reg[0][0][4]_replica/Q
                         net (fo=10, routed)          1.030     7.027    a_reg_n_0_[0][0][4]_repN
    SLICE_X103Y26        LUT2 (Prop_lut2_I1_O)        0.124     7.151 r  t[0][7]_i_91/O
                         net (fo=1, routed)           0.616     7.767    t[0][7]_i_91_n_0
    SLICE_X98Y26         LUT6 (Prop_lut6_I3_O)        0.124     7.891 r  t[0][7]_i_87/O
                         net (fo=1, routed)           0.000     7.891    t[0][7]_i_87_n_0
    SLICE_X98Y26         CARRY4 (Prop_carry4_S[1]_CO[3])
                                                      0.533     8.424 r  t_reg[0][7]_i_72/CO[3]
                         net (fo=1, routed)           0.000     8.424    t_reg[0][7]_i_72_n_0
    SLICE_X98Y27         CARRY4 (Prop_carry4_CI_CO[2])
                                                      0.229     8.653 r  t_reg[0][17]_i_148/CO[2]
                         net (fo=2, routed)           0.705     9.358    t_reg[0][17]_i_148_n_1
    SLICE_X99Y29         LUT4 (Prop_lut4_I1_O)        0.310     9.668 f  t[0][17]_i_113/O
                         net (fo=2, routed)           0.521    10.189    t[0][17]_i_113_n_0
    SLICE_X90Y29         LUT6 (Prop_lut6_I0_O)        0.124    10.313 r  t[0][17]_i_82/O
                         net (fo=2, routed)           0.911    11.224    t[0][17]_i_82_n_0
    SLICE_X89Y33         CARRY4 (Prop_carry4_DI[1]_O[2])
                                                      0.537    11.761 r  t_reg[0][17]_i_54/O[2]
                         net (fo=1, routed)           0.437    12.198    p_18_in[13]
    SLICE_X86Y34         LUT2 (Prop_lut2_I1_O)        0.302    12.500 r  t[0][17]_i_27/O
                         net (fo=1, routed)           0.000    12.500    t[0][17]_i_27_n_0
    SLICE_X86Y34         CARRY4 (Prop_carry4_S[1]_O[3])
                                                      0.643    13.143 r  t_reg[0][17]_i_12/O[3]
                         net (fo=1, routed)           0.583    13.726    t_reg[0][17]_i_12_n_4
    SLICE_X87Y34         LUT2 (Prop_lut2_I1_O)        0.307    14.033 r  t[0][17]_i_8/O
                         net (fo=1, routed)           0.000    14.033    t[0][17]_i_8_n_0
    SLICE_X87Y34         CARRY4 (Prop_carry4_S[3]_O[3])
                                                      0.248    14.281 r  t_reg[0][17]_i_4/O[3]
                         net (fo=1, routed)           0.450    14.731    C__0[15]
    SLICE_X88Y34         LUT2 (Prop_lut2_I1_O)        0.306    15.037 r  t[0][15]_i_5/O
                         net (fo=1, routed)           0.000    15.037    t[0][15]_i_5_n_0
    SLICE_X88Y34         CARRY4 (Prop_carry4_S[3]_CO[3])
                                                      0.401    15.438 r  t_reg[0][15]_i_2/CO[3]
                         net (fo=1, routed)           0.000    15.438    t_reg[0][15]_i_2_n_0
    SLICE_X88Y35         CARRY4 (Prop_carry4_CI_O[0])
                                                      0.222    15.660 r  t_reg[0][17]_i_2/O[0]
                         net (fo=1, routed)           0.293    15.953    p_19_out[16]
    SLICE_X89Y36         LUT2 (Prop_lut2_I1_O)        0.299    16.252 r  t[0][16]_i_1/O
                         net (fo=1, routed)           0.000    16.252    t[16]
    SLICE_X89Y36         FDRE                                         r  t_reg[0][16]/D
  -------------------------------------------------------------------    -------------------

                         (clock sys_clk_pin rise edge)
                                                     10.000    10.000 r  
    Y9                                                0.000    10.000 r  clk (IN)
                         net (fo=0)                   0.000    10.000    clk
    Y9                   IBUF (Prop_ibuf_I_O)         1.420    11.420 r  clk_IBUF_inst/O
                         net (fo=1, routed)           1.972    13.392    clk_IBUF
    BUFGCTRL_X0Y0        BUFG (Prop_bufg_I_O)         0.091    13.483 r  clk_IBUF_BUFG_inst/O
                         net (fo=672, routed)         1.555    15.038    clk_IBUF_BUFG
    SLICE_X89Y36         FDRE                                         r  t_reg[0][16]/C
                         clock pessimism              0.394    15.432    
                         clock uncertainty           -0.035    15.397    
    SLICE_X89Y36         FDRE (Setup_fdre_C_D)        0.031    15.428    t_reg[0][16]
  -------------------------------------------------------------------
                         required time                         15.428    
                         arrival time                         -16.252    
  -------------------------------------------------------------------
                         slack                                 -0.824    





Min Delay Paths
--------------------------------------------------------------------------------------
Slack (MET) :             0.107ns  (arrival time - required time)
  Source:                 sram_addr_reg[1]/C
                            (rising edge-triggered cell FDRE clocked by sys_clk_pin  {rise@0.000ns fall@5.000ns period=10.000ns})
  Destination:            ram0/RAM_reg_0_31_4_4/SP/ADR1
                            (rising edge-triggered cell RAMS32 clocked by sys_clk_pin  {rise@0.000ns fall@5.000ns period=10.000ns})
  Path Group:             sys_clk_pin
  Path Type:              Hold (Min at Fast Process Corner)
  Requirement:            0.000ns  (sys_clk_pin rise@0.000ns - sys_clk_pin rise@0.000ns)
  Data Path Delay:        0.429ns  (logic 0.141ns (32.843%)  route 0.288ns (67.157%))
  Logic Levels:           0  
  Clock Path Skew:        0.013ns (DCD - SCD - CPR)
    Destination Clock Delay (DCD):    2.037ns
    Source Clock Delay      (SCD):    1.524ns
    Clock Pessimism Removal (CPR):    0.500ns

    Location             Delay type                Incr(ns)  Path(ns)    Netlist Resource(s)
  -------------------------------------------------------------------    -------------------
                         (clock sys_clk_pin rise edge)
                                                      0.000     0.000 r  
    Y9                                                0.000     0.000 r  clk (IN)
                         net (fo=0)                   0.000     0.000    clk
    Y9                   IBUF (Prop_ibuf_I_O)         0.258     0.258 r  clk_IBUF_inst/O
                         net (fo=1, routed)           0.663     0.921    clk_IBUF
    BUFGCTRL_X0Y0        BUFG (Prop_bufg_I_O)         0.026     0.947 r  clk_IBUF_BUFG_inst/O
                         net (fo=672, routed)         0.577     1.524    clk_IBUF_BUFG
    SLICE_X85Y22         FDRE                                         r  sram_addr_reg[1]/C
  -------------------------------------------------------------------    -------------------
    SLICE_X85Y22         FDRE (Prop_fdre_C_Q)         0.141     1.665 r  sram_addr_reg[1]/Q
                         net (fo=12, routed)          0.288     1.953    ram0/RAM_reg_0_31_4_4/A1
    SLICE_X82Y22         RAMS32                                       r  ram0/RAM_reg_0_31_4_4/SP/ADR1
  -------------------------------------------------------------------    -------------------

                         (clock sys_clk_pin rise edge)
                                                      0.000     0.000 r  
    Y9                                                0.000     0.000 r  clk (IN)
                         net (fo=0)                   0.000     0.000    clk
    Y9                   IBUF (Prop_ibuf_I_O)         0.446     0.446 r  clk_IBUF_inst/O
                         net (fo=1, routed)           0.719     1.165    clk_IBUF
    BUFGCTRL_X0Y0        BUFG (Prop_bufg_I_O)         0.029     1.194 r  clk_IBUF_BUFG_inst/O
                         net (fo=672, routed)         0.843     2.037    ram0/RAM_reg_0_31_4_4/WCLK
    SLICE_X82Y22         RAMS32                                       r  ram0/RAM_reg_0_31_4_4/SP/CLK
                         clock pessimism             -0.500     1.537    
    SLICE_X82Y22         RAMS32 (Hold_rams32_CLK_ADR1)
                                                      0.309     1.846    ram0/RAM_reg_0_31_4_4/SP
  -------------------------------------------------------------------
                         required time                         -1.846    
                         arrival time                           1.953    
  -------------------------------------------------------------------
                         slack                                  0.107    

Slack (MET) :             0.107ns  (arrival time - required time)
  Source:                 sram_addr_reg[1]/C
                            (rising edge-triggered cell FDRE clocked by sys_clk_pin  {rise@0.000ns fall@5.000ns period=10.000ns})
  Destination:            ram0/RAM_reg_0_31_5_5/SP/ADR1
                            (rising edge-triggered cell RAMS32 clocked by sys_clk_pin  {rise@0.000ns fall@5.000ns period=10.000ns})
  Path Group:             sys_clk_pin
  Path Type:              Hold (Min at Fast Process Corner)
  Requirement:            0.000ns  (sys_clk_pin rise@0.000ns - sys_clk_pin rise@0.000ns)
  Data Path Delay:        0.429ns  (logic 0.141ns (32.843%)  route 0.288ns (67.157%))
  Logic Levels:           0  
  Clock Path Skew:        0.013ns (DCD - SCD - CPR)
    Destination Clock Delay (DCD):    2.037ns
    Source Clock Delay      (SCD):    1.524ns
    Clock Pessimism Removal (CPR):    0.500ns

    Location             Delay type                Incr(ns)  Path(ns)    Netlist Resource(s)
  -------------------------------------------------------------------    -------------------
                         (clock sys_clk_pin rise edge)
                                                      0.000     0.000 r  
    Y9                                                0.000     0.000 r  clk (IN)
                         net (fo=0)                   0.000     0.000    clk
    Y9                   IBUF (Prop_ibuf_I_O)         0.258     0.258 r  clk_IBUF_inst/O
                         net (fo=1, routed)           0.663     0.921    clk_IBUF
    BUFGCTRL_X0Y0        BUFG (Prop_bufg_I_O)         0.026     0.947 r  clk_IBUF_BUFG_inst/O
                         net (fo=672, routed)         0.577     1.524    clk_IBUF_BUFG
    SLICE_X85Y22         FDRE                                         r  sram_addr_reg[1]/C
  -------------------------------------------------------------------    -------------------
    SLICE_X85Y22         FDRE (Prop_fdre_C_Q)         0.141     1.665 r  sram_addr_reg[1]/Q
                         net (fo=12, routed)          0.288     1.953    ram0/RAM_reg_0_31_5_5/A1
    SLICE_X82Y22         RAMS32                                       r  ram0/RAM_reg_0_31_5_5/SP/ADR1
  -------------------------------------------------------------------    -------------------

                         (clock sys_clk_pin rise edge)
                                                      0.000     0.000 r  
    Y9                                                0.000     0.000 r  clk (IN)
                         net (fo=0)                   0.000     0.000    clk
    Y9                   IBUF (Prop_ibuf_I_O)         0.446     0.446 r  clk_IBUF_inst/O
                         net (fo=1, routed)           0.719     1.165    clk_IBUF
    BUFGCTRL_X0Y0        BUFG (Prop_bufg_I_O)         0.029     1.194 r  clk_IBUF_BUFG_inst/O
                         net (fo=672, routed)         0.843     2.037    ram0/RAM_reg_0_31_5_5/WCLK
    SLICE_X82Y22         RAMS32                                       r  ram0/RAM_reg_0_31_5_5/SP/CLK
                         clock pessimism             -0.500     1.537    
    SLICE_X82Y22         RAMS32 (Hold_rams32_CLK_ADR1)
                                                      0.309     1.846    ram0/RAM_reg_0_31_5_5/SP
  -------------------------------------------------------------------
                         required time                         -1.846    
                         arrival time                           1.953    
  -------------------------------------------------------------------
                         slack                                  0.107    

Slack (MET) :             0.107ns  (arrival time - required time)
  Source:                 sram_addr_reg[1]/C
                            (rising edge-triggered cell FDRE clocked by sys_clk_pin  {rise@0.000ns fall@5.000ns period=10.000ns})
  Destination:            ram0/RAM_reg_0_31_6_6/SP/ADR1
                            (rising edge-triggered cell RAMS32 clocked by sys_clk_pin  {rise@0.000ns fall@5.000ns period=10.000ns})
  Path Group:             sys_clk_pin
  Path Type:              Hold (Min at Fast Process Corner)
  Requirement:            0.000ns  (sys_clk_pin rise@0.000ns - sys_clk_pin rise@0.000ns)
  Data Path Delay:        0.429ns  (logic 0.141ns (32.843%)  route 0.288ns (67.157%))
  Logic Levels:           0  
  Clock Path Skew:        0.013ns (DCD - SCD - CPR)
    Destination Clock Delay (DCD):    2.037ns
    Source Clock Delay      (SCD):    1.524ns
    Clock Pessimism Removal (CPR):    0.500ns

    Location             Delay type                Incr(ns)  Path(ns)    Netlist Resource(s)
  -------------------------------------------------------------------    -------------------
                         (clock sys_clk_pin rise edge)
                                                      0.000     0.000 r  
    Y9                                                0.000     0.000 r  clk (IN)
                         net (fo=0)                   0.000     0.000    clk
    Y9                   IBUF (Prop_ibuf_I_O)         0.258     0.258 r  clk_IBUF_inst/O
                         net (fo=1, routed)           0.663     0.921    clk_IBUF
    BUFGCTRL_X0Y0        BUFG (Prop_bufg_I_O)         0.026     0.947 r  clk_IBUF_BUFG_inst/O
                         net (fo=672, routed)         0.577     1.524    clk_IBUF_BUFG
    SLICE_X85Y22         FDRE                                         r  sram_addr_reg[1]/C
  -------------------------------------------------------------------    -------------------
    SLICE_X85Y22         FDRE (Prop_fdre_C_Q)         0.141     1.665 r  sram_addr_reg[1]/Q
                         net (fo=12, routed)          0.288     1.953    ram0/RAM_reg_0_31_6_6/A1
    SLICE_X82Y22         RAMS32                                       r  ram0/RAM_reg_0_31_6_6/SP/ADR1
  -------------------------------------------------------------------    -------------------

                         (clock sys_clk_pin rise edge)
                                                      0.000     0.000 r  
    Y9                                                0.000     0.000 r  clk (IN)
                         net (fo=0)                   0.000     0.000    clk
    Y9                   IBUF (Prop_ibuf_I_O)         0.446     0.446 r  clk_IBUF_inst/O
                         net (fo=1, routed)           0.719     1.165    clk_IBUF
    BUFGCTRL_X0Y0        BUFG (Prop_bufg_I_O)         0.029     1.194 r  clk_IBUF_BUFG_inst/O
                         net (fo=672, routed)         0.843     2.037    ram0/RAM_reg_0_31_6_6/WCLK
    SLICE_X82Y22         RAMS32                                       r  ram0/RAM_reg_0_31_6_6/SP/CLK
                         clock pessimism             -0.500     1.537    
    SLICE_X82Y22         RAMS32 (Hold_rams32_CLK_ADR1)
                                                      0.309     1.846    ram0/RAM_reg_0_31_6_6/SP
  -------------------------------------------------------------------
                         required time                         -1.846    
                         arrival time                           1.953    
  -------------------------------------------------------------------
                         slack                                  0.107    

Slack (MET) :             0.107ns  (arrival time - required time)
  Source:                 sram_addr_reg[1]/C
                            (rising edge-triggered cell FDRE clocked by sys_clk_pin  {rise@0.000ns fall@5.000ns period=10.000ns})
  Destination:            ram0/RAM_reg_0_31_7_7/SP/ADR1
                            (rising edge-triggered cell RAMS32 clocked by sys_clk_pin  {rise@0.000ns fall@5.000ns period=10.000ns})
  Path Group:             sys_clk_pin
  Path Type:              Hold (Min at Fast Process Corner)
  Requirement:            0.000ns  (sys_clk_pin rise@0.000ns - sys_clk_pin rise@0.000ns)
  Data Path Delay:        0.429ns  (logic 0.141ns (32.843%)  route 0.288ns (67.157%))
  Logic Levels:           0  
  Clock Path Skew:        0.013ns (DCD - SCD - CPR)
    Destination Clock Delay (DCD):    2.037ns
    Source Clock Delay      (SCD):    1.524ns
    Clock Pessimism Removal (CPR):    0.500ns

    Location             Delay type                Incr(ns)  Path(ns)    Netlist Resource(s)
  -------------------------------------------------------------------    -------------------
                         (clock sys_clk_pin rise edge)
                                                      0.000     0.000 r  
    Y9                                                0.000     0.000 r  clk (IN)
                         net (fo=0)                   0.000     0.000    clk
    Y9                   IBUF (Prop_ibuf_I_O)         0.258     0.258 r  clk_IBUF_inst/O
                         net (fo=1, routed)           0.663     0.921    clk_IBUF
    BUFGCTRL_X0Y0        BUFG (Prop_bufg_I_O)         0.026     0.947 r  clk_IBUF_BUFG_inst/O
                         net (fo=672, routed)         0.577     1.524    clk_IBUF_BUFG
    SLICE_X85Y22         FDRE                                         r  sram_addr_reg[1]/C
  -------------------------------------------------------------------    -------------------
    SLICE_X85Y22         FDRE (Prop_fdre_C_Q)         0.141     1.665 r  sram_addr_reg[1]/Q
                         net (fo=12, routed)          0.288     1.953    ram0/RAM_reg_0_31_7_7/A1
    SLICE_X82Y22         RAMS32                                       r  ram0/RAM_reg_0_31_7_7/SP/ADR1
  -------------------------------------------------------------------    -------------------

                         (clock sys_clk_pin rise edge)
                                                      0.000     0.000 r  
    Y9                                                0.000     0.000 r  clk (IN)
                         net (fo=0)                   0.000     0.000    clk
    Y9                   IBUF (Prop_ibuf_I_O)         0.446     0.446 r  clk_IBUF_inst/O
                         net (fo=1, routed)           0.719     1.165    clk_IBUF
    BUFGCTRL_X0Y0        BUFG (Prop_bufg_I_O)         0.029     1.194 r  clk_IBUF_BUFG_inst/O
                         net (fo=672, routed)         0.843     2.037    ram0/RAM_reg_0_31_7_7/WCLK
    SLICE_X82Y22         RAMS32                                       r  ram0/RAM_reg_0_31_7_7/SP/CLK
                         clock pessimism             -0.500     1.537    
    SLICE_X82Y22         RAMS32 (Hold_rams32_CLK_ADR1)
                                                      0.309     1.846    ram0/RAM_reg_0_31_7_7/SP
  -------------------------------------------------------------------
                         required time                         -1.846    
                         arrival time                           1.953    
  -------------------------------------------------------------------
                         slack                                  0.107    

Slack (MET) :             0.139ns  (arrival time - required time)
  Source:                 sram_addr_reg[1]/C
                            (rising edge-triggered cell FDRE clocked by sys_clk_pin  {rise@0.000ns fall@5.000ns period=10.000ns})
  Destination:            ram0/RAM_reg_0_31_0_0/SP/ADR1
                            (rising edge-triggered cell RAMS32 clocked by sys_clk_pin  {rise@0.000ns fall@5.000ns period=10.000ns})
  Path Group:             sys_clk_pin
  Path Type:              Hold (Min at Fast Process Corner)
  Requirement:            0.000ns  (sys_clk_pin rise@0.000ns - sys_clk_pin rise@0.000ns)
  Data Path Delay:        0.481ns  (logic 0.141ns (29.344%)  route 0.340ns (70.656%))
  Logic Levels:           0  
  Clock Path Skew:        0.033ns (DCD - SCD - CPR)
    Destination Clock Delay (DCD):    2.037ns
    Source Clock Delay      (SCD):    1.524ns
    Clock Pessimism Removal (CPR):    0.480ns

    Location             Delay type                Incr(ns)  Path(ns)    Netlist Resource(s)
  -------------------------------------------------------------------    -------------------
                         (clock sys_clk_pin rise edge)
                                                      0.000     0.000 r  
    Y9                                                0.000     0.000 r  clk (IN)
                         net (fo=0)                   0.000     0.000    clk
    Y9                   IBUF (Prop_ibuf_I_O)         0.258     0.258 r  clk_IBUF_inst/O
                         net (fo=1, routed)           0.663     0.921    clk_IBUF
    BUFGCTRL_X0Y0        BUFG (Prop_bufg_I_O)         0.026     0.947 r  clk_IBUF_BUFG_inst/O
                         net (fo=672, routed)         0.577     1.524    clk_IBUF_BUFG
    SLICE_X85Y22         FDRE                                         r  sram_addr_reg[1]/C
  -------------------------------------------------------------------    -------------------
    SLICE_X85Y22         FDRE (Prop_fdre_C_Q)         0.141     1.665 r  sram_addr_reg[1]/Q
                         net (fo=12, routed)          0.340     2.004    ram0/RAM_reg_0_31_0_0/A1
    SLICE_X86Y22         RAMS32                                       r  ram0/RAM_reg_0_31_0_0/SP/ADR1
  -------------------------------------------------------------------    -------------------

                         (clock sys_clk_pin rise edge)
                                                      0.000     0.000 r  
    Y9                                                0.000     0.000 r  clk (IN)
                         net (fo=0)                   0.000     0.000    clk
    Y9                   IBUF (Prop_ibuf_I_O)         0.446     0.446 r  clk_IBUF_inst/O
                         net (fo=1, routed)           0.719     1.165    clk_IBUF
    BUFGCTRL_X0Y0        BUFG (Prop_bufg_I_O)         0.029     1.194 r  clk_IBUF_BUFG_inst/O
                         net (fo=672, routed)         0.843     2.037    ram0/RAM_reg_0_31_0_0/WCLK
    SLICE_X86Y22         RAMS32                                       r  ram0/RAM_reg_0_31_0_0/SP/CLK
                         clock pessimism             -0.480     1.557    
    SLICE_X86Y22         RAMS32 (Hold_rams32_CLK_ADR1)
                                                      0.309     1.866    ram0/RAM_reg_0_31_0_0/SP
  -------------------------------------------------------------------
                         required time                         -1.866    
                         arrival time                           2.004    
  -------------------------------------------------------------------
                         slack                                  0.139    

Slack (MET) :             0.139ns  (arrival time - required time)
  Source:                 sram_addr_reg[1]/C
                            (rising edge-triggered cell FDRE clocked by sys_clk_pin  {rise@0.000ns fall@5.000ns period=10.000ns})
  Destination:            ram0/RAM_reg_0_31_1_1/SP/ADR1
                            (rising edge-triggered cell RAMS32 clocked by sys_clk_pin  {rise@0.000ns fall@5.000ns period=10.000ns})
  Path Group:             sys_clk_pin
  Path Type:              Hold (Min at Fast Process Corner)
  Requirement:            0.000ns  (sys_clk_pin rise@0.000ns - sys_clk_pin rise@0.000ns)
  Data Path Delay:        0.481ns  (logic 0.141ns (29.344%)  route 0.340ns (70.656%))
  Logic Levels:           0  
  Clock Path Skew:        0.033ns (DCD - SCD - CPR)
    Destination Clock Delay (DCD):    2.037ns
    Source Clock Delay      (SCD):    1.524ns
    Clock Pessimism Removal (CPR):    0.480ns

    Location             Delay type                Incr(ns)  Path(ns)    Netlist Resource(s)
  -------------------------------------------------------------------    -------------------
                         (clock sys_clk_pin rise edge)
                                                      0.000     0.000 r  
    Y9                                                0.000     0.000 r  clk (IN)
                         net (fo=0)                   0.000     0.000    clk
    Y9                   IBUF (Prop_ibuf_I_O)         0.258     0.258 r  clk_IBUF_inst/O
                         net (fo=1, routed)           0.663     0.921    clk_IBUF
    BUFGCTRL_X0Y0        BUFG (Prop_bufg_I_O)         0.026     0.947 r  clk_IBUF_BUFG_inst/O
                         net (fo=672, routed)         0.577     1.524    clk_IBUF_BUFG
    SLICE_X85Y22         FDRE                                         r  sram_addr_reg[1]/C
  -------------------------------------------------------------------    -------------------
    SLICE_X85Y22         FDRE (Prop_fdre_C_Q)         0.141     1.665 r  sram_addr_reg[1]/Q
                         net (fo=12, routed)          0.340     2.004    ram0/RAM_reg_0_31_1_1/A1
    SLICE_X86Y22         RAMS32                                       r  ram0/RAM_reg_0_31_1_1/SP/ADR1
  -------------------------------------------------------------------    -------------------

                         (clock sys_clk_pin rise edge)
                                                      0.000     0.000 r  
    Y9                                                0.000     0.000 r  clk (IN)
                         net (fo=0)                   0.000     0.000    clk
    Y9                   IBUF (Prop_ibuf_I_O)         0.446     0.446 r  clk_IBUF_inst/O
                         net (fo=1, routed)           0.719     1.165    clk_IBUF
    BUFGCTRL_X0Y0        BUFG (Prop_bufg_I_O)         0.029     1.194 r  clk_IBUF_BUFG_inst/O
                         net (fo=672, routed)         0.843     2.037    ram0/RAM_reg_0_31_1_1/WCLK
    SLICE_X86Y22         RAMS32                                       r  ram0/RAM_reg_0_31_1_1/SP/CLK
                         clock pessimism             -0.480     1.557    
    SLICE_X86Y22         RAMS32 (Hold_rams32_CLK_ADR1)
                                                      0.309     1.866    ram0/RAM_reg_0_31_1_1/SP
  -------------------------------------------------------------------
                         required time                         -1.866    
                         arrival time                           2.004    
  -------------------------------------------------------------------
                         slack                                  0.139    

Slack (MET) :             0.139ns  (arrival time - required time)
  Source:                 sram_addr_reg[1]/C
                            (rising edge-triggered cell FDRE clocked by sys_clk_pin  {rise@0.000ns fall@5.000ns period=10.000ns})
  Destination:            ram0/RAM_reg_0_31_2_2/SP/ADR1
                            (rising edge-triggered cell RAMS32 clocked by sys_clk_pin  {rise@0.000ns fall@5.000ns period=10.000ns})
  Path Group:             sys_clk_pin
  Path Type:              Hold (Min at Fast Process Corner)
  Requirement:            0.000ns  (sys_clk_pin rise@0.000ns - sys_clk_pin rise@0.000ns)
  Data Path Delay:        0.481ns  (logic 0.141ns (29.344%)  route 0.340ns (70.656%))
  Logic Levels:           0  
  Clock Path Skew:        0.033ns (DCD - SCD - CPR)
    Destination Clock Delay (DCD):    2.037ns
    Source Clock Delay      (SCD):    1.524ns
    Clock Pessimism Removal (CPR):    0.480ns

    Location             Delay type                Incr(ns)  Path(ns)    Netlist Resource(s)
  -------------------------------------------------------------------    -------------------
                         (clock sys_clk_pin rise edge)
                                                      0.000     0.000 r  
    Y9                                                0.000     0.000 r  clk (IN)
                         net (fo=0)                   0.000     0.000    clk
    Y9                   IBUF (Prop_ibuf_I_O)         0.258     0.258 r  clk_IBUF_inst/O
                         net (fo=1, routed)           0.663     0.921    clk_IBUF
    BUFGCTRL_X0Y0        BUFG (Prop_bufg_I_O)         0.026     0.947 r  clk_IBUF_BUFG_inst/O
                         net (fo=672, routed)         0.577     1.524    clk_IBUF_BUFG
    SLICE_X85Y22         FDRE                                         r  sram_addr_reg[1]/C
  -------------------------------------------------------------------    -------------------
    SLICE_X85Y22         FDRE (Prop_fdre_C_Q)         0.141     1.665 r  sram_addr_reg[1]/Q
                         net (fo=12, routed)          0.340     2.004    ram0/RAM_reg_0_31_2_2/A1
    SLICE_X86Y22         RAMS32                                       r  ram0/RAM_reg_0_31_2_2/SP/ADR1
  -------------------------------------------------------------------    -------------------

                         (clock sys_clk_pin rise edge)
                                                      0.000     0.000 r  
    Y9                                                0.000     0.000 r  clk (IN)
                         net (fo=0)                   0.000     0.000    clk
    Y9                   IBUF (Prop_ibuf_I_O)         0.446     0.446 r  clk_IBUF_inst/O
                         net (fo=1, routed)           0.719     1.165    clk_IBUF
    BUFGCTRL_X0Y0        BUFG (Prop_bufg_I_O)         0.029     1.194 r  clk_IBUF_BUFG_inst/O
                         net (fo=672, routed)         0.843     2.037    ram0/RAM_reg_0_31_2_2/WCLK
    SLICE_X86Y22         RAMS32                                       r  ram0/RAM_reg_0_31_2_2/SP/CLK
                         clock pessimism             -0.480     1.557    
    SLICE_X86Y22         RAMS32 (Hold_rams32_CLK_ADR1)
                                                      0.309     1.866    ram0/RAM_reg_0_31_2_2/SP
  -------------------------------------------------------------------
                         required time                         -1.866    
                         arrival time                           2.004    
  -------------------------------------------------------------------
                         slack                                  0.139    

Slack (MET) :             0.139ns  (arrival time - required time)
  Source:                 sram_addr_reg[1]/C
                            (rising edge-triggered cell FDRE clocked by sys_clk_pin  {rise@0.000ns fall@5.000ns period=10.000ns})
  Destination:            ram0/RAM_reg_0_31_3_3/SP/ADR1
                            (rising edge-triggered cell RAMS32 clocked by sys_clk_pin  {rise@0.000ns fall@5.000ns period=10.000ns})
  Path Group:             sys_clk_pin
  Path Type:              Hold (Min at Fast Process Corner)
  Requirement:            0.000ns  (sys_clk_pin rise@0.000ns - sys_clk_pin rise@0.000ns)
  Data Path Delay:        0.481ns  (logic 0.141ns (29.344%)  route 0.340ns (70.656%))
  Logic Levels:           0  
  Clock Path Skew:        0.033ns (DCD - SCD - CPR)
    Destination Clock Delay (DCD):    2.037ns
    Source Clock Delay      (SCD):    1.524ns
    Clock Pessimism Removal (CPR):    0.480ns

    Location             Delay type                Incr(ns)  Path(ns)    Netlist Resource(s)
  -------------------------------------------------------------------    -------------------
                         (clock sys_clk_pin rise edge)
                                                      0.000     0.000 r  
    Y9                                                0.000     0.000 r  clk (IN)
                         net (fo=0)                   0.000     0.000    clk
    Y9                   IBUF (Prop_ibuf_I_O)         0.258     0.258 r  clk_IBUF_inst/O
                         net (fo=1, routed)           0.663     0.921    clk_IBUF
    BUFGCTRL_X0Y0        BUFG (Prop_bufg_I_O)         0.026     0.947 r  clk_IBUF_BUFG_inst/O
                         net (fo=672, routed)         0.577     1.524    clk_IBUF_BUFG
    SLICE_X85Y22         FDRE                                         r  sram_addr_reg[1]/C
  -------------------------------------------------------------------    -------------------
    SLICE_X85Y22         FDRE (Prop_fdre_C_Q)         0.141     1.665 r  sram_addr_reg[1]/Q
                         net (fo=12, routed)          0.340     2.004    ram0/RAM_reg_0_31_3_3/A1
    SLICE_X86Y22         RAMS32                                       r  ram0/RAM_reg_0_31_3_3/SP/ADR1
  -------------------------------------------------------------------    -------------------

                         (clock sys_clk_pin rise edge)
                                                      0.000     0.000 r  
    Y9                                                0.000     0.000 r  clk (IN)
                         net (fo=0)                   0.000     0.000    clk
    Y9                   IBUF (Prop_ibuf_I_O)         0.446     0.446 r  clk_IBUF_inst/O
                         net (fo=1, routed)           0.719     1.165    clk_IBUF
    BUFGCTRL_X0Y0        BUFG (Prop_bufg_I_O)         0.029     1.194 r  clk_IBUF_BUFG_inst/O
                         net (fo=672, routed)         0.843     2.037    ram0/RAM_reg_0_31_3_3/WCLK
    SLICE_X86Y22         RAMS32                                       r  ram0/RAM_reg_0_31_3_3/SP/CLK
                         clock pessimism             -0.480     1.557    
    SLICE_X86Y22         RAMS32 (Hold_rams32_CLK_ADR1)
                                                      0.309     1.866    ram0/RAM_reg_0_31_3_3/SP
  -------------------------------------------------------------------
                         required time                         -1.866    
                         arrival time                           2.004    
  -------------------------------------------------------------------
                         slack                                  0.139    

Slack (MET) :             0.147ns  (arrival time - required time)
  Source:                 uart/tx_data_reg[3]/C
                            (rising edge-triggered cell FDRE clocked by sys_clk_pin  {rise@0.000ns fall@5.000ns period=10.000ns})
  Destination:            uart/tx_data_reg[2]/D
                            (rising edge-triggered cell FDRE clocked by sys_clk_pin  {rise@0.000ns fall@5.000ns period=10.000ns})
  Path Group:             sys_clk_pin
  Path Type:              Hold (Min at Fast Process Corner)
  Requirement:            0.000ns  (sys_clk_pin rise@0.000ns - sys_clk_pin rise@0.000ns)
  Data Path Delay:        0.541ns  (logic 0.209ns (38.663%)  route 0.332ns (61.337%))
  Logic Levels:           1  (LUT6=1)
  Clock Path Skew:        0.272ns (DCD - SCD - CPR)
    Destination Clock Delay (DCD):    2.076ns
    Source Clock Delay      (SCD):    1.557ns
    Clock Pessimism Removal (CPR):    0.247ns

    Location             Delay type                Incr(ns)  Path(ns)    Netlist Resource(s)
  -------------------------------------------------------------------    -------------------
                         (clock sys_clk_pin rise edge)
                                                      0.000     0.000 r  
    Y9                                                0.000     0.000 r  clk (IN)
                         net (fo=0)                   0.000     0.000    clk
    Y9                   IBUF (Prop_ibuf_I_O)         0.258     0.258 r  clk_IBUF_inst/O
                         net (fo=1, routed)           0.663     0.921    clk_IBUF
    BUFGCTRL_X0Y0        BUFG (Prop_bufg_I_O)         0.026     0.947 r  clk_IBUF_BUFG_inst/O
                         net (fo=672, routed)         0.610     1.557    uart/clk_IBUF_BUFG
    SLICE_X96Y50         FDRE                                         r  uart/tx_data_reg[3]/C
  -------------------------------------------------------------------    -------------------
    SLICE_X96Y50         FDRE (Prop_fdre_C_Q)         0.164     1.721 r  uart/tx_data_reg[3]/Q
                         net (fo=1, routed)           0.332     2.053    uart/tx_data_reg_n_0_[3]
    SLICE_X96Y49         LUT6 (Prop_lut6_I5_O)        0.045     2.098 r  uart/tx_data[2]_i_1/O
                         net (fo=1, routed)           0.000     2.098    uart/tx_data[2]_i_1_n_0
    SLICE_X96Y49         FDRE                                         r  uart/tx_data_reg[2]/D
  -------------------------------------------------------------------    -------------------

                         (clock sys_clk_pin rise edge)
                                                      0.000     0.000 r  
    Y9                                                0.000     0.000 r  clk (IN)
                         net (fo=0)                   0.000     0.000    clk
    Y9                   IBUF (Prop_ibuf_I_O)         0.446     0.446 r  clk_IBUF_inst/O
                         net (fo=1, routed)           0.719     1.165    clk_IBUF
    BUFGCTRL_X0Y0        BUFG (Prop_bufg_I_O)         0.029     1.194 r  clk_IBUF_BUFG_inst/O
                         net (fo=672, routed)         0.882     2.076    uart/clk_IBUF_BUFG
    SLICE_X96Y49         FDRE                                         r  uart/tx_data_reg[2]/C
                         clock pessimism             -0.247     1.829    
    SLICE_X96Y49         FDRE (Hold_fdre_C_D)         0.121     1.950    uart/tx_data_reg[2]
  -------------------------------------------------------------------
                         required time                         -1.950    
                         arrival time                           2.098    
  -------------------------------------------------------------------
                         slack                                  0.147    

Slack (MET) :             0.160ns  (arrival time - required time)
  Source:                 sram_addr_reg[2]/C
                            (rising edge-triggered cell FDRE clocked by sys_clk_pin  {rise@0.000ns fall@5.000ns period=10.000ns})
  Destination:            ram0/RAM_reg_0_31_4_4/SP/ADR2
                            (rising edge-triggered cell RAMS32 clocked by sys_clk_pin  {rise@0.000ns fall@5.000ns period=10.000ns})
  Path Group:             sys_clk_pin
  Path Type:              Hold (Min at Fast Process Corner)
  Requirement:            0.000ns  (sys_clk_pin rise@0.000ns - sys_clk_pin rise@0.000ns)
  Data Path Delay:        0.427ns  (logic 0.141ns (33.007%)  route 0.286ns (66.993%))
  Logic Levels:           0  
  Clock Path Skew:        0.013ns (DCD - SCD - CPR)
    Destination Clock Delay (DCD):    2.037ns
    Source Clock Delay      (SCD):    1.524ns
    Clock Pessimism Removal (CPR):    0.500ns

    Location             Delay type                Incr(ns)  Path(ns)    Netlist Resource(s)
  -------------------------------------------------------------------    -------------------
                         (clock sys_clk_pin rise edge)
                                                      0.000     0.000 r  
    Y9                                                0.000     0.000 r  clk (IN)
                         net (fo=0)                   0.000     0.000    clk
    Y9                   IBUF (Prop_ibuf_I_O)         0.258     0.258 r  clk_IBUF_inst/O
                         net (fo=1, routed)           0.663     0.921    clk_IBUF
    BUFGCTRL_X0Y0        BUFG (Prop_bufg_I_O)         0.026     0.947 r  clk_IBUF_BUFG_inst/O
                         net (fo=672, routed)         0.577     1.524    clk_IBUF_BUFG
    SLICE_X85Y22         FDRE                                         r  sram_addr_reg[2]/C
  -------------------------------------------------------------------    -------------------
    SLICE_X85Y22         FDRE (Prop_fdre_C_Q)         0.141     1.665 r  sram_addr_reg[2]/Q
                         net (fo=11, routed)          0.286     1.951    ram0/RAM_reg_0_31_4_4/A2
    SLICE_X82Y22         RAMS32                                       r  ram0/RAM_reg_0_31_4_4/SP/ADR2
  -------------------------------------------------------------------    -------------------

                         (clock sys_clk_pin rise edge)
                                                      0.000     0.000 r  
    Y9                                                0.000     0.000 r  clk (IN)
                         net (fo=0)                   0.000     0.000    clk
    Y9                   IBUF (Prop_ibuf_I_O)         0.446     0.446 r  clk_IBUF_inst/O
                         net (fo=1, routed)           0.719     1.165    clk_IBUF
    BUFGCTRL_X0Y0        BUFG (Prop_bufg_I_O)         0.029     1.194 r  clk_IBUF_BUFG_inst/O
                         net (fo=672, routed)         0.843     2.037    ram0/RAM_reg_0_31_4_4/WCLK
    SLICE_X82Y22         RAMS32                                       r  ram0/RAM_reg_0_31_4_4/SP/CLK
                         clock pessimism             -0.500     1.537    
    SLICE_X82Y22         RAMS32 (Hold_rams32_CLK_ADR2)
                                                      0.254     1.791    ram0/RAM_reg_0_31_4_4/SP
  -------------------------------------------------------------------
                         required time                         -1.791    
                         arrival time                           1.951    
  -------------------------------------------------------------------
                         slack                                  0.160    





Pulse Width Checks
--------------------------------------------------------------------------------------
Clock Name:         sys_clk_pin
Waveform(ns):       { 0.000 5.000 }
Period(ns):         10.000
Sources:            { clk }

Check Type        Corner  Lib Pin     Reference Pin  Required(ns)  Actual(ns)  Slack(ns)  Location       Pin
Min Period        n/a     BUFG/I      n/a            2.155         10.000      7.845      BUFGCTRL_X0Y0  clk_IBUF_BUFG_inst/I
Min Period        n/a     FDSE/C      n/a            1.000         10.000      9.000      SLICE_X90Y21   FSM_onehot_state_reg[0]/C
Min Period        n/a     FDRE/C      n/a            1.000         10.000      9.000      SLICE_X90Y21   FSM_onehot_state_reg[1]/C
Min Period        n/a     FDRE/C      n/a            1.000         10.000      9.000      SLICE_X92Y21   FSM_onehot_state_reg[2]/C
Min Period        n/a     FDRE/C      n/a            1.000         10.000      9.000      SLICE_X90Y22   FSM_onehot_state_reg[3]/C
Min Period        n/a     FDRE/C      n/a            1.000         10.000      9.000      SLICE_X90Y22   FSM_onehot_state_reg[4]/C
Min Period        n/a     FDRE/C      n/a            1.000         10.000      9.000      SLICE_X88Y23   FSM_onehot_state_reg[5]/C
Min Period        n/a     FDRE/C      n/a            1.000         10.000      9.000      SLICE_X99Y37   FSM_onehot_state_reg[6]/C
Min Period        n/a     FDRE/C      n/a            1.000         10.000      9.000      SLICE_X97Y44   FSM_onehot_state_reg[7]/C
Min Period        n/a     FDRE/C      n/a            1.000         10.000      9.000      SLICE_X94Y51   FSM_sequential_Q_reg[0]/C
Low Pulse Width   Slow    RAMS32/CLK  n/a            1.250         5.000       3.750      SLICE_X86Y22   ram0/RAM_reg_0_31_0_0/SP/CLK
Low Pulse Width   Fast    RAMS32/CLK  n/a            1.250         5.000       3.750      SLICE_X86Y22   ram0/RAM_reg_0_31_0_0/SP/CLK
Low Pulse Width   Slow    RAMS32/CLK  n/a            1.250         5.000       3.750      SLICE_X86Y22   ram0/RAM_reg_0_31_1_1/SP/CLK
Low Pulse Width   Fast    RAMS32/CLK  n/a            1.250         5.000       3.750      SLICE_X86Y22   ram0/RAM_reg_0_31_1_1/SP/CLK
Low Pulse Width   Slow    RAMS32/CLK  n/a            1.250         5.000       3.750      SLICE_X86Y22   ram0/RAM_reg_0_31_2_2/SP/CLK
Low Pulse Width   Fast    RAMS32/CLK  n/a            1.250         5.000       3.750      SLICE_X86Y22   ram0/RAM_reg_0_31_2_2/SP/CLK
Low Pulse Width   Slow    RAMS32/CLK  n/a            1.250         5.000       3.750      SLICE_X86Y22   ram0/RAM_reg_0_31_3_3/SP/CLK
Low Pulse Width   Fast    RAMS32/CLK  n/a            1.250         5.000       3.750      SLICE_X86Y22   ram0/RAM_reg_0_31_3_3/SP/CLK
Low Pulse Width   Slow    RAMS32/CLK  n/a            1.250         5.000       3.750      SLICE_X82Y22   ram0/RAM_reg_0_31_4_4/SP/CLK
Low Pulse Width   Fast    RAMS32/CLK  n/a            1.250         5.000       3.750      SLICE_X82Y22   ram0/RAM_reg_0_31_4_4/SP/CLK
High Pulse Width  Slow    RAMS32/CLK  n/a            1.250         5.000       3.750      SLICE_X86Y22   ram0/RAM_reg_0_31_0_0/SP/CLK
High Pulse Width  Fast    RAMS32/CLK  n/a            1.250         5.000       3.750      SLICE_X86Y22   ram0/RAM_reg_0_31_0_0/SP/CLK
High Pulse Width  Slow    RAMS32/CLK  n/a            1.250         5.000       3.750      SLICE_X86Y22   ram0/RAM_reg_0_31_1_1/SP/CLK
High Pulse Width  Fast    RAMS32/CLK  n/a            1.250         5.000       3.750      SLICE_X86Y22   ram0/RAM_reg_0_31_1_1/SP/CLK
High Pulse Width  Slow    RAMS32/CLK  n/a            1.250         5.000       3.750      SLICE_X86Y22   ram0/RAM_reg_0_31_2_2/SP/CLK
High Pulse Width  Fast    RAMS32/CLK  n/a            1.250         5.000       3.750      SLICE_X86Y22   ram0/RAM_reg_0_31_2_2/SP/CLK
High Pulse Width  Slow    RAMS32/CLK  n/a            1.250         5.000       3.750      SLICE_X86Y22   ram0/RAM_reg_0_31_3_3/SP/CLK
High Pulse Width  Fast    RAMS32/CLK  n/a            1.250         5.000       3.750      SLICE_X86Y22   ram0/RAM_reg_0_31_3_3/SP/CLK
High Pulse Width  Slow    RAMS32/CLK  n/a            1.250         5.000       3.750      SLICE_X82Y22   ram0/RAM_reg_0_31_4_4/SP/CLK
High Pulse Width  Fast    RAMS32/CLK  n/a            1.250         5.000       3.750      SLICE_X82Y22   ram0/RAM_reg_0_31_4_4/SP/CLK



--------------------------------------------------------------------------------------
Path Group:  (none)
From Clock:  
  To Clock:  

Max Delay             4 Endpoints
Min Delay             4 Endpoints
--------------------------------------------------------------------------------------


Max Delay Paths
--------------------------------------------------------------------------------------
Slack:                    inf
  Source:                 usr_btn[3]
                            (input port)
  Destination:            usr_led[3]
                            (output port)
  Path Group:             (none)
  Path Type:              Max at Slow Process Corner
  Data Path Delay:        7.506ns  (logic 5.021ns (66.886%)  route 2.486ns (33.114%))
  Logic Levels:           2  (IBUF=1 OBUF=1)

    Location             Delay type                Incr(ns)  Path(ns)    Netlist Resource(s)
  -------------------------------------------------------------------    -------------------
    N15                                               0.000     0.000 r  usr_btn[3] (IN)
                         net (fo=0)                   0.000     0.000    usr_btn[3]
    N15                  IBUF (Prop_ibuf_I_O)         1.491     1.491 r  usr_btn_IBUF[3]_inst/O
                         net (fo=1, routed)           2.486     3.976    usr_led_OBUF[3]
    U21                  OBUF (Prop_obuf_I_O)         3.530     7.506 r  usr_led_OBUF[3]_inst/O
                         net (fo=0)                   0.000     7.506    usr_led[3]
    U21                                                               r  usr_led[3] (OUT)
  -------------------------------------------------------------------    -------------------

Slack:                    inf
  Source:                 usr_btn[0]
                            (input port)
  Destination:            usr_led[0]
                            (output port)
  Path Group:             (none)
  Path Type:              Max at Slow Process Corner
  Data Path Delay:        7.129ns  (logic 4.992ns (70.024%)  route 2.137ns (29.976%))
  Logic Levels:           2  (IBUF=1 OBUF=1)

    Location             Delay type                Incr(ns)  Path(ns)    Netlist Resource(s)
  -------------------------------------------------------------------    -------------------
    T18                                               0.000     0.000 r  usr_btn[0] (IN)
                         net (fo=0)                   0.000     0.000    usr_btn[0]
    T18                  IBUF (Prop_ibuf_I_O)         1.470     1.470 r  usr_btn_IBUF[0]_inst/O
                         net (fo=1, routed)           2.137     3.606    usr_led_OBUF[0]
    T22                  OBUF (Prop_obuf_I_O)         3.522     7.129 r  usr_led_OBUF[0]_inst/O
                         net (fo=0)                   0.000     7.129    usr_led[0]
    T22                                                               r  usr_led[0] (OUT)
  -------------------------------------------------------------------    -------------------

Slack:                    inf
  Source:                 usr_btn[1]
                            (input port)
  Destination:            usr_led[1]
                            (output port)
  Path Group:             (none)
  Path Type:              Max at Slow Process Corner
  Data Path Delay:        7.119ns  (logic 4.973ns (69.852%)  route 2.146ns (30.148%))
  Logic Levels:           2  (IBUF=1 OBUF=1)

    Location             Delay type                Incr(ns)  Path(ns)    Netlist Resource(s)
  -------------------------------------------------------------------    -------------------
    R18                                               0.000     0.000 r  usr_btn[1] (IN)
                         net (fo=0)                   0.000     0.000    usr_btn[1]
    R18                  IBUF (Prop_ibuf_I_O)         1.459     1.459 r  usr_btn_IBUF[1]_inst/O
                         net (fo=4, routed)           2.146     3.606    usr_led_OBUF[1]
    T21                  OBUF (Prop_obuf_I_O)         3.514     7.119 r  usr_led_OBUF[1]_inst/O
                         net (fo=0)                   0.000     7.119    usr_led[1]
    T21                                                               r  usr_led[1] (OUT)
  -------------------------------------------------------------------    -------------------

Slack:                    inf
  Source:                 usr_btn[2]
                            (input port)
  Destination:            usr_led[2]
                            (output port)
  Path Group:             (none)
  Path Type:              Max at Slow Process Corner
  Data Path Delay:        7.000ns  (logic 5.004ns (71.485%)  route 1.996ns (28.515%))
  Logic Levels:           2  (IBUF=1 OBUF=1)

    Location             Delay type                Incr(ns)  Path(ns)    Netlist Resource(s)
  -------------------------------------------------------------------    -------------------
    R16                                               0.000     0.000 r  usr_btn[2] (IN)
                         net (fo=0)                   0.000     0.000    usr_btn[2]
    R16                  IBUF (Prop_ibuf_I_O)         1.473     1.473 r  usr_btn_IBUF[2]_inst/O
                         net (fo=1, routed)           1.996     3.469    usr_led_OBUF[2]
    U22                  OBUF (Prop_obuf_I_O)         3.531     7.000 r  usr_led_OBUF[2]_inst/O
                         net (fo=0)                   0.000     7.000    usr_led[2]
    U22                                                               r  usr_led[2] (OUT)
  -------------------------------------------------------------------    -------------------





Min Delay Paths
--------------------------------------------------------------------------------------
Slack:                    inf
  Source:                 usr_btn[2]
                            (input port)
  Destination:            usr_led[2]
                            (output port)
  Path Group:             (none)
  Path Type:              Min at Fast Process Corner
  Data Path Delay:        1.869ns  (logic 1.473ns (78.808%)  route 0.396ns (21.192%))
  Logic Levels:           2  (IBUF=1 OBUF=1)

    Location             Delay type                Incr(ns)  Path(ns)    Netlist Resource(s)
  -------------------------------------------------------------------    -------------------
    R16                                               0.000     0.000 r  usr_btn[2] (IN)
                         net (fo=0)                   0.000     0.000    usr_btn[2]
    R16                  IBUF (Prop_ibuf_I_O)         0.241     0.241 r  usr_btn_IBUF[2]_inst/O
                         net (fo=1, routed)           0.396     0.637    usr_led_OBUF[2]
    U22                  OBUF (Prop_obuf_I_O)         1.232     1.869 r  usr_led_OBUF[2]_inst/O
                         net (fo=0)                   0.000     1.869    usr_led[2]
    U22                                                               r  usr_led[2] (OUT)
  -------------------------------------------------------------------    -------------------

Slack:                    inf
  Source:                 usr_btn[1]
                            (input port)
  Destination:            usr_led[1]
                            (output port)
  Path Group:             (none)
  Path Type:              Min at Fast Process Corner
  Data Path Delay:        1.910ns  (logic 1.442ns (75.523%)  route 0.467ns (24.477%))
  Logic Levels:           2  (IBUF=1 OBUF=1)

    Location             Delay type                Incr(ns)  Path(ns)    Netlist Resource(s)
  -------------------------------------------------------------------    -------------------
    R18                                               0.000     0.000 r  usr_btn[1] (IN)
                         net (fo=0)                   0.000     0.000    usr_btn[1]
    R18                  IBUF (Prop_ibuf_I_O)         0.227     0.227 r  usr_btn_IBUF[1]_inst/O
                         net (fo=4, routed)           0.467     0.695    usr_led_OBUF[1]
    T21                  OBUF (Prop_obuf_I_O)         1.215     1.910 r  usr_led_OBUF[1]_inst/O
                         net (fo=0)                   0.000     1.910    usr_led[1]
    T21                                                               r  usr_led[1] (OUT)
  -------------------------------------------------------------------    -------------------

Slack:                    inf
  Source:                 usr_btn[0]
                            (input port)
  Destination:            usr_led[0]
                            (output port)
  Path Group:             (none)
  Path Type:              Min at Fast Process Corner
  Data Path Delay:        1.911ns  (logic 1.461ns (76.454%)  route 0.450ns (23.546%))
  Logic Levels:           2  (IBUF=1 OBUF=1)

    Location             Delay type                Incr(ns)  Path(ns)    Netlist Resource(s)
  -------------------------------------------------------------------    -------------------
    T18                                               0.000     0.000 r  usr_btn[0] (IN)
                         net (fo=0)                   0.000     0.000    usr_btn[0]
    T18                  IBUF (Prop_ibuf_I_O)         0.237     0.237 r  usr_btn_IBUF[0]_inst/O
                         net (fo=1, routed)           0.450     0.687    usr_led_OBUF[0]
    T22                  OBUF (Prop_obuf_I_O)         1.223     1.911 r  usr_led_OBUF[0]_inst/O
                         net (fo=0)                   0.000     1.911    usr_led[0]
    T22                                                               r  usr_led[0] (OUT)
  -------------------------------------------------------------------    -------------------

Slack:                    inf
  Source:                 usr_btn[3]
                            (input port)
  Destination:            usr_led[3]
                            (output port)
  Path Group:             (none)
  Path Type:              Min at Fast Process Corner
  Data Path Delay:        2.085ns  (logic 1.489ns (71.432%)  route 0.596ns (28.568%))
  Logic Levels:           2  (IBUF=1 OBUF=1)

    Location             Delay type                Incr(ns)  Path(ns)    Netlist Resource(s)
  -------------------------------------------------------------------    -------------------
    N15                                               0.000     0.000 r  usr_btn[3] (IN)
                         net (fo=0)                   0.000     0.000    usr_btn[3]
    N15                  IBUF (Prop_ibuf_I_O)         0.258     0.258 r  usr_btn_IBUF[3]_inst/O
                         net (fo=1, routed)           0.596     0.854    usr_led_OBUF[3]
    U21                  OBUF (Prop_obuf_I_O)         1.231     2.085 r  usr_led_OBUF[3]_inst/O
                         net (fo=0)                   0.000     2.085    usr_led[3]
    U21                                                               r  usr_led[3] (OUT)
  -------------------------------------------------------------------    -------------------





--------------------------------------------------------------------------------------
Path Group:  (none)
From Clock:  sys_clk_pin
  To Clock:  

Max Delay             1 Endpoint
Min Delay             1 Endpoint
--------------------------------------------------------------------------------------


Max Delay Paths
--------------------------------------------------------------------------------------
Slack:                    inf
  Source:                 uart/tx_out_reg/C
                            (rising edge-triggered cell FDRE clocked by sys_clk_pin  {rise@0.000ns fall@5.000ns period=10.000ns})
  Destination:            uart_tx
                            (output port)
  Path Group:             (none)
  Path Type:              Max at Slow Process Corner
  Data Path Delay:        9.391ns  (logic 4.133ns (44.018%)  route 5.257ns (55.982%))
  Logic Levels:           1  (OBUF=1)
  Clock Uncertainty:      0.025ns  ((TSJ^2 + TIJ^2)^1/2 + DJ) / 2 + PE
    Total System Jitter     (TSJ):    0.050ns
    Total Input Jitter      (TIJ):    0.000ns
    Discrete Jitter          (DJ):    0.000ns
    Phase Error              (PE):    0.000ns

    Location             Delay type                Incr(ns)  Path(ns)    Netlist Resource(s)
  -------------------------------------------------------------------    -------------------
                         (clock sys_clk_pin rise edge)
                                                      0.000     0.000 r  
    Y9                                                0.000     0.000 r  clk (IN)
                         net (fo=0)                   0.000     0.000    clk
    Y9                   IBUF (Prop_ibuf_I_O)         1.490     1.490 r  clk_IBUF_inst/O
                         net (fo=1, routed)           2.171     3.661    clk_IBUF
    BUFGCTRL_X0Y0        BUFG (Prop_bufg_I_O)         0.101     3.762 r  clk_IBUF_BUFG_inst/O
                         net (fo=672, routed)         1.788     5.550    uart/clk_IBUF_BUFG
    SLICE_X96Y51         FDRE                                         r  uart/tx_out_reg/C
  -------------------------------------------------------------------    -------------------
    SLICE_X96Y51         FDRE (Prop_fdre_C_Q)         0.518     6.068 r  uart/tx_out_reg/Q
                         net (fo=1, routed)           5.257    11.325    uart_tx_OBUF
    AA11                 OBUF (Prop_obuf_I_O)         3.615    14.941 r  uart_tx_OBUF_inst/O
                         net (fo=0)                   0.000    14.941    uart_tx
    AA11                                                              r  uart_tx (OUT)
  -------------------------------------------------------------------    -------------------





Min Delay Paths
--------------------------------------------------------------------------------------
Slack:                    inf
  Source:                 uart/tx_out_reg/C
                            (rising edge-triggered cell FDRE clocked by sys_clk_pin  {rise@0.000ns fall@5.000ns period=10.000ns})
  Destination:            uart_tx
                            (output port)
  Path Group:             (none)
  Path Type:              Min at Fast Process Corner
  Data Path Delay:        3.536ns  (logic 1.480ns (41.847%)  route 2.056ns (58.153%))
  Logic Levels:           1  (OBUF=1)
  Clock Uncertainty:      0.025ns  ((TSJ^2 + TIJ^2)^1/2 + DJ) / 2 + PE
    Total System Jitter     (TSJ):    0.050ns
    Total Input Jitter      (TIJ):    0.000ns
    Discrete Jitter          (DJ):    0.000ns
    Phase Error              (PE):    0.000ns

    Location             Delay type                Incr(ns)  Path(ns)    Netlist Resource(s)
  -------------------------------------------------------------------    -------------------
                         (clock sys_clk_pin rise edge)
                                                      0.000     0.000 r  
    Y9                                                0.000     0.000 r  clk (IN)
                         net (fo=0)                   0.000     0.000    clk
    Y9                   IBUF (Prop_ibuf_I_O)         0.258     0.258 r  clk_IBUF_inst/O
                         net (fo=1, routed)           0.663     0.921    clk_IBUF
    BUFGCTRL_X0Y0        BUFG (Prop_bufg_I_O)         0.026     0.947 r  clk_IBUF_BUFG_inst/O
                         net (fo=672, routed)         0.610     1.557    uart/clk_IBUF_BUFG
    SLICE_X96Y51         FDRE                                         r  uart/tx_out_reg/C
  -------------------------------------------------------------------    -------------------
    SLICE_X96Y51         FDRE (Prop_fdre_C_Q)         0.164     1.721 r  uart/tx_out_reg/Q
                         net (fo=1, routed)           2.056     3.777    uart_tx_OBUF
    AA11                 OBUF (Prop_obuf_I_O)         1.316     5.092 r  uart_tx_OBUF_inst/O
                         net (fo=0)                   0.000     5.092    uart_tx
    AA11                                                              r  uart_tx (OUT)
  -------------------------------------------------------------------    -------------------





--------------------------------------------------------------------------------------
Path Group:  (none)
From Clock:  
  To Clock:  sys_clk_pin

Max Delay           645 Endpoints
Min Delay           645 Endpoints
--------------------------------------------------------------------------------------


Max Delay Paths
--------------------------------------------------------------------------------------
Slack:                    inf
  Source:                 reset_n
                            (input port)
  Destination:            a_reg[0][3][0]/R
                            (rising edge-triggered cell FDRE clocked by sys_clk_pin  {rise@0.000ns fall@5.000ns period=10.000ns})
  Path Group:             (none)
  Path Type:              Setup (Max at Slow Process Corner)
  Data Path Delay:        11.808ns  (logic 1.611ns (13.641%)  route 10.198ns (86.359%))
  Logic Levels:           2  (IBUF=1 LUT1=1)
  Clock Path Skew:        5.027ns (DCD - SCD + CPR)
    Destination Clock Delay (DCD):    5.027ns
    Source Clock Delay      (SCD):    0.000ns
    Clock Pessimism Removal (CPR):    0.000ns
  Clock Uncertainty:      0.025ns  ((TSJ^2 + TIJ^2)^1/2 + DJ) / 2 + PE
    Total System Jitter     (TSJ):    0.050ns
    Total Input Jitter      (TIJ):    0.000ns
    Discrete Jitter          (DJ):    0.000ns
    Phase Error              (PE):    0.000ns

    Location             Delay type                Incr(ns)  Path(ns)    Netlist Resource(s)
  -------------------------------------------------------------------    -------------------
    F22                                               0.000     0.000 f  reset_n (IN)
                         net (fo=0)                   0.000     0.000    reset_n
    F22                  IBUF (Prop_ibuf_I_O)         1.487     1.487 f  reset_n_IBUF_inst/O
                         net (fo=30, routed)          3.635     5.122    reset_n_IBUF
    SLICE_X92Y50         LUT1 (Prop_lut1_I0_O)        0.124     5.246 r  FSM_onehot_state[7]_i_1/O
                         net (fo=599, routed)         6.562    11.808    FSM_onehot_state[7]_i_1_n_0
    SLICE_X84Y26         FDRE                                         r  a_reg[0][3][0]/R
  -------------------------------------------------------------------    -------------------

                         (clock sys_clk_pin rise edge)
                                                      0.000     0.000 r  
    Y9                                                0.000     0.000 r  clk (IN)
                         net (fo=0)                   0.000     0.000    clk
    Y9                   IBUF (Prop_ibuf_I_O)         1.420     1.420 r  clk_IBUF_inst/O
                         net (fo=1, routed)           1.972     3.392    clk_IBUF
    BUFGCTRL_X0Y0        BUFG (Prop_bufg_I_O)         0.091     3.483 r  clk_IBUF_BUFG_inst/O
                         net (fo=672, routed)         1.544     5.027    clk_IBUF_BUFG
    SLICE_X84Y26         FDRE                                         r  a_reg[0][3][0]/C

Slack:                    inf
  Source:                 reset_n
                            (input port)
  Destination:            a_reg[0][3][5]/R
                            (rising edge-triggered cell FDRE clocked by sys_clk_pin  {rise@0.000ns fall@5.000ns period=10.000ns})
  Path Group:             (none)
  Path Type:              Setup (Max at Slow Process Corner)
  Data Path Delay:        11.804ns  (logic 1.611ns (13.646%)  route 10.193ns (86.354%))
  Logic Levels:           2  (IBUF=1 LUT1=1)
  Clock Path Skew:        5.027ns (DCD - SCD + CPR)
    Destination Clock Delay (DCD):    5.027ns
    Source Clock Delay      (SCD):    0.000ns
    Clock Pessimism Removal (CPR):    0.000ns
  Clock Uncertainty:      0.025ns  ((TSJ^2 + TIJ^2)^1/2 + DJ) / 2 + PE
    Total System Jitter     (TSJ):    0.050ns
    Total Input Jitter      (TIJ):    0.000ns
    Discrete Jitter          (DJ):    0.000ns
    Phase Error              (PE):    0.000ns

    Location             Delay type                Incr(ns)  Path(ns)    Netlist Resource(s)
  -------------------------------------------------------------------    -------------------
    F22                                               0.000     0.000 f  reset_n (IN)
                         net (fo=0)                   0.000     0.000    reset_n
    F22                  IBUF (Prop_ibuf_I_O)         1.487     1.487 f  reset_n_IBUF_inst/O
                         net (fo=30, routed)          3.635     5.122    reset_n_IBUF
    SLICE_X92Y50         LUT1 (Prop_lut1_I0_O)        0.124     5.246 r  FSM_onehot_state[7]_i_1/O
                         net (fo=599, routed)         6.558    11.804    FSM_onehot_state[7]_i_1_n_0
    SLICE_X85Y26         FDRE                                         r  a_reg[0][3][5]/R
  -------------------------------------------------------------------    -------------------

                         (clock sys_clk_pin rise edge)
                                                      0.000     0.000 r  
    Y9                                                0.000     0.000 r  clk (IN)
                         net (fo=0)                   0.000     0.000    clk
    Y9                   IBUF (Prop_ibuf_I_O)         1.420     1.420 r  clk_IBUF_inst/O
                         net (fo=1, routed)           1.972     3.392    clk_IBUF
    BUFGCTRL_X0Y0        BUFG (Prop_bufg_I_O)         0.091     3.483 r  clk_IBUF_BUFG_inst/O
                         net (fo=672, routed)         1.544     5.027    clk_IBUF_BUFG
    SLICE_X85Y26         FDRE                                         r  a_reg[0][3][5]/C

Slack:                    inf
  Source:                 reset_n
                            (input port)
  Destination:            a_reg[0][3][6]/R
                            (rising edge-triggered cell FDRE clocked by sys_clk_pin  {rise@0.000ns fall@5.000ns period=10.000ns})
  Path Group:             (none)
  Path Type:              Setup (Max at Slow Process Corner)
  Data Path Delay:        11.804ns  (logic 1.611ns (13.646%)  route 10.193ns (86.354%))
  Logic Levels:           2  (IBUF=1 LUT1=1)
  Clock Path Skew:        5.027ns (DCD - SCD + CPR)
    Destination Clock Delay (DCD):    5.027ns
    Source Clock Delay      (SCD):    0.000ns
    Clock Pessimism Removal (CPR):    0.000ns
  Clock Uncertainty:      0.025ns  ((TSJ^2 + TIJ^2)^1/2 + DJ) / 2 + PE
    Total System Jitter     (TSJ):    0.050ns
    Total Input Jitter      (TIJ):    0.000ns
    Discrete Jitter          (DJ):    0.000ns
    Phase Error              (PE):    0.000ns

    Location             Delay type                Incr(ns)  Path(ns)    Netlist Resource(s)
  -------------------------------------------------------------------    -------------------
    F22                                               0.000     0.000 f  reset_n (IN)
                         net (fo=0)                   0.000     0.000    reset_n
    F22                  IBUF (Prop_ibuf_I_O)         1.487     1.487 f  reset_n_IBUF_inst/O
                         net (fo=30, routed)          3.635     5.122    reset_n_IBUF
    SLICE_X92Y50         LUT1 (Prop_lut1_I0_O)        0.124     5.246 r  FSM_onehot_state[7]_i_1/O
                         net (fo=599, routed)         6.558    11.804    FSM_onehot_state[7]_i_1_n_0
    SLICE_X85Y26         FDRE                                         r  a_reg[0][3][6]/R
  -------------------------------------------------------------------    -------------------

                         (clock sys_clk_pin rise edge)
                                                      0.000     0.000 r  
    Y9                                                0.000     0.000 r  clk (IN)
                         net (fo=0)                   0.000     0.000    clk
    Y9                   IBUF (Prop_ibuf_I_O)         1.420     1.420 r  clk_IBUF_inst/O
                         net (fo=1, routed)           1.972     3.392    clk_IBUF
    BUFGCTRL_X0Y0        BUFG (Prop_bufg_I_O)         0.091     3.483 r  clk_IBUF_BUFG_inst/O
                         net (fo=672, routed)         1.544     5.027    clk_IBUF_BUFG
    SLICE_X85Y26         FDRE                                         r  a_reg[0][3][6]/C

Slack:                    inf
  Source:                 reset_n
                            (input port)
  Destination:            b_reg[0][3]_replica_5/R
                            (rising edge-triggered cell FDRE clocked by sys_clk_pin  {rise@0.000ns fall@5.000ns period=10.000ns})
  Path Group:             (none)
  Path Type:              Setup (Max at Slow Process Corner)
  Data Path Delay:        11.690ns  (logic 1.611ns (13.779%)  route 10.079ns (86.221%))
  Logic Levels:           2  (IBUF=1 LUT1=1)
  Clock Path Skew:        5.087ns (DCD - SCD + CPR)
    Destination Clock Delay (DCD):    5.087ns
    Source Clock Delay      (SCD):    0.000ns
    Clock Pessimism Removal (CPR):    0.000ns
  Clock Uncertainty:      0.025ns  ((TSJ^2 + TIJ^2)^1/2 + DJ) / 2 + PE
    Total System Jitter     (TSJ):    0.050ns
    Total Input Jitter      (TIJ):    0.000ns
    Discrete Jitter          (DJ):    0.000ns
    Phase Error              (PE):    0.000ns

    Location             Delay type                Incr(ns)  Path(ns)    Netlist Resource(s)
  -------------------------------------------------------------------    -------------------
    F22                                               0.000     0.000 f  reset_n (IN)
                         net (fo=0)                   0.000     0.000    reset_n
    F22                  IBUF (Prop_ibuf_I_O)         1.487     1.487 f  reset_n_IBUF_inst/O
                         net (fo=30, routed)          3.635     5.122    reset_n_IBUF
    SLICE_X92Y50         LUT1 (Prop_lut1_I0_O)        0.124     5.246 r  FSM_onehot_state[7]_i_1/O
                         net (fo=599, routed)         6.444    11.690    FSM_onehot_state[7]_i_1_n_0
    SLICE_X95Y25         FDRE                                         r  b_reg[0][3]_replica_5/R
  -------------------------------------------------------------------    -------------------

                         (clock sys_clk_pin rise edge)
                                                      0.000     0.000 r  
    Y9                                                0.000     0.000 r  clk (IN)
                         net (fo=0)                   0.000     0.000    clk
    Y9                   IBUF (Prop_ibuf_I_O)         1.420     1.420 r  clk_IBUF_inst/O
                         net (fo=1, routed)           1.972     3.392    clk_IBUF
    BUFGCTRL_X0Y0        BUFG (Prop_bufg_I_O)         0.091     3.483 r  clk_IBUF_BUFG_inst/O
                         net (fo=672, routed)         1.604     5.087    clk_IBUF_BUFG
    SLICE_X95Y25         FDRE                                         r  b_reg[0][3]_replica_5/C

Slack:                    inf
  Source:                 reset_n
                            (input port)
  Destination:            b_reg[3][3]_replica_1/R
                            (rising edge-triggered cell FDRE clocked by sys_clk_pin  {rise@0.000ns fall@5.000ns period=10.000ns})
  Path Group:             (none)
  Path Type:              Setup (Max at Slow Process Corner)
  Data Path Delay:        11.578ns  (logic 1.611ns (13.913%)  route 9.967ns (86.087%))
  Logic Levels:           2  (IBUF=1 LUT1=1)
  Clock Path Skew:        5.029ns (DCD - SCD + CPR)
    Destination Clock Delay (DCD):    5.029ns
    Source Clock Delay      (SCD):    0.000ns
    Clock Pessimism Removal (CPR):    0.000ns
  Clock Uncertainty:      0.025ns  ((TSJ^2 + TIJ^2)^1/2 + DJ) / 2 + PE
    Total System Jitter     (TSJ):    0.050ns
    Total Input Jitter      (TIJ):    0.000ns
    Discrete Jitter          (DJ):    0.000ns
    Phase Error              (PE):    0.000ns

    Location             Delay type                Incr(ns)  Path(ns)    Netlist Resource(s)
  -------------------------------------------------------------------    -------------------
    F22                                               0.000     0.000 f  reset_n (IN)
                         net (fo=0)                   0.000     0.000    reset_n
    F22                  IBUF (Prop_ibuf_I_O)         1.487     1.487 f  reset_n_IBUF_inst/O
                         net (fo=30, routed)          3.635     5.122    reset_n_IBUF
    SLICE_X92Y50         LUT1 (Prop_lut1_I0_O)        0.124     5.246 r  FSM_onehot_state[7]_i_1/O
                         net (fo=599, routed)         6.332    11.578    FSM_onehot_state[7]_i_1_n_0
    SLICE_X89Y27         FDRE                                         r  b_reg[3][3]_replica_1/R
  -------------------------------------------------------------------    -------------------

                         (clock sys_clk_pin rise edge)
                                                      0.000     0.000 r  
    Y9                                                0.000     0.000 r  clk (IN)
                         net (fo=0)                   0.000     0.000    clk
    Y9                   IBUF (Prop_ibuf_I_O)         1.420     1.420 r  clk_IBUF_inst/O
                         net (fo=1, routed)           1.972     3.392    clk_IBUF
    BUFGCTRL_X0Y0        BUFG (Prop_bufg_I_O)         0.091     3.483 r  clk_IBUF_BUFG_inst/O
                         net (fo=672, routed)         1.546     5.029    clk_IBUF_BUFG
    SLICE_X89Y27         FDRE                                         r  b_reg[3][3]_replica_1/C

Slack:                    inf
  Source:                 reset_n
                            (input port)
  Destination:            b_reg[3][5]/R
                            (rising edge-triggered cell FDRE clocked by sys_clk_pin  {rise@0.000ns fall@5.000ns period=10.000ns})
  Path Group:             (none)
  Path Type:              Setup (Max at Slow Process Corner)
  Data Path Delay:        11.578ns  (logic 1.611ns (13.913%)  route 9.967ns (86.087%))
  Logic Levels:           2  (IBUF=1 LUT1=1)
  Clock Path Skew:        5.029ns (DCD - SCD + CPR)
    Destination Clock Delay (DCD):    5.029ns
    Source Clock Delay      (SCD):    0.000ns
    Clock Pessimism Removal (CPR):    0.000ns
  Clock Uncertainty:      0.025ns  ((TSJ^2 + TIJ^2)^1/2 + DJ) / 2 + PE
    Total System Jitter     (TSJ):    0.050ns
    Total Input Jitter      (TIJ):    0.000ns
    Discrete Jitter          (DJ):    0.000ns
    Phase Error              (PE):    0.000ns

    Location             Delay type                Incr(ns)  Path(ns)    Netlist Resource(s)
  -------------------------------------------------------------------    -------------------
    F22                                               0.000     0.000 f  reset_n (IN)
                         net (fo=0)                   0.000     0.000    reset_n
    F22                  IBUF (Prop_ibuf_I_O)         1.487     1.487 f  reset_n_IBUF_inst/O
                         net (fo=30, routed)          3.635     5.122    reset_n_IBUF
    SLICE_X92Y50         LUT1 (Prop_lut1_I0_O)        0.124     5.246 r  FSM_onehot_state[7]_i_1/O
                         net (fo=599, routed)         6.332    11.578    FSM_onehot_state[7]_i_1_n_0
    SLICE_X89Y27         FDRE                                         r  b_reg[3][5]/R
  -------------------------------------------------------------------    -------------------

                         (clock sys_clk_pin rise edge)
                                                      0.000     0.000 r  
    Y9                                                0.000     0.000 r  clk (IN)
                         net (fo=0)                   0.000     0.000    clk
    Y9                   IBUF (Prop_ibuf_I_O)         1.420     1.420 r  clk_IBUF_inst/O
                         net (fo=1, routed)           1.972     3.392    clk_IBUF
    BUFGCTRL_X0Y0        BUFG (Prop_bufg_I_O)         0.091     3.483 r  clk_IBUF_BUFG_inst/O
                         net (fo=672, routed)         1.546     5.029    clk_IBUF_BUFG
    SLICE_X89Y27         FDRE                                         r  b_reg[3][5]/C

Slack:                    inf
  Source:                 reset_n
                            (input port)
  Destination:            a_reg[3][3][1]/R
                            (rising edge-triggered cell FDRE clocked by sys_clk_pin  {rise@0.000ns fall@5.000ns period=10.000ns})
  Path Group:             (none)
  Path Type:              Setup (Max at Slow Process Corner)
  Data Path Delay:        11.541ns  (logic 1.611ns (13.958%)  route 9.930ns (86.042%))
  Logic Levels:           2  (IBUF=1 LUT1=1)
  Clock Path Skew:        5.087ns (DCD - SCD + CPR)
    Destination Clock Delay (DCD):    5.087ns
    Source Clock Delay      (SCD):    0.000ns
    Clock Pessimism Removal (CPR):    0.000ns
  Clock Uncertainty:      0.025ns  ((TSJ^2 + TIJ^2)^1/2 + DJ) / 2 + PE
    Total System Jitter     (TSJ):    0.050ns
    Total Input Jitter      (TIJ):    0.000ns
    Discrete Jitter          (DJ):    0.000ns
    Phase Error              (PE):    0.000ns

    Location             Delay type                Incr(ns)  Path(ns)    Netlist Resource(s)
  -------------------------------------------------------------------    -------------------
    F22                                               0.000     0.000 f  reset_n (IN)
                         net (fo=0)                   0.000     0.000    reset_n
    F22                  IBUF (Prop_ibuf_I_O)         1.487     1.487 f  reset_n_IBUF_inst/O
                         net (fo=30, routed)          3.635     5.122    reset_n_IBUF
    SLICE_X92Y50         LUT1 (Prop_lut1_I0_O)        0.124     5.246 r  FSM_onehot_state[7]_i_1/O
                         net (fo=599, routed)         6.295    11.541    FSM_onehot_state[7]_i_1_n_0
    SLICE_X91Y26         FDRE                                         r  a_reg[3][3][1]/R
  -------------------------------------------------------------------    -------------------

                         (clock sys_clk_pin rise edge)
                                                      0.000     0.000 r  
    Y9                                                0.000     0.000 r  clk (IN)
                         net (fo=0)                   0.000     0.000    clk
    Y9                   IBUF (Prop_ibuf_I_O)         1.420     1.420 r  clk_IBUF_inst/O
                         net (fo=1, routed)           1.972     3.392    clk_IBUF
    BUFGCTRL_X0Y0        BUFG (Prop_bufg_I_O)         0.091     3.483 r  clk_IBUF_BUFG_inst/O
                         net (fo=672, routed)         1.604     5.087    clk_IBUF_BUFG
    SLICE_X91Y26         FDRE                                         r  a_reg[3][3][1]/C

Slack:                    inf
  Source:                 reset_n
                            (input port)
  Destination:            a_reg[1][3][2]/R
                            (rising edge-triggered cell FDRE clocked by sys_clk_pin  {rise@0.000ns fall@5.000ns period=10.000ns})
  Path Group:             (none)
  Path Type:              Setup (Max at Slow Process Corner)
  Data Path Delay:        11.502ns  (logic 1.611ns (14.005%)  route 9.891ns (85.995%))
  Logic Levels:           2  (IBUF=1 LUT1=1)
  Clock Path Skew:        5.026ns (DCD - SCD + CPR)
    Destination Clock Delay (DCD):    5.026ns
    Source Clock Delay      (SCD):    0.000ns
    Clock Pessimism Removal (CPR):    0.000ns
  Clock Uncertainty:      0.025ns  ((TSJ^2 + TIJ^2)^1/2 + DJ) / 2 + PE
    Total System Jitter     (TSJ):    0.050ns
    Total Input Jitter      (TIJ):    0.000ns
    Discrete Jitter          (DJ):    0.000ns
    Phase Error              (PE):    0.000ns

    Location             Delay type                Incr(ns)  Path(ns)    Netlist Resource(s)
  -------------------------------------------------------------------    -------------------
    F22                                               0.000     0.000 f  reset_n (IN)
                         net (fo=0)                   0.000     0.000    reset_n
    F22                  IBUF (Prop_ibuf_I_O)         1.487     1.487 f  reset_n_IBUF_inst/O
                         net (fo=30, routed)          3.635     5.122    reset_n_IBUF
    SLICE_X92Y50         LUT1 (Prop_lut1_I0_O)        0.124     5.246 r  FSM_onehot_state[7]_i_1/O
                         net (fo=599, routed)         6.256    11.502    FSM_onehot_state[7]_i_1_n_0
    SLICE_X88Y24         FDRE                                         r  a_reg[1][3][2]/R
  -------------------------------------------------------------------    -------------------

                         (clock sys_clk_pin rise edge)
                                                      0.000     0.000 r  
    Y9                                                0.000     0.000 r  clk (IN)
                         net (fo=0)                   0.000     0.000    clk
    Y9                   IBUF (Prop_ibuf_I_O)         1.420     1.420 r  clk_IBUF_inst/O
                         net (fo=1, routed)           1.972     3.392    clk_IBUF
    BUFGCTRL_X0Y0        BUFG (Prop_bufg_I_O)         0.091     3.483 r  clk_IBUF_BUFG_inst/O
                         net (fo=672, routed)         1.543     5.026    clk_IBUF_BUFG
    SLICE_X88Y24         FDRE                                         r  a_reg[1][3][2]/C

Slack:                    inf
  Source:                 reset_n
                            (input port)
  Destination:            a_reg[1][3][2]_replica/R
                            (rising edge-triggered cell FDRE clocked by sys_clk_pin  {rise@0.000ns fall@5.000ns period=10.000ns})
  Path Group:             (none)
  Path Type:              Setup (Max at Slow Process Corner)
  Data Path Delay:        11.498ns  (logic 1.611ns (14.010%)  route 9.887ns (85.990%))
  Logic Levels:           2  (IBUF=1 LUT1=1)
  Clock Path Skew:        5.026ns (DCD - SCD + CPR)
    Destination Clock Delay (DCD):    5.026ns
    Source Clock Delay      (SCD):    0.000ns
    Clock Pessimism Removal (CPR):    0.000ns
  Clock Uncertainty:      0.025ns  ((TSJ^2 + TIJ^2)^1/2 + DJ) / 2 + PE
    Total System Jitter     (TSJ):    0.050ns
    Total Input Jitter      (TIJ):    0.000ns
    Discrete Jitter          (DJ):    0.000ns
    Phase Error              (PE):    0.000ns

    Location             Delay type                Incr(ns)  Path(ns)    Netlist Resource(s)
  -------------------------------------------------------------------    -------------------
    F22                                               0.000     0.000 f  reset_n (IN)
                         net (fo=0)                   0.000     0.000    reset_n
    F22                  IBUF (Prop_ibuf_I_O)         1.487     1.487 f  reset_n_IBUF_inst/O
                         net (fo=30, routed)          3.635     5.122    reset_n_IBUF
    SLICE_X92Y50         LUT1 (Prop_lut1_I0_O)        0.124     5.246 r  FSM_onehot_state[7]_i_1/O
                         net (fo=599, routed)         6.252    11.498    FSM_onehot_state[7]_i_1_n_0
    SLICE_X89Y24         FDRE                                         r  a_reg[1][3][2]_replica/R
  -------------------------------------------------------------------    -------------------

                         (clock sys_clk_pin rise edge)
                                                      0.000     0.000 r  
    Y9                                                0.000     0.000 r  clk (IN)
                         net (fo=0)                   0.000     0.000    clk
    Y9                   IBUF (Prop_ibuf_I_O)         1.420     1.420 r  clk_IBUF_inst/O
                         net (fo=1, routed)           1.972     3.392    clk_IBUF
    BUFGCTRL_X0Y0        BUFG (Prop_bufg_I_O)         0.091     3.483 r  clk_IBUF_BUFG_inst/O
                         net (fo=672, routed)         1.543     5.026    clk_IBUF_BUFG
    SLICE_X89Y24         FDRE                                         r  a_reg[1][3][2]_replica/C

Slack:                    inf
  Source:                 reset_n
                            (input port)
  Destination:            FSM_onehot_state_reg[2]/R
                            (rising edge-triggered cell FDRE clocked by sys_clk_pin  {rise@0.000ns fall@5.000ns period=10.000ns})
  Path Group:             (none)
  Path Type:              Setup (Max at Slow Process Corner)
  Data Path Delay:        11.453ns  (logic 1.611ns (14.065%)  route 9.842ns (85.935%))
  Logic Levels:           2  (IBUF=1 LUT1=1)
  Clock Path Skew:        5.090ns (DCD - SCD + CPR)
    Destination Clock Delay (DCD):    5.090ns
    Source Clock Delay      (SCD):    0.000ns
    Clock Pessimism Removal (CPR):    0.000ns
  Clock Uncertainty:      0.025ns  ((TSJ^2 + TIJ^2)^1/2 + DJ) / 2 + PE
    Total System Jitter     (TSJ):    0.050ns
    Total Input Jitter      (TIJ):    0.000ns
    Discrete Jitter          (DJ):    0.000ns
    Phase Error              (PE):    0.000ns

    Location             Delay type                Incr(ns)  Path(ns)    Netlist Resource(s)
  -------------------------------------------------------------------    -------------------
    F22                                               0.000     0.000 f  reset_n (IN)
                         net (fo=0)                   0.000     0.000    reset_n
    F22                  IBUF (Prop_ibuf_I_O)         1.487     1.487 f  reset_n_IBUF_inst/O
                         net (fo=30, routed)          3.635     5.122    reset_n_IBUF
    SLICE_X92Y50         LUT1 (Prop_lut1_I0_O)        0.124     5.246 r  FSM_onehot_state[7]_i_1/O
                         net (fo=599, routed)         6.207    11.453    FSM_onehot_state[7]_i_1_n_0
    SLICE_X92Y21         FDRE                                         r  FSM_onehot_state_reg[2]/R
  -------------------------------------------------------------------    -------------------

                         (clock sys_clk_pin rise edge)
                                                      0.000     0.000 r  
    Y9                                                0.000     0.000 r  clk (IN)
                         net (fo=0)                   0.000     0.000    clk
    Y9                   IBUF (Prop_ibuf_I_O)         1.420     1.420 r  clk_IBUF_inst/O
                         net (fo=1, routed)           1.972     3.392    clk_IBUF
    BUFGCTRL_X0Y0        BUFG (Prop_bufg_I_O)         0.091     3.483 r  clk_IBUF_BUFG_inst/O
                         net (fo=672, routed)         1.607     5.090    clk_IBUF_BUFG
    SLICE_X92Y21         FDRE                                         r  FSM_onehot_state_reg[2]/C





Min Delay Paths
--------------------------------------------------------------------------------------
Slack:                    inf
  Source:                 reset_n
                            (input port)
  Destination:            uart/tx_bits_remaining_reg[1]/D
                            (rising edge-triggered cell FDRE clocked by sys_clk_pin  {rise@0.000ns fall@5.000ns period=10.000ns})
  Path Group:             (none)
  Path Type:              Hold (Min at Fast Process Corner)
  Data Path Delay:        1.492ns  (logic 0.300ns (20.077%)  route 1.193ns (79.923%))
  Logic Levels:           2  (IBUF=1 LUT4=1)
  Clock Path Skew:        2.074ns (DCD - SCD - CPR)
    Destination Clock Delay (DCD):    2.074ns
    Source Clock Delay      (SCD):    0.000ns
    Clock Pessimism Removal (CPR):    -0.000ns

    Location             Delay type                Incr(ns)  Path(ns)    Netlist Resource(s)
  -------------------------------------------------------------------    -------------------
    F22                                               0.000     0.000 r  reset_n (IN)
                         net (fo=0)                   0.000     0.000    reset_n
    F22                  IBUF (Prop_ibuf_I_O)         0.255     0.255 r  reset_n_IBUF_inst/O
                         net (fo=30, routed)          1.193     1.447    uart/reset_n_IBUF
    SLICE_X97Y51         LUT4 (Prop_lut4_I2_O)        0.045     1.492 r  uart/tx_bits_remaining[1]_i_1/O
                         net (fo=1, routed)           0.000     1.492    uart/tx_bits_remaining[1]_i_1_n_0
    SLICE_X97Y51         FDRE                                         r  uart/tx_bits_remaining_reg[1]/D
  -------------------------------------------------------------------    -------------------

                         (clock sys_clk_pin rise edge)
                                                      0.000     0.000 r  
    Y9                                                0.000     0.000 r  clk (IN)
                         net (fo=0)                   0.000     0.000    clk
    Y9                   IBUF (Prop_ibuf_I_O)         0.446     0.446 r  clk_IBUF_inst/O
                         net (fo=1, routed)           0.719     1.165    clk_IBUF
    BUFGCTRL_X0Y0        BUFG (Prop_bufg_I_O)         0.029     1.194 r  clk_IBUF_BUFG_inst/O
                         net (fo=672, routed)         0.880     2.074    uart/clk_IBUF_BUFG
    SLICE_X97Y51         FDRE                                         r  uart/tx_bits_remaining_reg[1]/C

Slack:                    inf
  Source:                 reset_n
                            (input port)
  Destination:            uart/tx_bits_remaining_reg[3]/D
                            (rising edge-triggered cell FDRE clocked by sys_clk_pin  {rise@0.000ns fall@5.000ns period=10.000ns})
  Path Group:             (none)
  Path Type:              Hold (Min at Fast Process Corner)
  Data Path Delay:        1.492ns  (logic 0.300ns (20.077%)  route 1.193ns (79.923%))
  Logic Levels:           2  (IBUF=1 LUT6=1)
  Clock Path Skew:        2.074ns (DCD - SCD - CPR)
    Destination Clock Delay (DCD):    2.074ns
    Source Clock Delay      (SCD):    0.000ns
    Clock Pessimism Removal (CPR):    -0.000ns

    Location             Delay type                Incr(ns)  Path(ns)    Netlist Resource(s)
  -------------------------------------------------------------------    -------------------
    F22                                               0.000     0.000 f  reset_n (IN)
                         net (fo=0)                   0.000     0.000    reset_n
    F22                  IBUF (Prop_ibuf_I_O)         0.255     0.255 f  reset_n_IBUF_inst/O
                         net (fo=30, routed)          1.193     1.447    uart/reset_n_IBUF
    SLICE_X97Y51         LUT6 (Prop_lut6_I0_O)        0.045     1.492 r  uart/tx_bits_remaining[3]_i_2/O
                         net (fo=1, routed)           0.000     1.492    uart/tx_bits_remaining[3]_i_2_n_0
    SLICE_X97Y51         FDRE                                         r  uart/tx_bits_remaining_reg[3]/D
  -------------------------------------------------------------------    -------------------

                         (clock sys_clk_pin rise edge)
                                                      0.000     0.000 r  
    Y9                                                0.000     0.000 r  clk (IN)
                         net (fo=0)                   0.000     0.000    clk
    Y9                   IBUF (Prop_ibuf_I_O)         0.446     0.446 r  clk_IBUF_inst/O
                         net (fo=1, routed)           0.719     1.165    clk_IBUF
    BUFGCTRL_X0Y0        BUFG (Prop_bufg_I_O)         0.029     1.194 r  clk_IBUF_BUFG_inst/O
                         net (fo=672, routed)         0.880     2.074    uart/clk_IBUF_BUFG
    SLICE_X97Y51         FDRE                                         r  uart/tx_bits_remaining_reg[3]/C

Slack:                    inf
  Source:                 reset_n
                            (input port)
  Destination:            uart/tx_bits_remaining_reg[2]/D
                            (rising edge-triggered cell FDRE clocked by sys_clk_pin  {rise@0.000ns fall@5.000ns period=10.000ns})
  Path Group:             (none)
  Path Type:              Hold (Min at Fast Process Corner)
  Data Path Delay:        1.493ns  (logic 0.301ns (20.130%)  route 1.193ns (79.870%))
  Logic Levels:           2  (IBUF=1 LUT5=1)
  Clock Path Skew:        2.074ns (DCD - SCD - CPR)
    Destination Clock Delay (DCD):    2.074ns
    Source Clock Delay      (SCD):    0.000ns
    Clock Pessimism Removal (CPR):    -0.000ns

    Location             Delay type                Incr(ns)  Path(ns)    Netlist Resource(s)
  -------------------------------------------------------------------    -------------------
    F22                                               0.000     0.000 r  reset_n (IN)
                         net (fo=0)                   0.000     0.000    reset_n
    F22                  IBUF (Prop_ibuf_I_O)         0.255     0.255 r  reset_n_IBUF_inst/O
                         net (fo=30, routed)          1.193     1.447    uart/reset_n_IBUF
    SLICE_X97Y51         LUT5 (Prop_lut5_I3_O)        0.046     1.493 r  uart/tx_bits_remaining[2]_i_1/O
                         net (fo=1, routed)           0.000     1.493    uart/tx_bits_remaining[2]_i_1_n_0
    SLICE_X97Y51         FDRE                                         r  uart/tx_bits_remaining_reg[2]/D
  -------------------------------------------------------------------    -------------------

                         (clock sys_clk_pin rise edge)
                                                      0.000     0.000 r  
    Y9                                                0.000     0.000 r  clk (IN)
                         net (fo=0)                   0.000     0.000    clk
    Y9                   IBUF (Prop_ibuf_I_O)         0.446     0.446 r  clk_IBUF_inst/O
                         net (fo=1, routed)           0.719     1.165    clk_IBUF
    BUFGCTRL_X0Y0        BUFG (Prop_bufg_I_O)         0.029     1.194 r  clk_IBUF_BUFG_inst/O
                         net (fo=672, routed)         0.880     2.074    uart/clk_IBUF_BUFG
    SLICE_X97Y51         FDRE                                         r  uart/tx_bits_remaining_reg[2]/C

Slack:                    inf
  Source:                 reset_n
                            (input port)
  Destination:            uart/tx_data_reg[5]/D
                            (rising edge-triggered cell FDRE clocked by sys_clk_pin  {rise@0.000ns fall@5.000ns period=10.000ns})
  Path Group:             (none)
  Path Type:              Hold (Min at Fast Process Corner)
  Data Path Delay:        1.568ns  (logic 0.300ns (19.105%)  route 1.268ns (80.895%))
  Logic Levels:           2  (IBUF=1 LUT4=1)
  Clock Path Skew:        2.074ns (DCD - SCD - CPR)
    Destination Clock Delay (DCD):    2.074ns
    Source Clock Delay      (SCD):    0.000ns
    Clock Pessimism Removal (CPR):    -0.000ns

    Location             Delay type                Incr(ns)  Path(ns)    Netlist Resource(s)
  -------------------------------------------------------------------    -------------------
    F22                                               0.000     0.000 r  reset_n (IN)
                         net (fo=0)                   0.000     0.000    reset_n
    F22                  IBUF (Prop_ibuf_I_O)         0.255     0.255 r  reset_n_IBUF_inst/O
                         net (fo=30, routed)          1.268     1.523    uart/reset_n_IBUF
    SLICE_X96Y50         LUT4 (Prop_lut4_I1_O)        0.045     1.568 r  uart/tx_data[5]_i_1/O
                         net (fo=1, routed)           0.000     1.568    uart/tx_data[5]_i_1_n_0
    SLICE_X96Y50         FDRE                                         r  uart/tx_data_reg[5]/D
  -------------------------------------------------------------------    -------------------

                         (clock sys_clk_pin rise edge)
                                                      0.000     0.000 r  
    Y9                                                0.000     0.000 r  clk (IN)
                         net (fo=0)                   0.000     0.000    clk
    Y9                   IBUF (Prop_ibuf_I_O)         0.446     0.446 r  clk_IBUF_inst/O
                         net (fo=1, routed)           0.719     1.165    clk_IBUF
    BUFGCTRL_X0Y0        BUFG (Prop_bufg_I_O)         0.029     1.194 r  clk_IBUF_BUFG_inst/O
                         net (fo=672, routed)         0.880     2.074    uart/clk_IBUF_BUFG
    SLICE_X96Y50         FDRE                                         r  uart/tx_data_reg[5]/C

Slack:                    inf
  Source:                 reset_n
                            (input port)
  Destination:            uart/tx_state_reg[1]/D
                            (rising edge-triggered cell FDRE clocked by sys_clk_pin  {rise@0.000ns fall@5.000ns period=10.000ns})
  Path Group:             (none)
  Path Type:              Hold (Min at Fast Process Corner)
  Data Path Delay:        1.579ns  (logic 0.303ns (19.158%)  route 1.277ns (80.841%))
  Logic Levels:           2  (IBUF=1 LUT5=1)
  Clock Path Skew:        2.074ns (DCD - SCD - CPR)
    Destination Clock Delay (DCD):    2.074ns
    Source Clock Delay      (SCD):    0.000ns
    Clock Pessimism Removal (CPR):    -0.000ns

    Location             Delay type                Incr(ns)  Path(ns)    Netlist Resource(s)
  -------------------------------------------------------------------    -------------------
    F22                                               0.000     0.000 r  reset_n (IN)
                         net (fo=0)                   0.000     0.000    reset_n
    F22                  IBUF (Prop_ibuf_I_O)         0.255     0.255 r  reset_n_IBUF_inst/O
                         net (fo=30, routed)          1.277     1.531    uart/reset_n_IBUF
    SLICE_X95Y51         LUT5 (Prop_lut5_I3_O)        0.048     1.579 r  uart/tx_state[1]_i_1/O
                         net (fo=1, routed)           0.000     1.579    uart/tx_state[1]_i_1_n_0
    SLICE_X95Y51         FDRE                                         r  uart/tx_state_reg[1]/D
  -------------------------------------------------------------------    -------------------

                         (clock sys_clk_pin rise edge)
                                                      0.000     0.000 r  
    Y9                                                0.000     0.000 r  clk (IN)
                         net (fo=0)                   0.000     0.000    clk
    Y9                   IBUF (Prop_ibuf_I_O)         0.446     0.446 r  clk_IBUF_inst/O
                         net (fo=1, routed)           0.719     1.165    clk_IBUF
    BUFGCTRL_X0Y0        BUFG (Prop_bufg_I_O)         0.029     1.194 r  clk_IBUF_BUFG_inst/O
                         net (fo=672, routed)         0.880     2.074    uart/clk_IBUF_BUFG
    SLICE_X95Y51         FDRE                                         r  uart/tx_state_reg[1]/C

Slack:                    inf
  Source:                 reset_n
                            (input port)
  Destination:            uart/tx_data_reg[0]/D
                            (rising edge-triggered cell FDRE clocked by sys_clk_pin  {rise@0.000ns fall@5.000ns period=10.000ns})
  Path Group:             (none)
  Path Type:              Hold (Min at Fast Process Corner)
  Data Path Delay:        1.599ns  (logic 0.300ns (18.734%)  route 1.299ns (81.266%))
  Logic Levels:           2  (IBUF=1 LUT6=1)
  Clock Path Skew:        2.076ns (DCD - SCD - CPR)
    Destination Clock Delay (DCD):    2.076ns
    Source Clock Delay      (SCD):    0.000ns
    Clock Pessimism Removal (CPR):    -0.000ns

    Location             Delay type                Incr(ns)  Path(ns)    Netlist Resource(s)
  -------------------------------------------------------------------    -------------------
    F22                                               0.000     0.000 r  reset_n (IN)
                         net (fo=0)                   0.000     0.000    reset_n
    F22                  IBUF (Prop_ibuf_I_O)         0.255     0.255 r  reset_n_IBUF_inst/O
                         net (fo=30, routed)          1.299     1.554    uart/reset_n_IBUF
    SLICE_X96Y49         LUT6 (Prop_lut6_I3_O)        0.045     1.599 r  uart/tx_data[0]_i_1/O
                         net (fo=1, routed)           0.000     1.599    uart/tx_data[0]_i_1_n_0
    SLICE_X96Y49         FDRE                                         r  uart/tx_data_reg[0]/D
  -------------------------------------------------------------------    -------------------

                         (clock sys_clk_pin rise edge)
                                                      0.000     0.000 r  
    Y9                                                0.000     0.000 r  clk (IN)
                         net (fo=0)                   0.000     0.000    clk
    Y9                   IBUF (Prop_ibuf_I_O)         0.446     0.446 r  clk_IBUF_inst/O
                         net (fo=1, routed)           0.719     1.165    clk_IBUF
    BUFGCTRL_X0Y0        BUFG (Prop_bufg_I_O)         0.029     1.194 r  clk_IBUF_BUFG_inst/O
                         net (fo=672, routed)         0.882     2.076    uart/clk_IBUF_BUFG
    SLICE_X96Y49         FDRE                                         r  uart/tx_data_reg[0]/C

Slack:                    inf
  Source:                 reset_n
                            (input port)
  Destination:            uart/tx_bits_remaining_reg[0]/D
                            (rising edge-triggered cell FDRE clocked by sys_clk_pin  {rise@0.000ns fall@5.000ns period=10.000ns})
  Path Group:             (none)
  Path Type:              Hold (Min at Fast Process Corner)
  Data Path Delay:        1.626ns  (logic 0.300ns (18.421%)  route 1.327ns (81.579%))
  Logic Levels:           2  (IBUF=1 LUT3=1)
  Clock Path Skew:        2.074ns (DCD - SCD - CPR)
    Destination Clock Delay (DCD):    2.074ns
    Source Clock Delay      (SCD):    0.000ns
    Clock Pessimism Removal (CPR):    -0.000ns

    Location             Delay type                Incr(ns)  Path(ns)    Netlist Resource(s)
  -------------------------------------------------------------------    -------------------
    F22                                               0.000     0.000 r  reset_n (IN)
                         net (fo=0)                   0.000     0.000    reset_n
    F22                  IBUF (Prop_ibuf_I_O)         0.255     0.255 r  reset_n_IBUF_inst/O
                         net (fo=30, routed)          1.270     1.525    uart/reset_n_IBUF
    SLICE_X96Y50         LUT3 (Prop_lut3_I1_O)        0.045     1.570 r  uart/tx_bits_remaining[0]_i_1/O
                         net (fo=1, routed)           0.056     1.626    uart/tx_bits_remaining[0]_i_1_n_0
    SLICE_X97Y50         FDRE                                         r  uart/tx_bits_remaining_reg[0]/D
  -------------------------------------------------------------------    -------------------

                         (clock sys_clk_pin rise edge)
                                                      0.000     0.000 r  
    Y9                                                0.000     0.000 r  clk (IN)
                         net (fo=0)                   0.000     0.000    clk
    Y9                   IBUF (Prop_ibuf_I_O)         0.446     0.446 r  clk_IBUF_inst/O
                         net (fo=1, routed)           0.719     1.165    clk_IBUF
    BUFGCTRL_X0Y0        BUFG (Prop_bufg_I_O)         0.029     1.194 r  clk_IBUF_BUFG_inst/O
                         net (fo=672, routed)         0.880     2.074    uart/clk_IBUF_BUFG
    SLICE_X97Y50         FDRE                                         r  uart/tx_bits_remaining_reg[0]/C

Slack:                    inf
  Source:                 usr_btn[1]
                            (input port)
  Destination:            FSM_onehot_state_reg[1]/D
                            (rising edge-triggered cell FDRE clocked by sys_clk_pin  {rise@0.000ns fall@5.000ns period=10.000ns})
  Path Group:             (none)
  Path Type:              Hold (Min at Fast Process Corner)
  Data Path Delay:        1.631ns  (logic 0.271ns (16.639%)  route 1.360ns (83.361%))
  Logic Levels:           2  (IBUF=1 LUT5=1)
  Clock Path Skew:        2.061ns (DCD - SCD - CPR)
    Destination Clock Delay (DCD):    2.061ns
    Source Clock Delay      (SCD):    0.000ns
    Clock Pessimism Removal (CPR):    -0.000ns

    Location             Delay type                Incr(ns)  Path(ns)    Netlist Resource(s)
  -------------------------------------------------------------------    -------------------
    R18                                               0.000     0.000 r  usr_btn[1] (IN)
                         net (fo=0)                   0.000     0.000    usr_btn[1]
    R18                  IBUF (Prop_ibuf_I_O)         0.227     0.227 r  usr_btn_IBUF[1]_inst/O
                         net (fo=4, routed)           1.360     1.587    genblk1[1].u_db/usr_led_OBUF[0]
    SLICE_X90Y21         LUT5 (Prop_lut5_I2_O)        0.044     1.631 r  genblk1[1].u_db/FSM_onehot_state[1]_i_1/O
                         net (fo=1, routed)           0.000     1.631    genblk1[1].u_db_n_0
    SLICE_X90Y21         FDRE                                         r  FSM_onehot_state_reg[1]/D
  -------------------------------------------------------------------    -------------------

                         (clock sys_clk_pin rise edge)
                                                      0.000     0.000 r  
    Y9                                                0.000     0.000 r  clk (IN)
                         net (fo=0)                   0.000     0.000    clk
    Y9                   IBUF (Prop_ibuf_I_O)         0.446     0.446 r  clk_IBUF_inst/O
                         net (fo=1, routed)           0.719     1.165    clk_IBUF
    BUFGCTRL_X0Y0        BUFG (Prop_bufg_I_O)         0.029     1.194 r  clk_IBUF_BUFG_inst/O
                         net (fo=672, routed)         0.867     2.061    clk_IBUF_BUFG
    SLICE_X90Y21         FDRE                                         r  FSM_onehot_state_reg[1]/C

Slack:                    inf
  Source:                 usr_btn[1]
                            (input port)
  Destination:            FSM_onehot_state_reg[0]/D
                            (rising edge-triggered cell FDSE clocked by sys_clk_pin  {rise@0.000ns fall@5.000ns period=10.000ns})
  Path Group:             (none)
  Path Type:              Hold (Min at Fast Process Corner)
  Data Path Delay:        1.632ns  (logic 0.272ns (16.690%)  route 1.360ns (83.310%))
  Logic Levels:           2  (IBUF=1 LUT3=1)
  Clock Path Skew:        2.061ns (DCD - SCD - CPR)
    Destination Clock Delay (DCD):    2.061ns
    Source Clock Delay      (SCD):    0.000ns
    Clock Pessimism Removal (CPR):    -0.000ns

    Location             Delay type                Incr(ns)  Path(ns)    Netlist Resource(s)
  -------------------------------------------------------------------    -------------------
    R18                                               0.000     0.000 f  usr_btn[1] (IN)
                         net (fo=0)                   0.000     0.000    usr_btn[1]
    R18                  IBUF (Prop_ibuf_I_O)         0.227     0.227 f  usr_btn_IBUF[1]_inst/O
                         net (fo=4, routed)           1.360     1.587    genblk1[1].u_db/usr_led_OBUF[0]
    SLICE_X90Y21         LUT3 (Prop_lut3_I2_O)        0.045     1.632 r  genblk1[1].u_db/FSM_onehot_state[0]_i_1/O
                         net (fo=1, routed)           0.000     1.632    genblk1[1].u_db_n_1
    SLICE_X90Y21         FDSE                                         r  FSM_onehot_state_reg[0]/D
  -------------------------------------------------------------------    -------------------

                         (clock sys_clk_pin rise edge)
                                                      0.000     0.000 r  
    Y9                                                0.000     0.000 r  clk (IN)
                         net (fo=0)                   0.000     0.000    clk
    Y9                   IBUF (Prop_ibuf_I_O)         0.446     0.446 r  clk_IBUF_inst/O
                         net (fo=1, routed)           0.719     1.165    clk_IBUF
    BUFGCTRL_X0Y0        BUFG (Prop_bufg_I_O)         0.029     1.194 r  clk_IBUF_BUFG_inst/O
                         net (fo=672, routed)         0.867     2.061    clk_IBUF_BUFG
    SLICE_X90Y21         FDSE                                         r  FSM_onehot_state_reg[0]/C

Slack:                    inf
  Source:                 reset_n
                            (input port)
  Destination:            uart/tx_countdown_reg[2]/D
                            (rising edge-triggered cell FDRE clocked by sys_clk_pin  {rise@0.000ns fall@5.000ns period=10.000ns})
  Path Group:             (none)
  Path Type:              Hold (Min at Fast Process Corner)
  Data Path Delay:        1.637ns  (logic 0.300ns (18.305%)  route 1.337ns (81.695%))
  Logic Levels:           2  (IBUF=1 LUT6=1)
  Clock Path Skew:        2.074ns (DCD - SCD - CPR)
    Destination Clock Delay (DCD):    2.074ns
    Source Clock Delay      (SCD):    0.000ns
    Clock Pessimism Removal (CPR):    -0.000ns

    Location             Delay type                Incr(ns)  Path(ns)    Netlist Resource(s)
  -------------------------------------------------------------------    -------------------
    F22                                               0.000     0.000 r  reset_n (IN)
                         net (fo=0)                   0.000     0.000    reset_n
    F22                  IBUF (Prop_ibuf_I_O)         0.255     0.255 r  reset_n_IBUF_inst/O
                         net (fo=30, routed)          1.337     1.592    uart/reset_n_IBUF
    SLICE_X94Y52         LUT6 (Prop_lut6_I5_O)        0.045     1.637 r  uart/tx_countdown[2]_i_1/O
                         net (fo=1, routed)           0.000     1.637    uart/tx_countdown[2]_i_1_n_0
    SLICE_X94Y52         FDRE                                         r  uart/tx_countdown_reg[2]/D
  -------------------------------------------------------------------    -------------------

                         (clock sys_clk_pin rise edge)
                                                      0.000     0.000 r  
    Y9                                                0.000     0.000 r  clk (IN)
                         net (fo=0)                   0.000     0.000    clk
    Y9                   IBUF (Prop_ibuf_I_O)         0.446     0.446 r  clk_IBUF_inst/O
                         net (fo=1, routed)           0.719     1.165    clk_IBUF
    BUFGCTRL_X0Y0        BUFG (Prop_bufg_I_O)         0.029     1.194 r  clk_IBUF_BUFG_inst/O
                         net (fo=672, routed)         0.880     2.074    uart/clk_IBUF_BUFG
    SLICE_X94Y52         FDRE                                         r  uart/tx_countdown_reg[2]/C





